company_name,cik,s1_url,s1_filing_date,summary_snippet,classification,ipo_date,ticker,founding_year,ipo_year,sic,sic_description,ipo_date_source,reason
Verastem Inc,0001526119,,,"EXTRACTION FAILED, open s1_url directly",THERAPEUTICS,2012-01-26,VSTM,2010.0,2012.0,2834.0,Pharmaceutical Preparations,ritter_verified,
Meiragtx Holdings Plc,0001735438,https://www.sec.gov/Archives/edgar/data/1735438/000119312518162609/d544323ds1.htm,5/14/2018,"We are a vertically
integrated, clinical stage gene therapy company with four ongoing clinical programs and a broad pipeline of preclinical and research programs. We have core capabilities in viral vector design and optimization and gene therapy manufacturing, as well
as a potentially transformative gene regulation technology. Led by an experienced management team, we have taken a portfolio approach by licensing, acquiring and developing technologies that give us depth across both product candidates and
indications. Though initially focusing on the eye, salivary gland and central nervous system, we intend to expand our focus in the future to develop additional gene therapy treatments for patients suffering from a range of serious diseases. We operate a flexible and scalable viral vector manufacturing facility that we expect can supply our current clinical and preclinical programs
through regulatory approval and, should they be approved, provide sufficient capacity for commercial production. Completed in early 2018 and designed to meet global regulatory requirements, including the current good manufacturing practices, or
cGMP, required by the U.S. Food and Drug Administration, or FDA, our 29,000 square foot facility has two cell production suites, three independent viral vector production suites providing multi-product and multi-viral vector manufacturing
capabilities and an integrated, flexible fill-and-finish suite.",THERAPEUTICS,2018-06-08,MGTX,2015.0,2018.0,2836.0,"Biological Products, (No Diagnostic Substances)",ritter_verified,
Sutro Biopharma Inc,0001382101,https://www.sec.gov/Archives/edgar/data/1382101/000119312518262012/d553197ds1.htm,8/29/2018,"We are a clinical stage drug discovery, development and manufacturing company focused on leveraging our proprietary integrated cell-free protein
synthesis platform, XpressCF, to create a broad variety of optimally designed, next-generation protein therapeutics for cancer and autoimmune disorders. We aim to design therapeutics using the most potent modalities, including cytokine-based
immuno-oncology, or I/O, therapeutics, antibody-drug conjugates, or ADCs, and bispecific antibodies that are directed primarily against clinically validated targets where the current standard of care is suboptimal. We believe our platform allows us
to accelerate the discovery and development of potential first-in-class and best-in-class molecules by enabling the rapid and systematic evaluation of protein structure-activity relationships to create optimized homogeneous product candidates. Our mission is to transform the lives of patients by using our XpressCF Platform to create
medicines with improved therapeutic profiles for areas of unmet need. Our two most advanced product candidates are wholly owned: STRO-001, an ADC directed against CD74, for patients with multiple myeloma and non-Hodgkin lymphoma, or NHL, and STRO-002, an ADC
directed against folate receptor-alpha, or FolR a , for patients with ovarian and endometrial cancers. STRO-001 is
currently enrolling patients in a Phase 1 trial, with initial safety data expected in mid-2019. We plan to submit an investigational new drug, or IND, application for STRO-002 to the U.S. Food and Drug
Administration, or FDA, in the fourth quarter of 2018.",THERAPEUTICS,2018-09-26,STRO,2003.0,2018.0,2836.0,"Biological Products, (No Diagnostic Substances)",ritter_verified,
Vaccinex Inc,0001205922,https://www.sec.gov/Archives/edgar/data/1205922/000119312518214817/d515130ds1.htm,7/9/2018,"We are a
clinical-stage biotechnology company engaged in the discovery and development of targeted biotherapeutics to treat serious diseases and conditions with unmet medical needs, including cancer, neurodegenerative diseases, and autoimmune disorders. We
believe we are the leader in the field of semaphorin 4D, or SEMA4D, biology, and that we are the only company targeting SEMA4D as a potential treatment for cancer, neurodegenerative diseases, or autoimmune disorders. SEMA4D is an extracellular
signaling molecule that regulates the migration of immune and inflammatory cells to sites of injury, cancer or infection. We are leveraging our SEMA4D antibody platform and our extensive knowledge of SEMA4D biology to develop our lead product
candidate VX15/2503, or VX15, which we believe utilizes novel mechanisms of action. We are focused on the development of VX15 for the treatment of non-small cell lung cancer, or NSCLC, osteosarcoma, melanoma
and Huntington’s disease. We have developed multiple proprietary platform technologies and are developing product candidates to address serious diseases or conditions that have a substantial impact on day-to-day functioning and for which treatment is not addressed adequately by available therapies. We employ our proprietary platform technologies, including through our work with our academic collaborators,
to identify potential product candidates for sustained expansion of our internal product pipeline and to facilitate strategic development and commercial partnerships. In addition, we and our academic collaborators are using our Natural Killer T, or NKT, cell-based vaccine platform, which we refer to as our
NKT vaccine platform, to discover product candidates that target and extend the activity of NKT cells. NKT cells work directly to kill certain types of parasites and cells, including tumor cells and virus-infected cells. We are applying our agonists
to direct NKT cells to the site of tumors, potentially enhancing tumor-specific immunity through recruitment and activation of cytotoxic T cells and antibody-armed natural killer cells that will work to eradicate the tumor.",THERAPEUTICS,2018-08-09,VCNX,2001.0,2018.0,2834.0,Pharmaceutical Preparations,ritter_verified,
Liquidia Technologies Inc,0001819576,,,"EXTRACTION FAILED, open s1_url directly",THERAPEUTICS,2018-07-26,LQDA,2004.0,2018.0,2834.0,Pharmaceutical Preparations,ritter_verified,
Replimune Group Inc,0001737953,https://www.sec.gov/Archives/edgar/data/1737953/000104746918004714/a2236084zs-1.htm,6/22/2018,"We are a clinical-stage biotechnology company committed to applying our leading expertise in the field of oncolytic immunotherapy to transform
the lives of cancer patients. We use our proprietary Immulytic platform to design and develop product candidates that are intended to maximally activate the immune system against solid tumors. The
foundation of our platform consists of a proprietary, engineered strain of herpes simplex virus 1, or HSV-1, that has been ""armed"" with a fusogenic therapeutic protein intended to substantially
increase anti-tumor activity. Our platform enables us to design multiple product candidates that incorporate various further genes whose expression is intended to augment the inherent properties of
HSV-1 to both directly destroy tumor cells and induce an anti-tumor immune response. We
are currently conducting a Phase 1/2 clinical trial with our lead product candidate, RP1, in approximately 150 patients with a range of solid tumors. We have entered into a collaboration
with Bristol-Myers Squibb Company, or BMS, which is providing its anti-PD-1 therapy, nivolumab, for use in combination with RP1 in this clinical trial. The first part of this clinical trial is
underway in the United Kingdom and we intend to conduct the second part of the clinical trial, which will enroll patients with four solid tumor types, in both the United Kingdom and in the United
States pending the opening of an Investigational New Drug Application, or IND. We have also entered into a collaboration agreement with Regeneron Pharmaceuticals, Inc., or Regeneron, under
which we intend to conduct clinical development of our product candidates in combination with cemiplimab, an anti-PD-1 therapy being developed by Regeneron. The first planned clinical trial to be
conducted under that agreement is a randomized, controlled Phase 2 clinical trial of RP1 in combination with cemiplimab, versus cemiplimab alone, in approximately 240 patients with cutaneous
squamous cell carcinoma, or CSCC, which we intend to initiate in the first half of 2019. We are
designing this clinical trial to potentially support product registration. We also intend to initiate a clinical trial with our second product candidate, RP2, in additional tumor types in the first
half of 2019.",THERAPEUTICS,2018-07-20,REPL,2015.0,2018.0,2836.0,"Biological Products, (No Diagnostic Substances)",ritter_verified,
Crinetics Pharmaceuticals Inc,0001658247,https://www.sec.gov/Archives/edgar/data/1658247/000119312518201023/d588296ds1.htm,6/22/2018,"We are a clinical stage pharmaceutical company
focused on the discovery, development and commercialization of novel therapeutics for rare endocrine diseases and endocrine-related tumors. Endocrine pathways function to maintain homeostasis and commonly use peptide hormones acting through G
protein coupled receptors, or GPCRs, to regulate many aspects of physiology including growth, energy, metabolism, gastrointestinal function and stress responses. We have assembled a seasoned team with extensive expertise in drug discovery and
development in endocrine GPCRs and built a highly productive drug discovery organization. We have discovered a pipeline of oral nonpeptide (small molecule) new chemical entities that target peptide GPCRs to treat a variety of rare endocrine diseases
where treatment options have significant efficacy, safety and/or tolerability limitations. Our lead product candidate, CRN00808, is currently in clinical development for the treatment of acromegaly, and we are advancing additional product candidates
through preclinical studies in parallel. Our vision is to build the leading endocrine company which consistently pioneers new therapeutics to help patients better control their disease and improve their daily lives. We focus on the discovery and development of oral nonpeptide therapeutics that target peptide GPCRs with well understood biological functions, validated biomarkers
and the potential to substantially improve the treatment of endocrine diseases and/or endocrine-related tumors. All of our product candidates have been discovered and developed internally and we have retained global rights to commercialize our
product candidates and have no royalty or licensing obligations. The following table summarizes our product candidate pipeline and anticipated milestones.",THERAPEUTICS,2018-07-18,CRNX,2008.0,2018.0,2834.0,Pharmaceutical Preparations,ritter_verified,
Entera Bio Ltd,0001638097,,,"EXTRACTION FAILED, open s1_url directly",THERAPEUTICS,2018-06-28,ENTX,2010.0,2018.0,2836.0,"Biological Products, (No Diagnostic Substances)",ritter_verified,
Autolus Therapeutics Ltd,0001730463,https://www.sec.gov/Archives/edgar/data/1730463/000119312525116059/d938913ds1.htm,5/8/2025,"We have an FDA-approved commercial product, AUCATZYL/obe-cel (obecabtagene autoleucel) for the treatment of adult patients with r/r B-ALL. On November 8, 2024, the U.S. FDA granted marketing approval for AUCATZYL and we reported its commercial launch in January
2025. The U.K. Medicines and Healthcare products Regulatory Agency, or MHRA, granted AUCATZYL conditional marketing authorization in April 2025, and Autolus anticipates commercial launch in the United Kingdom in the second half of 2025. Obe-cel is under regulatory review in the European Union, or EU, for the treatment of r/r B-ALL, with marketing authorization submissions accepted by the European Medicines
Agency, orEMA, in April 2024, and the Company expects to receive notification of approval status from the EMA in the second half of 2025. Using our broad
suite of proprietary and modular T cell programming technologies, we are also developing five programs in seven hematological and solid tumor indications and one autoimmune indication. We are engineering precisely targeted, controlled and highly
active T cell therapies that are designed to better recognize target cells, break down their defense mechanisms and attack and eliminate these cells. We believe our programmed T cell therapies have the potential to be best-in-class and offer patients substantial benefits over the existing standard of care, including the potential for cure in some patients.",THERAPEUTICS,2018-06-21,AUTL,2014.0,2018.0,2836.0,"Biological Products, (No Diagnostic Substances)",ritter_verified,
Verrica Pharmaceuticals Inc,0001660334,https://www.sec.gov/Archives/edgar/data/1660334/000119312518170726/d361077ds1.htm,5/22/2018,"We are a clinical-stage
medical dermatology company focused on identifying, developing and commercializing innovative pharmaceutical products for the treatment of skin diseases with significant unmet needs. Our lead product candidate, VP-102, is a proprietary drug-device combination of our novel topical solution of cantharidin, a widely recognized, naturally sourced agent to treat topical dermatological conditions, administered through our single-use precision applicator. We are initially developing VP-102 for the treatment of molluscum contagiosum, or molluscum, a highly contagious and primarily pediatric viral
skin disease, and common warts. There are currently no products approved by the U.S. Food and Drug Administration, or FDA, nor is there an established standard of care for either of these diseases, resulting in significant undertreated populations
in two of the largest unmet needs in dermatology. In addition to patent protection we are seeking, VP-102 has the potential to be the first FDA-approved product for molluscum and for its active pharmaceutical
ingredient, or API, to be characterized as a new chemical entity, or NCE, with the five years of non-patent regulatory exclusivity associated with that designation. We also believe VP-102 has the potential to qualify for pediatric exclusivity, which
would provide for an additional six months of non-patent exclusivity. We have recently initiated two randomized, double-blind,
multicenter, placebo-controlled Phase 3 clinical trials of VP-102 for the treatment of molluscum, CAMP-1 and CAMP-2, and expect
to report top-line results from these trials in the first half of 2019. If the results from these trials are favorable, we plan to submit a new drug application, or NDA, to the FDA for VP-102 for the treatment of molluscum in 2019. CAMP-1 is being conducted under a special protocol assessment, or SPA, with the FDA. We are also enrolling patients in a
Phase 2 clinical trial of VP-102 for the treatment of common warts. We expect to report top-line results from this trial in the first half of 2019. We retain exclusive, royalty-free rights to our product
candidates across all indications.",THERAPEUTICS,2018-06-15,VRCA,2013.0,2018.0,2834.0,Pharmaceutical Preparations,ritter_verified,
Scholar Rock Holding Corp,0001727196,https://www.sec.gov/Archives/edgar/data/1727196/000104746918003300/a2235501zs-1.htm,4/27/2018,"We are a biopharmaceutical company focused on the discovery and development of innovative medicines for the treatment of serious diseases in which signaling by
protein growth factors plays a fundamental role. Our newly elucidated understanding of the molecular mechanisms of growth factor activation enabled us to develop a proprietary platform for the
discovery and development of monoclonal antibodies that locally and selectively target these signaling proteins at the cellular level. We believe this approach, acting in the disease microenvironment,
avoids the historical challenges associated with inhibiting growth factors for therapeutic effect. We believe our focus on biologically validated growth factors may facilitate a more efficient
development path. We are advancing our lead product candidate, SRK-015, a selective first-in-class inhibitor of the activation of the growth factor myostatin in skeletal muscle, into clinical
development for the treatment of spinal muscular atrophy, or SMA. We expect to initiate a Phase 1 clinical trial in the second quarter of 2018. Utilizing our proprietary platform, we are also
creating a pipeline of novel product candidates with the potential to transform the lives of patients suffering from a wide range of serious diseases, including other neuromuscular disorders, cancer,
fibrosis and anemia. Our proprietary platform is designed to discover and develop monoclonal antibodies that have a high degree of specificity to achieve selective modulation of
growth factor signaling. Growth factors are naturally occurring proteins that typically act as signaling molecules between cells and play a fundamental role in regulating a variety of normal cellular
processes, including cell growth and differentiation. Current therapeutic approaches to treating diseases in which growth factors play a fundamental role involve directly targeting an active growth
factor or its receptor systemically throughout the body and have suffered from a variety of shortcomings:",THERAPEUTICS,2018-05-24,SRRK,2012.0,2018.0,2836.0,"Biological Products, (No Diagnostic Substances)",ritter_verified,
Kodiak Sciences Inc,0001468748,https://www.sec.gov/Archives/edgar/data/1468748/000119312518269221/d516071ds1.htm,9/7/2018,"We are a clinical stage biopharmaceutical company specializing in novel therapeutics to treat chronic, high-prevalence retinal diseases. Our
most advanced product candidate is KSI-301, a biologic therapy built with our antibody biopolymer conjugate, or ABC, platform, which is designed to maintain potent and effective drug levels in ocular tissues.
We believe that KSI-301, if approved, has the potential to become an important anti-VEGF therapy in wet age-related macular degeneration, or wet AMD, and diabetic
retinopathy, or DR. KSI-301 and our ABC Platform were developed at Kodiak, and we own worldwide rights to those assets, including composition of matter patent protection for KSI-301. We have applied our ABC Platform to develop additional product candidates beyond KSI-301, including KSI-501, our bispecific anti-IL-6/VEGF bioconjugate. We intend to progress these and other product
candidates to address high-prevalence ophthalmic diseases. We initiated our first-in-human, Phase 1 clinical study of KSI-301 in the
United States in nine patients in July 2018. We have successfully dosed all patients at the pre-planned dose levels and reached the primary safety and tolerability endpoint of the study. No patients in the Phase 1 study have experienced any serious
adverse events. There have been no drug-related adverse events, no dose limiting toxicities and, notably, no intraocular inflammation observed at any dose. Improvements in best corrected visual acuity, or BCVA, and reductions in macular thickness on
optical coherence tomography imaging, or OCT, have been observed at all dose levels. This suggests that KSI-301, a large antibody biopolymer conjugate, is biologically active at all dose levels tested. Having successfully met the primary endpoint of
safety and tolerability in the Phase 1 study, with the additional observations around bioactivity, we plan to further evaluate the highest dose tested of KSI-301, 5 mg, in a series of global studies in wet AMD and DR, including diabetic macular
edema, or DME.",THERAPEUTICS,2018-10-04,KOD,2009.0,2018.0,2836.0,"Biological Products, (No Diagnostic Substances)",ritter_verified,
Kiniksa Pharmaceuticals LTD,0001730430,https://www.sec.gov/Archives/edgar/data/1730430/000104746918003293/a2235339zs-1.htm,4/27/2018,"We are a clinical-stage biopharmaceutical company focused on discovering, acquiring, developing and commercializing therapeutic medicines for
patients suffering from debilitating diseases with significant unmet medical need. We have a pipeline of product candidates across various stages of development, currently focused on autoinflammatory
and autoimmune conditions. We have three clinical-stage product candidates, one of which is anticipated to commence a Phase 3 clinical trial in 2018. We follow a disciplined and methodical
approach to selectively identify and acquire product candidates with strong biologic rationales or validated mechanisms of action. We believe that each of our product candidates has the potential to
address multiple indications. efforts
for mavrilimumab on giant cell arteritis, or GCA, an inflammatory disease of the blood vessels with unmet medical need that can lead to blindness if left untreated. MedImmune Limited, or
MedImmune, initially developed mavrilimumab for the treatment of rheumatoid arthritis, or RA.
MedImmune's Investigational New Drug application, or IND, for the clinical development of mavrilimumab for the treatment of RA was initially put on clinical hold in 2010 before human data had been
generated due to certain effects that were observed in non-clinical studies, which coincides with a theoretical risk of developing pulmonary alveolar proteinosis, or PAP, possibly in the setting of
GM-CSF inhibition. Since then, in 2014, the FDA acknowledged that clinical studies in refractory RA may be appropriate based on MedImmune's clinical studies in Europe in which it dosed over 550 RA
patients with mavrilimumab and generated an aggregate of over 900 patient years of exposure with no evidence of PAP. Patient years of exposure is a statistical measure of cumulative drug exposure and
reflects the total number of years that the RA patients in these studies were treated with mavrilimumab in the aggregate. MedImmune has since withdrawn the IND for mavrilimumab for the treatment of
RA. We intend to develop mavrilimumab for the treatment of GCA under a new IND in the United States and new Clinical Trial Application, or CTA, in Europe, and plan to initiate a Phase 2
clinical trial in 2018.",THERAPEUTICS,2018-05-24,KNSA,2015.0,2018.0,2834.0,Pharmaceutical Preparations,ritter_verified,
Genprex,0001595248,https://www.sec.gov/Archives/edgar/data/1595248/000118518517001576/genprex-s1.htm,7/21/2017,"Prior to this offering, there has been no public market for our common stock. It is currently estimated that the initial public offering price per share will be between $           and $          . We have applied to list the common stock on the Nasdaq Capital Market under the symbol “GNPX”. If the application is approved, trading of our common stock on the Nasdaq Capital Market is expected to begin within five days after the initial issuance of the common stock. If our common stock is not approved for listing on the Nasdaq Capital Market, we will not consummate this offering. (2) We estimate the total expenses of this offering, excluding the underwriting commissions, will be approximately $                    if all shares are sold in this offering. Because this is a best efforts offering, the actual public offering amount, underwriting commissions and proceeds to us are not presently determinable and may be substantially less than the total maximum offering set forth above.",THERAPEUTICS,2018-03-29,GNPX,2009.0,2018.0,2834.0,Pharmaceutical Preparations,ritter_verified,
Arcus Biosciences Inc,0001724521,https://www.sec.gov/Archives/edgar/data/1724521/000119312518048700/d317356ds1.htm,2/16/2018,"We are a clinical-stage biopharmaceutical company focused on creating innovative cancer immunotherapies by leveraging underexploited
biological opportunities. Specifically, we target well-characterized biological pathways with significant scientific data supporting their importance in regulating the immune response against cancer and for which either there are no molecules in
development or those that exist have suboptimal profiles. To exploit these pathways, we have built a robust and highly efficient discovery capability to create and optimize highly differentiated small-molecule immuno-oncology product candidates.
Since our inception in 2015, we have built a broad portfolio of small-molecule and antibody product candidates that we plan to develop together as intra-portfolio combinations. We have initiated clinical trials for our two most advanced product
candidates, both of which are expected to generate data in 2018, and we expect clinical data from our first intra-portfolio combinations in the first half of 2019. We plan to advance two additional product candidates into clinical trials by the end
of 2018. Members of the Arcus team have worked together for more than 10 years discovering innovative small-molecule product candidates while at companies such as Tularik Inc., Amgen, Inc. and Flexus Biosciences, Inc. Our initial focus is on the ATP-adenosine pathway, a key driver of immunosuppression in the tumor microenvironment.
Decades of scientific research have demonstrated that extracellular adenosine, generated by the CD73 enzyme, acts as a powerful inhibitor of immune cell activity. The compelling therapeutic rationale for inhibition of the ATP-adenosine pathway has led several companies to repurpose for oncology existing adenosine A 2a R receptor antagonists that were originally designed for the
treatment of central nervous system indications. We believe our lead product candidate, AB928, which we designed using our small-molecule discovery capability, is the first adenosine receptor antagonist that effectively blocks the adenosine receptor
in the tumor microenvironment and potently inhibits both the adenosine 2a receptor (A 2a R) and the adenosine 2b receptor (A 2b R). Our in
vitro studies have demonstrated that AB928 reverses adenosine-induced immunosuppression and inhibits the A 2a R and A 2b R receptors more
potently and effectively than the other adenosine receptor antagonists in clinical development. In addition to AB928, we have created a sma",THERAPEUTICS,2018-03-15,RCUS,2015.0,2018.0,2834.0,Pharmaceutical Preparations,ritter_verified,
Bioxcel Therapeutics Inc,0001720893,https://www.sec.gov/Archives/edgar/data/1720893/000104746918000756/a2234454zs-1.htm,2/12/2018,"We are a clinical stage biopharmaceutical company focused on drug development that utilizes novel artificial intelligence, or AI, to identify
the next wave of medicines across neuroscience and immuno-oncology. Our drug re-innovation approach leverages existing approved drugs and/or clinically validated product candidates together with big
data and proprietary machine learning algorithms to identify new therapeutic indices. We believe that this differentiated approach has the potential to reduce the cost and time of drug development in
diseases with substantial unmet medical need. Our two most advanced clinical development programs are BXCL501, a sublingual thin film formulation of dexmedetomidine, or Dex, designed for acute
treatment of agitation resulting from neurological and psychiatric disorders, and BXCL701, an immuno-oncology agent designed for treatment of a rare form of prostate cancer and for treatment of
pancreatic cancer. We initiated a Phase 1b pharmacokinetic/pharmacodynamic, or PK/PD, safety study using the IV formulation of Dex in mild probable Alzheimer's Disease, or AD, in December 2017
and we plan to initiate a Phase 1b PK/PD safety study using the IV formulation of Dex in schizophrenia patients in the first half of 2018. We expect to report data from both studies by the
second half of 2018. We also intend to commence Phase 2 proof of concept, or PoC, open label clinical trials in 2018 for both programs. We expect that a data readout from the planned
Phase 2 PoC clinical trials for the BXCL501 program will be available by the end of 2018, potentially leading to the start of registration trials, and that preliminary data from the planned
Phase 2 PoC clinical trial of BXCL701 will be available in the first half of 2019. We retain global development and commercialization rights to these two programs. We
were formed to develop first-in-class, high value therapeutics by leveraging EvolverAI, a research and development engine created and owned by our parent, BioXcel Corporation, or
BioXcel. We believe the combination of our therapeutic area expertise and our ability to generate product candidates through our exclusive collaborative relationship with BioXcel in the areas of
neuroscience and immuno-oncology gives us a significant competitive advantage. EvolverAI was developed over the last decade and integrates millions of fragmented data points using artificial
intelligence and proprietary machine learning algorithms. After evaluating multiple p",THERAPEUTICS,2018-03-08,BTAI,2017.0,2018.0,2834.0,Pharmaceutical Preparations,ritter_verified,
Evolus Inc,0001570562,https://www.sec.gov/Archives/edgar/data/1570562/000157056218000008/evoluss-1.htm,1/9/2018,"We are offering           shares of our common stock. This is our initial public offering and no public market currently exists for our common stock. We expect the initial public offering price to be between $       and $         per share. We have applied to list our common stock on the Nasdaq Global Market, or Nasdaq, under the symbol “EOLS.” Upon completion of this offering, our parent company, ALPHAEON Corporation, or ALPHAEON, will own            shares of our outstanding common stock, representing approximately        % of the total voting power of our outstanding common stock (or approximately        % of the total voting power of our outstanding common stock, if the underwriters exercise in full their option to purchase additional shares of our common stock in this offering). As a result of ALPHAEON’s ownership of our common stock following this offering, we will be a “controlled company” under the listing requirements of Nasdaq, or the Nasdaq Marketplace Rules, and expect to take advantage of the “controlled company” exemptions under the Nasdaq Marketplace Rules. See “Management—Controlled Company.”",THERAPEUTICS,2018-02-08,EOLS,2012.0,2018.0,2834.0,Pharmaceutical Preparations,ritter_verified,
Sol-Gel Technologies Ltd,0001684693,,,"EXTRACTION FAILED, open s1_url directly",THERAPEUTICS,2018-02-01,SLGL,1997.0,2018.0,2834.0,Pharmaceutical Preparations,ritter_verified,
Solid Biosciences LLC,0001707502,https://www.sec.gov/Archives/edgar/data/1707502/000119312517383428/d404258ds1.htm,12/29/2017,"Our mission is to cure Duchenne
muscular dystrophy, or DMD, a genetic muscle-wasting disease predominantly affecting boys, with symptoms that usually manifest between three and five years of age. DMD is a progressive, irreversible and ultimately fatal disease that affects
approximately one in every 3,500 to 5,000 live male births and has an estimated prevalence of 10,000 to 15,000 cases in the United States alone. DMD is caused by mutations in the dystrophin gene, which result in the absence or near-absence of
dystrophin protein. Dystrophin protein works to strengthen muscle fibers and protect them from daily wear and tear. Without functioning dystrophin and certain associated proteins, muscles suffer excessive damage from normal daily activities and
are unable to regenerate, leading to the build-up of fibrotic, or scar, and fat tissue. There is no cure for DMD and, for the vast majority of patients, there are no satisfactory symptomatic or
disease-modifying treatments. Our lead product candidate, SGT-001, is a gene transfer under development to restore functional dystrophin protein expression in patients’ muscles. Based on our preclinical
program that included multiple animal species of different phenotypes and genetic variations, we believe the mechanism of action of SGT-001, if our clinical trials prove to be successful, has the potential to slow or even halt the progression of
DMD, regardless of the type of genetic mutation or stage of the disease. SGT-001 has been granted
Rare Pediatric Disease Designation, or RPDD, in the United States and Orphan Drug Designations in both the United States and European Union. The safety and efficacy of SGT-001 are currently being evaluated in a Phase I/II clinical trial.",THERAPEUTICS,2018-01-26,SLDB,2013.0,2018.0,2836.0,"Biological Products, (No Diagnostic Substances)",ritter_verified,
Cue Biopharma Inc,0001645460,https://www.sec.gov/Archives/edgar/data/1645460/000114420417048994/v475194_s1.htm,9/21/2017,"This is an initial public offering of our common
stock.  We expect the public offering price to be between $6.00 and $8.00 per share.  There is presently no
public market for our common stock.  We intend to apply to list our common stock on the Nasdaq Capital Market under the
symbol “CUE,” which listing we expect to occur upon consummation of this offering. We are an innovative biopharmaceutical company
developing a novel and proprietary class of biologic drugs for the selective modulation of the human immune system to treat a broad
range of cancers and autoimmune disorders. While currently in preclinical development, we believe our CUE Biologics™ platform
provides a potentially transformative solution to the challenges facing prevailing immunotherapeutics. By directly engaging and
modulating disease relevant T cells in the patient’s body, we believe our biologic drug candidates will be able to realize
the true potential of immune modulation. Through our proprietary CUE Biologics™ platform, we believe we are uniquely positioned
to become a prominent and leading player in immuno-oncology, immunotherapy and autoimmune disease. Our proprietary platform is
intended to allow us to efficiently design and develop drug candidates that specifically and selectively engage and modulate disease
relevant T cells, providing therapeutic advantages while minimizing or eliminating the unwanted side effects. We have been aggressively
seeking patent protection for our pioneering innovations and, combined with a license agreement with the Albert Einstein College
of Medicine (“Einstein”), continue to build a robust intellectual property portfolio. This portfolio includes our core
technology platform for the engineering of biologics to selectively control T cell activity, which we call CUE Biologics™,
a growing portfolio of precision immuno-modulatory drug candidates, and two supporting technologies we call MOD ä and viraTope ä that enable the discovery of costimulatory signaling molecules (ligands)
and T cell targeting peptides, respectively.",THERAPEUTICS,2018-01-02,CUE,2014.0,2018.0,2834.0,Pharmaceutical Preparations,ritter_verified,
Denali Therapeutics Inc,0001714899,https://www.sec.gov/Archives/edgar/data/1714899/000119312517340997/d445892ds1.htm,11/13/2017,"Neurodegeneration represents one of the most significant unmet medical needs of our time, with few effective therapeutic options available for patients
with Alzheimer’s disease, Parkinson’s disease, amyotrophic lateral sclerosis, or ALS, and other neurodegenerative diseases. We believe the time is right to make a strong and ambitious effort to defeat neurodegeneration. Recent genetic
insights are revealing the underlying biology of neurodegeneration and potential drug targets while enabling better patient selection, similar to how genetic insights have transformed the field of oncology. Identifying and selecting targets based on
validated genetic drivers of neurodegeneration is a core principle of our strategy. The second core principle of our strategy is to develop medicines that effectively cross the blood-brain barrier, or BBB, and target the brain. We have engineered a
proprietary BBB platform technology that we believe will enable therapeutically relevant concentrations of our product candidates in the brain. The third core principle of our strategy is to develop and use biomarkers for better patient selection
and demonstration of target and pathway engagement of our product candidates. By executing this strategy with a team of experienced and passionately dedicated scientists and drug developers, we believe we can succeed in a field that has seen limited
progress over the past several decades. We commenced operations in May 2015 and recently began our first clinical trials. We have assembled a team with deep scientific, clinical, business and leadership experience and expertise in biotechnology, and specifically in
neurodegenerative diseases, who worked together at Genentech for many years prior to the founding of Denali. Our Co-Founder and Chief Executive Officer, Ryan J. Watts, Ph.D., is a world-leading drug developer and neuroscientist, with particular
expertise in BBB therapeutic delivery. Dr. Watts most recently led the neuroscience research team at Genentech and has led multiple discovery teams, including programs in Alzheimer’s disease, Parkinson’s disease and ALS. Our
Co-Founder and Chief Operating Officer, Alexander O. Schuth, M.D., held various operational and leadership roles at Genentech for nearly ten years, including leading the partnering groups for neuroscience as well as technology innovation and
diagnostics. Dr. Schuth has led more than 35 partnering transactions and a clinical stage development program. Our Co-Founder and director,",THERAPEUTICS,2017-12-08,DNLI,2015.0,2017.0,2836.0,"Biological Products, (No Diagnostic Substances)",ritter_verified,
InflaRx NV (Fireman BV?),0001708688,,,"EXTRACTION FAILED, open s1_url directly",THERAPEUTICS,2017-11-08,IFRX,2007.0,2017.0,2834.0,Pharmaceutical Preparations,ritter_verified,
Spero Therapeutics Inc,0001701108,https://www.sec.gov/Archives/edgar/data/1701108/000119312517305888/d431217ds1.htm,10/6/2017,"We are a multi-asset,
clinical-stage biopharmaceutical company focused on identifying, developing and commercializing novel treatments for multi-drug resistant bacterial infections. Our most advanced product candidate, SPR994, is designed to be the first broad-spectrum
oral carbapenem-class antibiotic for use in adults to treat multi-drug resistant, or MDR, Gram-negative infections. Treatment with effective orally administrable antibiotics may prevent hospitalizations for serious infections and enable earlier,
more convenient and cost-effective treatment of patients after hospitalization. We also have a platform technology known as our Potentiator Platform that we believe will enable us to develop drugs that will expand the spectrum and potency of
existing antibiotics, including formerly inactive antibiotics, against Gram-negative bacteria. Our lead product candidates generated from our Potentiator Platform are two intravenous, or IV,-administered agents, SPR741 and SPR206, designed to treat
MDR Gram-negative infections in the hospital setting. In addition, we are developing SPR720, an oral antibiotic designed for the treatment of pulmonary non-tuberculous mycobacterial infections. We believe that
our novel product candidates, if successfully developed and approved, would have a meaningful patient impact and significant commercial applications for the treatment of MDR infections in both the community and hospital settings. Antibiotic-resistant bacteria are one of the largest threats to global health, and their prevalence is increasing. While the majority of
life-threatening infections historically resulting from antibiotic-resistant bacteria are acquired in the hospital setting, there is an increasing incidence of MDR pathogens in the community setting. Antibiotics used currently for first-line empiric
treatment of MDR bacterial infections suffer from significant limitations and risks, including narrow spectrums of coverage and safety and tolerability concerns, and they can be associated with serious adverse effects. In addition, there are no oral
antibiotics commercially available that can reliably be used in adults with MDR Gram-negative bacterial infections, which limits the ability of physicians to prevent hospitalizations and transition patients home from the hospital after receiving IV-administered therapy. This increasing prevalence of drug resistance and MDR Gram-negative bacteria, as well as the limitations of existing therapies and traditional dr",THERAPEUTICS,2017-11-02,SPRO,2013.0,2017.0,2834.0,Pharmaceutical Preparations,ritter_verified,
Rhythm Pharmaceuticals Inc,0001649904,https://www.sec.gov/Archives/edgar/data/1649904/000104746917005536/a2233117zs-1.htm,9/5/2017,"We are a biopharmaceutical company focused on the development and commercialization of peptide therapeutics for the treatment of rare genetic
deficiencies that result in life-threatening metabolic disorders. Our lead peptide product candidate is setmelanotide, a potent, first-in-class melanocortin-4 receptor, or MC4R, agonist for the
treatment of rare genetic disorders of obesity. We believe setmelanotide, for which we have exclusive worldwide rights, has the potential to serve as replacement therapy for the treatment of
melanocortin-4, or MC4, pathway deficiencies. MC4 pathway deficiencies result in the disruption of satiety signals and energy homeostasis in the body, which, in turn, leads to intense feelings of
hunger and to obesity. Our development efforts are initially focused on obesity related to six single gene-related, or monogenic, MC4 pathway deficiencies—pro-opiomelanocortin, or POMC,
leptin receptor, or LepR, Bardet-Biedl syndrome, Alström syndrome, POMC heterozygous, and POMC epigenetic disorders—for which there are currently no effective or approved
treatments. We believe that the MC4 pathway is a compelling target for treating these genetic disorders because of its critical role in regulating appetite and weight by promoting satiety and weight
control, and that peptide therapeutics are uniquely suited for activating this target. We
have demonstrated proof of concept in Phase 2 clinical trials in POMC deficiency obesity, LepR deficiency obesity, and Bardet-Biedl syndrome, three genetic disorders of extreme
and unrelenting appetite and obesity, in which setmelanotide dramatically reduced both weight and hunger. The U.S. Food and Drug Administration, or FDA, has acknowledged the importance of this
preliminary clinical evidence by giving setmelanotide breakthrough therapy designation for the treatment of obesity associated with genetic defects upstream of the MC4 receptor in the
leptin-melanocortin pathway, which includes both POMC deficiency obesity and LepR deficiency obesity. Setmelanotide is currently in Phase 3 development for POMC deficiency obesity and LepR
deficiency obesity. We are currently
enrolling patients in our POMC deficiency obesity Phase 3 clinical trial. We expect to complete enrollment by the end of 2017 and to report Phase 3 data in the first half of 2019. We
expect to enroll the first patient in our LepR deficiency obesity Phase 3 clinical trial in the second half of 2017, and to complete enrollment in 2018. We recently dem",THERAPEUTICS,2017-10-05,RYTM,2013.0,2017.0,2834.0,Pharmaceutical Preparations,ritter_verified,
Arvinas Holding Co LLC,0001655759,https://www.sec.gov/Archives/edgar/data/1655759/000119312518262944/d564688ds1.htm,8/30/2018,"We are a
biopharmaceutical company dedicated to improving the lives of patients suffering from debilitating and life-threatening diseases through the discovery, development and commercialization of therapies to degrade disease-causing proteins. We use our
proprietary technology platform to engineer proteolysis targeting chimeras, or PROTACs, that are designed to harness the body’s own natural protein disposal system to selectively and efficiently degrade and remove disease-causing proteins. We
believe that our targeted protein degradation approach is a new therapeutic modality that may provide distinct advantages over existing modalities, including traditional small molecule therapies and gene-based medicines. Our small molecule PROTAC
technology has the potential to address a broad range of intracellular disease targets, including those representing the up to 80% of proteins that cannot be addressed by existing small molecule therapies, commonly referred to as undruggable
targets. We are using our PROTAC platform to build an extensive pipeline of protein degradation product candidates to target diseases in a wide range of organ systems and tissues. We are preparing to advance our lead product candidates, ARV-110 and ARV-471, into Phase 1 clinical trials. We expect to initiate a Phase 1 clinical trial for ARV-110 in men with
metastatic castration-resistant prostate cancer, or mCRPC, in the first quarter of 2019 and a Phase 1 clinical trial for ARV-471 in women with metastatic ER positive / HER2 negative breast cancer, or ER+
breast cancer, in mid-2019. Human cells produce tens of thousands of different proteins, the entirety of which is referred to as the proteome.
Proteins are responsible for many structural, functional and regulatory processes in cells, but when they are overexpressed or mutated a wide variety of diseases can result. When proteins become old, mutated, misfolded or simply have served their
purpose, they are naturally degraded by the body through the ubiquitin proteasome system in which cells mark or tag a particular protein for disposal by attaching several molecules of the small regulatory protein ubiquitin to the protein to be
disposed. A key step of this process is the transfer of ubiquitin to a specific target protein by an E3 ubiquitin ligase, or E3 ligase. Once the target protein is sufficiently ubiquitinated, the proteasome recognizes and degrades the protein.",THERAPEUTICS,2018-09-27,ARVN,2015.0,2018.0,2834.0,Pharmaceutical Preparations,ritter_verified,
Equillium,0001746466,https://www.sec.gov/Archives/edgar/data/1746466/000119312518275420/d582934ds1.htm,9/17/2018,"We are a biotechnology company leveraging deep understanding of immunobiology to develop products for severe autoimmune and inflammatory, or immuno-inflammatory,
disorders with high unmet medical need. Our initial product candidate, EQ001 (itolizumab), is a clinical-stage, first-in-class monoclonal antibody that selectively
targets the novel immune checkpoint receptor CD6. CD6 plays a central role in the modulation of effector T cells, or T eff cells. Activated T eff cells drive a number of immuno-inflammatory diseases across therapeutic areas including transplant science, systemic autoimmunity, pulmonary, neurologic, gastrointestinal, renal, vascular,
ophthalmic and dermatologic disorders. Therefore, we believe EQ001 may have broad therapeutic utility in treating a large and diverse set of severe immuno-inflammatory diseases. Our pipeline is focused on developing EQ001 as a potentially best-in-class, disease modifying treatment for multiple severe immuno-inflammatory disorders. We plan to initiate a Phase 1b/2 clinical trial of EQ001 for the treatment of
acute graft-versus-host disease, or aGVHD, in early 2019, and expect top-line data from the Phase 1b part of this trial within 12 months of initiation. Our Investigational New Drug application, or IND, with the U.S. Food and Drug Administration, or
FDA, for aGVHD was accepted in July 2018. Additionally, in the first half of 2019, we plan to commence a Phase 2 clinical trial of EQ001 for the treatment of chronic graft-versus-host disease, or cGVHD, initiate a proof-of-concept clinical trial for the treatment of severe asthma and select one or more additional indications for future development. The following chart summarizes our initial development plans for
EQ001.",THERAPEUTICS,2018-10-12,EQ,2017.0,2018.0,2834.0,Pharmaceutical Preparations,ritter_verified,
Krystal Biotech Inc,0001711279,https://www.sec.gov/Archives/edgar/data/1711279/000119312517263771/d403532ds1.htm,8/21/2017,"We are a gene therapy company
dedicated to developing and commercializing novel treatments for patients suffering from dermatological diseases. We have developed a proprietary gene therapy platform, which we refer to as the Skin TARgeted Delivery platform, or STAR-D platform,
that consists of a patent pending engineered viral vector based on herpes simplex virus 1, or HSV-1, and skin-optimized gene transfer technology, to develop off-the-shelf treatments for dermatological diseases for which we believe there are no known
effective treatments. We are initially using the STAR-D platform to develop treatments for rare or orphan dermatological indications caused by the absence of or a mutation in a single gene, and plan to leverage our platform to expand our pipeline to
include other dermatological indications in the future. Our lead product candidate, KB103, is currently in preclinical development to
treat dystrophic epidermolysis bullosa, or DEB, a rare and severe genetic disease, for which there is currently no approved treatment. DEB affects the skin and mucosal tissues, and is caused by one or more mutations in a gene called COL7A1, which is
responsible for the formation of protein type VII collagen, or COL7, that forms anchoring fibrils that bind the dermis, or inner layer of the skin, to the epidermis, or outer layer of the skin. KB103 is a replication-defective, non-integrating viral
vector that has been engineered employing our STAR-D platform to deliver functional human COL7A1 genes directly to the patients’ dividing and non-dividing skin cells. Non-integrating viral vectors do not integrate into the host DNA, eliminating
the risk of disrupting the expression of essential host cell genes and the cancer-causing risks such disruptions could create. Preclinical studies evaluating intradermal and topical delivery of KB103 have been completed, and have demonstrated
successful introduction of a functional COL7A1 gene to the host cells and subsequent expression of COL7. We intend to file an Investigational New Drug, or IND, application for KB103 with the U.S. Food and Drug Administration, or FDA, in the first
quarter of 2018.",THERAPEUTICS,2017-09-20,KRYS,2015.0,2017.0,2836.0,"Biological Products, (No Diagnostic Substances)",ritter_verified,
CNS Pharmaceuticals Inc,0001729427,https://www.sec.gov/Archives/edgar/data/1729427/000168316819002054/cns_s1.htm,6/28/2019,"Prior to this offering, there has been no
public market for our common stock. It is currently estimated that the initial public offering price per share will be between
$4.00 and $5.00. We intend to list the common stock on the NASDAQ Capital Market under the symbol “CNSP”. If our common
stock is not approved for listing on the NASDAQ Capital Market, we will not consummate this offering. We are a preclinical stage pharmaceutical
company organized as a Nevada corporation in July 2017 to focus on the development of anticancer drug candidates for the treatment
of primary and metastatic brain and central nervous system tumors, based on intellectual property that we license under an Amended
and Restated Patent License Agreement with Houston Pharmaceuticals, Inc. (“HPI”) and own pursuant to a collaboration
and asset purchase agreement with Reata Pharmaceuticals, Inc. (“Reata”). Dr. Waldemar Priebe, our founder and largest
shareholder, controls HPI.",THERAPEUTICS,2019-11-08,CNSP,2017.0,2019.0,2834.0,Pharmaceutical Preparations,ritter_verified,
Galera Therapeutics Inc,0001563577,https://www.sec.gov/Archives/edgar/data/1563577/000119312519266859/d692555ds1.htm,10/11/2019,"We are a clinical stage
biopharmaceutical company focused on developing and commercializing a pipeline of novel, proprietary therapeutics that have the potential to transform radiotherapy in cancer. We leverage our expertise in superoxide dismutase mimetics to design drugs
to reduce normal tissue toxicity from radiotherapy and to increase the anti-cancer efficacy of radiotherapy. Our lead product candidate, GC4419, is a potent and highly selective small molecule dismutase mimetic we are initially developing for the
reduction of severe oral mucositis, or SOM. SOM is a common, debilitating complication of radiotherapy in patients with head and neck cancer, or HNC. The U.S. Food and Drug Administration, or FDA, has granted Breakthrough Therapy Designation to
GC4419 for the reduction of the duration, incidence and severity of SOM induced by radiotherapy. In October 2018, we began evaluating GC4419 in a Phase 3 registrational trial and we expect to report top-line data from this trial in the first half of 2021. We believe GC4419, which to date is not approved for any indication, has the potential to be the first FDA-approved drug and the standard of care for the
reduction of SOM in patients with HNC receiving radiotherapy, and we plan to further evaluate its use in other radiotherapy-induced toxicities. We demonstrated proof-of-concept with GC4419 in SOM in a
randomized, double-blinded, placebo-controlled 223-patient Phase 2b trial. In the trial, GC4419 met the primary endpoint by demonstrating a 92% reduction in the median duration of SOM in the 90 mg treatment
arm as compared to placebo, which was statistically significant and consistent with the results of our Phase 1b/2a SOM trial. Key secondary endpoints evaluating the incidence and severity of SOM also demonstrated substantial dose-dependent
reductions of 34% and 47%, respectively, in the 90 mg treatment arm, and GC4419 was well tolerated in this trial. In addition, in this trial, the anti-cancer efficacy of radiotherapy was maintained through one year when combined with GC4419.",THERAPEUTICS,2019-11-07,GRTX,2012.0,2019.0,2834.0,Pharmaceutical Preparations,ritter_verified,
Cabaletta Bio Inc,0001759138,https://www.sec.gov/Archives/edgar/data/1759138/000119312519258869/d686907ds1.htm,9/30/2019,"We are a clinical-stage
biotechnology company focused on the discovery and development of engineered T cell therapies for B cell-mediated autoimmune diseases. Our proprietary technology utilizes c himeric a uto a ntibody r eceptor, or CAAR,
T cells that are designed to selectively bind and eliminate B cells that produce disease-causing autoantibodies, or pathogenic B cells, while sparing normal B cells. Our lead CAAR T cell product candidate was designed based
on chimeric antigen receptor, or CAR, T cell technology that has been successfully developed and is marketed for the treatment of B cell cancers. We believe our technology, in combination with our proprietary C abaletta A pproach
for selective B cell A blation platform, called our CABA platform, has applicability across over two dozen B cell-mediated autoimmune diseases that we have identified, reviewed and prioritized. During the past two years, using
our CABA platform, we have discovered and developed four product candidates, including our lead product candidate, to potentially treat patients with mucosal pemphigus vulgaris, or mPV, and three additional product candidates that have demonstrated
specific and selective target engagement in vitro . In order to accelerate product development for our lead program and to access a proven cell therapy manufacturing platform, we have entered into a collaboration with the University of
Pennsylvania, or Penn. We hold multiple agreements with Penn to develop CAAR T cell therapies for the treatment of these diseases. Our goal is to leverage our team’s expertise in autoimmunity and engineered T cell therapy and our Penn
collaboration to rapidly discover and develop our portfolio of CAAR T product candidates. Our initial focus is on pemphigus
vulgaris, or PV, which is an autoimmune blistering skin disease. We submitted an Investigational New Drug application, or IND, to the U.S. Food and Drug Administration, or the FDA, in August 2019. Our IND was accepted in September 2019, and we plan
to advance our lead product candidate, DSG3-CAART, into a Phase 1 trial for the treatment of mPV in 2020. We are also advancing additional product candidates currently in discovery-stage or preclinical development for the treatment of
muscle-specific kinase myasthenia gravis, or MuSK MG, mucocutaneous PV, or mcPV, and Hemophilia A with Factor VIII, or FVIII, alloantibodies.",THERAPEUTICS,2019-10-25,CABA,2017.0,2019.0,2836.0,"Biological Products, (No Diagnostic Substances)",ritter_verified,
Phathom Pharmaceuticals Inc,0001783183,https://www.sec.gov/Archives/edgar/data/1783183/000119312519258922/d63338ds1.htm,9/30/2019,"We are a late clinical-stage biopharmaceutical company focused on developing and commercializing novel treatments for gastrointestinal, or GI,
diseases. Our initial product candidate, vonoprazan, is an oral small molecule potassium competitive acid blocker, or P-CAB. P-CABs are a novel class of medicines that
block acid secretion in the stomach. Vonoprazan has shown rapid, potent, and durable anti-secretory effects and has demonstrated clinical benefits over standard of care treatments as a single agent in the treatment of gastroesophageal reflux
disease, or GERD, and in combination with antibiotics for the treatment of Helicobacter pylori, or H. pylori, infection. Takeda Pharmaceutical Company Limited, or Takeda, developed vonoprazan and has received marketing approval in nine
countries in Asia and Latin America. Vonoprazan generated over $500 million in net sales in its fourth full year on the market since its approval in Japan in late 2014. In May 2019, we in-licensed the
U.S., European, and Canadian rights to vonoprazan from Takeda. We believe we can leverage Takeda’s extensive clinical data,
including results from 17 Phase 3 clinical trials, to advance vonoprazan through pivotal trials in the United States and Europe. We plan to initiate two pivotal Phase 3 clinical trials in the fourth quarter of 2019 for vonoprazan: one for the
treatment of erosive GERD, also known as erosive esophagitis, and a second for the treatment of H. pylori infection. We expect to report top-line data from both trials in 2021. We believe that the
successful completion of our Phase 3 clinical trials, together with the existing clinical data, will support regulatory submissions in 2021 and 2022 for marketing approval for the treatment of H. pylori infection and erosive esophagitis,
respectively. In August 2019, we received qualified infectious disease product, or QIDP, designation from the U.S. Food and Drug Administration, or FDA, for vonoprazan in combination with certain antibiotics for the treatment of H. pylori infection which provides, among other benefits, extension of any regulatory exclusivity and potential eligibility for priority review. Vonoprazan has the potential to be the first gastric anti-secretory agent from a novel class approved in the
United States, Europe, or Canada in over 30 years.",THERAPEUTICS,2019-10-25,PHAT,2018.0,2019.0,2834.0,Pharmaceutical Preparations,ritter_verified,
Vir Biotechnology Inc,0001706431,https://www.sec.gov/Archives/edgar/data/1706431/000119312519236592/d755217ds1.htm,9/3/2019,"We are a clinical-stage immunology company focused on combining immunologic insights with cutting-edge technologies to treat and prevent
serious infectious diseases. Infectious diseases are one of the leading causes of death worldwide and cause hundreds of billions of dollars of economic burden each year. We believe that now is the time to apply the recent and remarkable advances in
immunology to combat infectious diseases. Our approach begins with identifying the limitations of the immune system in combating a particular pathogen, the vulnerabilities of that pathogen and the reasons why previous approaches have failed. We then
bring to bear powerful technologies that we believe, individually or in combination, will lead to effective therapies. We have assembled
four technology platforms, focused on antibodies, T cells, innate immunity and small interfering ribonucleic acid, or siRNA, through internal development, collaborations and acquisitions. Our current development pipeline consists of product
candidates targeting hepatitis B virus, or HBV, influenza A, human immunodeficiency virus, or HIV, and tuberculosis, or TB. VIR-2218, an HBV-targeting siRNA, is in an ongoing Phase 1/2 clinical trial and
initial data have demonstrated substantial reduction of hepatitis B virus surface antigen, or HBsAg. Based on initial data, VIR-2218 has been generally well-tolerated. Additionally, we have initiated a Phase 1/2 clinical trial for VIR-2482, a
monoclonal antibody, or mAb, designed for the prevention of influenza A. We have built an industry-leading team that has deep experience in immunology, infectious diseases and product development. Given the global impact of infectious diseases, we
are committed to developing cost-effective treatments that can be delivered at scale.",THERAPEUTICS,2019-10-11,VIR,2016.0,2019.0,2836.0,"Biological Products, (No Diagnostic Substances)",ritter_verified,
BioNTech SE,0001776985,,,"EXTRACTION FAILED, open s1_url directly",THERAPEUTICS,2019-10-10,BNTX,2008.0,2019.0,2836.0,"Biological Products, (No Diagnostic Substances)",ritter_verified,
Aprea Therapeutics Inc,0001781983,https://www.sec.gov/Archives/edgar/data/1781983/000104746919005057/a2239551zs-1.htm,9/6/2019,"We
expect the public offering price to be between $            and $            per share. Prior to this offering, there has been no
market for our common stock. We have applied
to list our common stock on the Nasdaq Global Select Market under the symbol ""APRE."" Prior to the completion of this offering, we will consummate a corporate reorganization described under the section titled ""Corporate
Reorganization,"" pursuant to which all of the issued and outstanding stock and options of Aprea Therapeutics AB, a corporation domiciled in Sweden, will be exchanged for common stock, preferred stock
or options, as applicable, of Aprea Therapeutics, Inc. As a result of this corporate reorganization, Aprea Therapeutics AB will become a wholly-owned subsidiary of Aprea
Therapeutics, Inc., a recently formed holding company with nominal assets and no liabilities, contingencies, or commitments, which will not have conducted any operations prior to this offering
other than acquiring the entire issued and outstanding stock of Aprea Therapeutics AB.",THERAPEUTICS,2019-10-03,APRE,2003.0,2019.0,2834.0,Pharmaceutical Preparations,ritter_verified,
Mirum Pharmaceuticals Inc,0001759425,https://www.sec.gov/Archives/edgar/data/1759425/000119312519178671/d730455ds1.htm,6/21/2019,"We are a biopharmaceutical
company focused on the development and commercialization of a late-stage pipeline of novel therapies for debilitating liver diseases. We focus on diseases for which the unmet medical need is high and the biology for treatment is clear. Our pipeline
consists of two clinical-stage product candidates with mechanisms of action that have potential utility across a wide range of orphan liver diseases. We are initially developing maralixibat for the treatment of pediatric patients with progressive
familial intrahepatic cholestasis, or PFIC, and Alagille syndrome, or ALGS. Based on improvements in pruritus, or itching, and other disease markers observed in Phase 2 clinical trials, we commenced enrollment in the Phase 3 MARCH clinical trial in
PFIC in the second quarter of 2019 and are planning to initiate a Phase 3 clinical trial in ALGS in the first half of 2020. We are developing volixibat for the treatment of adult patients with cholestatic liver diseases and expect to initiate Phase
2 clinical trials in 2020. In addition to data from ongoing clinical trials of maralixibat, we expect to complete enrollment in the MARCH clinical trial in the second quarter of 2020 and announce topline Phase 3 data in late-2020 and clinical
data for volixibat in 2022. The liver is responsible for many vital body functions, including the regulation of bile acid synthesis and metabolism. The liver uses
cholesterol to produce bile acids, which promote digestion and absorption of dietary fats and fat-soluble vitamins. Approximately 95% of bile acids recirculate back to the liver, and the remaining bile acids
are excreted from the body in the feces. Apical sodium-dependent bile acid transporter, or ASBT, is present in the small intestine and mediates the uptake of bile acids in the intestines and recycles them back to the liver. Cholestasis is
characterized by impaired flow of bile resulting in accumulation of toxic levels of bile acids in the liver. This leads to liver injury, progressive liver disease and, if left untreated, can result in fibrosis, cirrhosis, liver failure and death.
Patients with cholestatic liver disease typically experience debilitating pruritus, which dramatically impacts quality of life and can lead to scarring, sleep deprivation, significant fatigue and psycho-social effects. ASBT inhibition results in
more bile acids being excreted in the feces, leading to lower levels of bile acids systemically, thereby reducing bile acid mediated ",THERAPEUTICS,2019-07-18,MIRM,2018.0,2019.0,2834.0,Pharmaceutical Preparations,ritter_verified,
Fulcrum Therapeutics Inc,0001680581,https://www.sec.gov/Archives/edgar/data/1680581/000104746919003793/a2239080zs-1.htm,6/21/2019,"We are a clinical-stage biopharmaceutical company focused on improving the lives of patients with genetically defined diseases in areas of high
unmet medical need, with an initial focus on rare diseases. We have developed a proprietary product engine that we employ to systematically identify and validate cellular drug targets that can
potentially modulate gene expression to treat the known root cause of genetically defined diseases. We are using our product engine to identify targets that can be drugged by small molecules
regardless of the particular underlying mechanism of gene mis-expression. We have identified drug targets to treat the root causes of facioscapulohumeral muscular dystrophy, or FSHD, and certain
hemoglobinopathies, namely sickle cell disease, or SCD, and b -thalassemia. We expect to initiate a Phase 2b clinical trial of losmapimod, our product
candidate for FSHD, in mid-2019. We commenced a Phase 1 clinical trial in February 2019 to obtain safety and tolerability data for losmapimod in patients with FSHD. We plan to submit an
investigational new drug application, or IND, for FTX-HbF, our product candidate for certain hemoglobinopathies, in mid-2020. We
are using our proprietary product engine to identify and validate drug targets and develop product candidates to address diseases caused by the mis-expression of certain genes. Our
product engine integrates patient-derived tissue-relevant cell models and drug target screens with our pharmacologically-diverse small molecule compound library and customized CRISPR libraries. We
also employ computational biology and FulcrumSeek, our proprietary relational database, to guide target selection and to generate hypotheses on other targets that might be relevant along a gene
regulatory pathway.",THERAPEUTICS,2019-07-18,FULC,2015.0,2019.0,2834.0,Pharmaceutical Preparations,ritter_verified,
BridgeBio Pharma Inc,0001743881,https://www.sec.gov/Archives/edgar/data/1743881/000119312519157100/d613995ds1.htm,5/24/2019,"Prior to the completion of this
offering, we will complete a series of transactions pursuant to which BridgeBio Pharma LLC will become a wholly owned subsidiary of BridgeBio Pharma, Inc., a newly formed Delaware corporation. See “Reorganization.” Except where the context
otherwise requires or where otherwise indicated, the terms “BridgeBio,” “we,” “us,” “our,” “our company,” “the company,” and “our business” refer, prior to the Reorganization
discussed below, to BridgeBio Pharma LLC and its consolidated subsidiaries, including its controlled variable interest entities, or VIEs, and, after the Reorganization, to BridgeBio Pharma, Inc. and its consolidated subsidiaries, including its
controlled VIEs. We are a team of
experienced drug discoverers, developers and innovators working to create life-altering medicines that target well-characterized genetic diseases at their source. We founded BridgeBio in 2015 to identify and advance transformative medicines to treat
patients who suffer from Mendelian diseases, which are diseases that arise from defects in a single gene, and cancers with clear genetic drivers. Our pipeline of over 15 development programs includes product candidates ranging from early discovery
to late-stage development. Several of our programs target indications that we believe present the potential for our product candidates, if approved, to target portions of market opportunities of at least $1.0 billion in annual sales. We have four
product candidates in clinical trials that, if positive, we believe could support the filing of an application for marketing authorization. Two of these product candidates are in Phase 3 clinical trials, one is in a Phase 2/3 clinical trial,
and one is in a Phase 2 clinical trial.",THERAPEUTICS,2019-06-27,BBIO,2015.0,2019.0,2834.0,Pharmaceutical Preparations,ritter_verified,
Stoke Therapeutics Inc,0001623526,https://www.sec.gov/Archives/edgar/data/1623526/000119312519155301/d675029ds1.htm,5/23/2019,"We are pioneering a new way to treat the underlying causes of severe genetic diseases by precisely upregulating protein expression. We are developing novel
antisense oligonucleotide, or ASO, medicines that target ribonucleic acid, or RNA, and modulate precursor-messenger RNA, or pre-mRNA, splicing to upregulate protein expression where needed and with appropriate
specificity to near normal levels. We utilize our proprietary technology platform, Targeted Augmentation of Nuclear Gene Output, or TANGO, to design ASOs to upregulate the expression of protein by individual genes in a patient. Our approach is
designed to allow us to deliver in a highly precise, durable and controlled manner disease-modifying therapies to a broad range of relevant tissues, including the central nervous system, or CNS, eye, kidney and liver. We designed our lead product
candidate, STK-001, to treat Dravet syndrome, a severe and progressive genetic epilepsy. With a well-defined patient population based on routine genetic testing and learnings from recently approved drugs for
the treatment of Dravet syndrome to inform the clinical and regulatory pathways for STK-001, we anticipate an efficient clinical program for STK-001. We plan to submit
an investigational new drug application, or IND, for STK-001 by early 2020 and expect to initiate a Phase 1/2 clinical trial in the first half of 2020. We intend to nominate a second candidate to treat an
additional genetic disease for preclinical development by the first half of 2020. We are developing TANGO as potentially the first precision medicine
platform for treating a category of severe genetic diseases known as autosomal dominant haploinsufficiencies, or diseases in which only one copy, or allele, of the gene needs to be mutated for the disease or trait to develop, and in which that
mutated allele generates a protein that is severely deficient in amount or activity, resulting in approximately 50% of normal protein expression in the patient. Our novel ASOs are designed to address this protein deficiency by precisely upregulating
target protein expression and have the potential to provide disease-modifying therapies to treat many diseases beyond the reach of current approaches. Within haploinsufficiencies, we are initially prioritizing the development of ASOs for the
treatment of genetic epilepsies, and specifically Dravet syndrome. Current treatments for Dravet syndrome only address the occurrence of seizures. According to a 2017 study as ",THERAPEUTICS,2019-06-19,STOK,2014.0,2019.0,2834.0,Pharmaceutical Preparations,ritter_verified,
Twist Bioscience Corp,0001581280,,,"EXTRACTION FAILED, open s1_url directly",THERAPEUTICS,2018-10-31,TWST,2013.0,2018.0,2836.0,"Biological Products, (No Diagnostic Substances)",ritter_verified,
Bicycle Therapeutics Ltd,0001761612,https://www.sec.gov/Archives/edgar/data/1761612/000104746919002638/a2238403zs-1.htm,4/26/2019,"We are a clinical-stage biopharmaceutical company developing a novel class of medicines, which we refer to as Bicycles , for
diseases that are underserved by existing therapeutics. Bicycles are fully synthetic short
peptides constrained to form two loops which stabilize their structural geometry. This constraint is designed to confer high affinity and selectivity and the relatively large surface area presented by
the molecule allows targets to be drugged that have historically been intractable to non-biological approaches. Bicycles are a unique therapeutic
modality combining the pharmacology usually associated with a biologic with the manufacturing and pharmacokinetic, or PK, properties of a small molecule. Bicycles are excreted by the kidney rather than
the liver and have shown no signs of immunogenicity to date, which we believe together support a
favorable toxicological profile. We
have a novel and proprietary phage display screening platform which we use to identify Bicycles in an efficient manner. The platform
initially displays linear peptides on the surface of engineered bacteriophages, or phages, before ""on-phage"" cyclization with a range of small molecule scaffolds which can confer differentiated
physicochemical and structural properties. Our platform encodes quadrillions of potential Bicycles which can be screened to identify molecules for
optimization to potential product candidates. We have used this powerful screening technology to identify our current portfolio of candidates in oncology and intend to use it in conjunction with our
collaborators to seek to develop additional future candidates across a range of other disease areas.",THERAPEUTICS,2019-05-23,BCYC,2009.0,2019.0,2834.0,Pharmaceutical Preparations,ritter_verified,
Ideaya Biosciences Inc,0001676725,https://www.sec.gov/Archives/edgar/data/1676725/000119312519122586/d637842ds1.htm,4/26/2019,"We are an oncology-focused precision medicine company committed to the discovery and development of targeted therapeutics for patient populations selected
using molecular diagnostics. Our approach integrates extensive capabilities in identifying and validating translational biomarkers with small molecule drug discovery to select patient populations most likely to benefit from the targeted therapies we
are developing. We are applying these capabilities across multiple classes of precision medicine, including direct targeting of oncogenic pathways and synthetic lethality – which represents an emerging class of precision medicine targets. We
believe this diversified approach will enable us to deliver the right medicine to the right patient to drive a more robust clinical response. Our most advanced product candidate is IDE196, a protein kinase C, or PKC, inhibitor for genetically-defined
cancers having GNAQ or GNA11 gene mutations. We obtained an exclusive, worldwide license to IDE196 from Novartis with the right to use certain data from its ongoing Phase 1 clinical trial in metastatic uveal melanoma, a cancer of the eye with a high
frequency of GNAQ or GNA11 gene mutations. Phase 1 monotherapy data from Novartis was presented at the American Association of Cancer Research, or AACR, meeting in April 2019. We have filed an investigational new drug application, or IND, with the
U.S. Food and Drug Administration, or FDA, and plan to broaden the potentially addressable patient population by initiating our own Phase 1/2 basket trial in the second or third quarter of 2019 to evaluate IDE196 in solid tumors harboring GNAQ or
GNA11 mutations. Pursuant to our license agreement with Novartis, except for Novartis’ ongoing Phase 1 clinical trial, we control all future clinical development and all commercial rights to IDE196.",THERAPEUTICS,2019-05-23,IDYA,2015.0,2019.0,2834.0,Pharmaceutical Preparations,ritter_verified,
NextCure Inc,0001661059,https://www.sec.gov/Archives/edgar/data/1661059/000104746919002203/a2238441zs-1.htm,4/12/2019,"We are a clinical-stage biopharmaceutical company committed to discovering and developing novel, first-in-class immunomedicines to treat cancer
and other immune-related diseases by restoring normal immune function. We view the immune system holistically and, rather than target one specific immune cell type, we focus on understanding
biological pathways, the interactions of cells and the role each interaction plays in an immune response. Through our proprietary Functional, Integrated, NextCure Discovery in Immuno-Oncology, or
FIND-IO, platform, we study various immune cells to discover and understand targets and structural components of immune cells and their functional impact in order to develop immunomedicines. We are
focused on patients who do not respond to current therapies, patients whose cancer progresses despite treatment and patients with cancer types not adequately addressed by available therapies. We are
committed to discovering and developing first-in-class immunomedicines, which are immunomedicines that use new or unique mechanisms of action to treat a medical condition, for these patients. Our
lead product candidate, NC318, is a first-in-class immunomedicine against a novel immunomodulatory receptor called Siglec-15, or S15. In October 2018, we initiated a Phase 1/2
clinical trial of NC318 in patients with advanced or metastatic solid tumors. We expect completion of the Phase 1 portion of this trial in the fourth quarter of 2019 and completion of the
Phase 2 portion in the fourth quarter of 2020. Our second product candidate, NC410, is a novel immunomedicine designed to block immune suppression mediated by an immune modulator called
Leukocyte-Associated Immunoglobulin-like Receptor 1, or LAIR-1. We expect to submit an investigational new drug application, or IND, to the U.S. Food and Drug Administration, or FDA, for NC410 in the
first quarter of 2020.",THERAPEUTICS,2019-05-09,NXTC,2015.0,2019.0,2834.0,Pharmaceutical Preparations,ritter_verified,
Milestone Pharmaceuticals Inc,0001408443,https://www.sec.gov/Archives/edgar/data/1408443/000104746919002213/a2238338zs-1.htm,4/12/2019,"We are a Phase 3 clinical-stage biopharmaceutical company dedicated to developing and commercializing etripamil for the treatment of cardiovascular
indications. Etripamil is a novel, potent and short-acting calcium channel blocker that we designed and are developing as a rapid-onset nasal spray to be administered by the patient to terminate
episodes of paroxysmal supraventricular tachycardia, or PSVT, as they occur. PSVT is a rapid heart rate condition that starts and stops without warning, often experienced by patients with symptoms
including palpitations, sweating, chest pressure or pain, shortness of breath, sudden onset of fatigue, lightheadedness or dizziness, fainting and anxiety. Calcium channel blockers have long been
approved for the treatment of PSVT as well as other cardiac conditions. For episodes of PSVT, however, calcium channel blockers are administered intravenously under medical supervision, usually in the
emergency department. Etripamil's combination of convenient delivery, rapid onset and short duration of action has the potential to shift the current treatment paradigm away from the burdensome and
costly emergency department setting. If approved, we believe that etripamil will be the first self-administered therapy for the rapid termination of episodes of PSVT wherever and whenever they occur. We
completed our Phase 2 clinical trial of etripamil for the treatment of PSVT in the United States and Canada, with results published in the Journal of the American College of Cardiology.
Investigators reported an 87% termination rate of PSVT within 15 minutes at the dose selected for Phase 3 versus a 35% termination rate for placebo. We are actively recruiting patients
for a Phase 3 clinical trial of etripamil, which may serve as a single pivotal efficacy trial, and we expect top-line data in the first half of 2020. In addition to the efficacy trial,
our Phase 3 clinical program for etripamil for PSVT includes two open-label safety studies, one of which we initiated in December 2018, and the other we expect to initiate in the second half of
2019. We are also planning to initiate a Phase 2 clinical trial in the second half of 2019 in atrial fibrillation, another rapid heart rate condition, and expect to subsequently initiate an
additional Phase 2 clinical trial in angina to establish proof-of-concept for the broader use of etripamil in 2020.",THERAPEUTICS,2019-05-09,MIST,2003.0,2019.0,2834.0,Pharmaceutical Preparations,ritter_verified,
Trevi Therapeutics Inc,0001563880,https://www.sec.gov/Archives/edgar/data/1563880/000119312519099340/d643194ds1.htm,4/5/2019,"We are a clinical-stage
biopharmaceutical company focused on the development and commercialization of nalbuphine ER to treat serious neurologically mediated conditions. We are currently developing nalbuphine ER for the treatment of chronic pruritus, chronic cough in
patients with idiopathic pulmonary fibrosis, or IPF, and levodopa-induced dyskinesia, or LID, in patients with Parkinson’s disease. These conditions share a common pathophysiology that is mediated through opioid receptors in the central and
peripheral nervous systems. Due to nalbuphine’s mechanism of action as a modulator of opioid receptors, we believe it has the potential to be effective in treating each of these conditions. We are currently conducting a Phase 2b/3 clinical
trial of nalbuphine ER, which we refer to as the PRISM trial, in patients with severe pruritus associated with prurigo nodularis, and expect to report top-line data from the trial in the first half of 2020. If
successful, we expect that we will use the PRISM trial and an additional Phase 3 clinical trial that we plan to conduct to support the submission of a new drug application, or NDA, to the United States Food and Drug Administration, or FDA, and
a marketing authorization application, or MAA, to the European Medicines Agency, or EMA, for nalbuphine ER for the treatment of pruritus associated with prurigo nodularis. Nalbuphine ER is an oral extended release formulation of nalbuphine. Nalbuphine is a mixed k -opioid receptor agonist and m -opioid receptor antagonist that has been approved and marketed as an injectable for pain indications for more than 20 years in
the United States and Europe. The k - and m -opioid receptors are known to be critical mediators of itch, cough and certain movement disorders. Nalbuphine’s
mechanism of action also mitigates the risk of abuse associated with m -opioid agonists because it antagonizes, or blocks, the m -opioid receptor. Nalbuphine is
currently the only opioid approved for marketing that is not classified as a controlled substance in the United States or Europe.",THERAPEUTICS,2019-05-07,TRVI,2011.0,2019.0,2834.0,Pharmaceutical Preparations,ritter_verified,
Precision Biosciences Inc,0001357874,https://www.sec.gov/Archives/edgar/data/1357874/000119312519061192/d717633ds1.htm,3/1/2019,"We are a genome editing company dedicated to improving life through our groundbreaking proprietary genome editing platform, “ARCUS.” We leverage ARCUS in the development of our product candidates, which
are designed to treat human diseases and create healthy and sustainable food and agricultural solutions. We believe the versatility and breadth of ARCUS support our ability to develop products across the spectrum of biotechnology. We are actively
developing product candidates in three innovative and high value areas where we believe our technology has the potential to overcome the limitations of other genome editing technologies: allogeneic CAR T immunotherapy, in vivo gene
correction, and food. The U.S. Food and Drug Administration, or FDA, recently accepted our investigational new drug, or IND, application for our first gene-edited allogeneic CAR T cell candidate targeting CD19 and we expect to commence a
Phase 1/2a clinical trial in patients with acute lymphoblastic leukemia and non-hodgkin lymphoma in the first half of 2019. We believe this trial will be the first clinical investigation of an allogeneic CAR T therapy for non-hodgkin lymphoma.
We believe our proprietary, one-step engineering process for producing allogeneic CAR T cells at large scale in a cost-effective manner will enable us to overcome the fundamental challenges of manufacturing that have limited the CAR T
field to date. Genome editing is a biotechnology process that removes, inserts or repairs a portion of DNA at a specific location in a cell’s genome. Our proprietary genome
editing platform, ARCUS, is a novel genome editing technology using sequence-specific DNA-cutting enzymes, or nucleases, that is designed to perform modifications in the DNA of living cells and organisms.",THERAPEUTICS,2019-03-28,DTIL,2006.0,2019.0,2836.0,"Biological Products, (No Diagnostic Substances)",ritter_verified,
Gossamer Bio Inc,0001728117,https://www.sec.gov/Archives/edgar/data/1728117/000119312518356444/d626950ds1.htm,12/21/2018,"We are a clinical-stage biopharmaceutical company focused on discovering, acquiring, developing and commercializing therapeutics in the
disease areas of immunology, inflammation and oncology. Our goal is to be an industry leader in each of these therapeutic areas and to enhance and extend the lives of patients suffering from such diseases. To accomplish this goal, we have assembled
a deeply experienced and highly skilled group of industry veterans, scientists, clinicians and key opinion leaders from leading biotechnology and pharmaceutical companies, as well as leading academic centers from around the world. Our collective
immunology and translational discovery and development expertise serves as the foundation of our company. We intend to maintain a scientifically rigorous and inclusive corporate culture where employees strive to bring improved therapeutic options to
patients. We are pursuing product candidates with strong scientific rationale to address indications where there is both a high unmet need and an
opportunity to develop best-in-class or first-in-class therapeutics. We currently have
six programs: three clinical-stage product candidates and three preclinical programs. We commenced a Phase 2b clinical trial for our most advanced product candidate, GB001, in October 2018.",THERAPEUTICS,2019-02-08,GOSS,2003.0,2019.0,2834.0,Pharmaceutical Preparations,ritter_verified,
Alector Inc,0001653087,https://www.sec.gov/Archives/edgar/data/1653087/000119312519003772/d550248ds1.htm,1/7/2019,"We are a clinical stage biopharmaceutical company pioneering immuno-neurology, a novel therapeutic approach for the treatment of
neurodegeneration. Immuno-neurology targets immune dysfunction as a root cause of multiple pathologies that are drivers of degenerative brain disorders. We are developing therapies designed to simultaneously counteract these pathologies by restoring
healthy immune function to the brain. Supporting our scientific approach, our Discovery Platform enables us to advance a broad portfolio of product candidates, validated by human genetics, which we believe will improve the probability of technical
success over shorter development timelines. As a result, in the last five years, we have identified over forty immune system targets, progressed over ten programs into preclinical research, and advanced two product candidates, AL001 and AL002, into
clinical development. In the second half of 2018, AL001, initially aimed at treating a genetic subset of patients with frontotemporal dementia (FTD) carrying a progranulin (PGRN) loss of function mutation (FTD-GRN), was dosed in forty-two healthy
subjects in a single ascending dose Phase 1 study. There were no serious adverse events or dose limiting adverse events reported in the study, achieving the primary endpoint. Moreover, statistically significant increases in plasma and cerebrospinal
fluid (CSF) PGRN levels relative to baseline were also observed, successfully demonstrating proof-of-mechanism for AL001 in the central nervous systems of healthy volunteers. We plan to advance AL001 into a Phase 1b study with
proof-of-mechanism data in FTD-GRN patients expected in the first half of 2019 and into a Phase 2 study with proof-of-concept data in FTD-GRN patients expected in the first half of 2020. In the second half of 2018, we also initiated a dose
escalation Phase 1 study in healthy volunteers with AL002, a product candidate for Alzheimer’s disease. In addition, we expect to initiate Phase 1 studies of AL003, a product candidate for Alzheimer’s disease, and AL101, a
product candidate for multiple neurodegenerative disorders, in 2019. Our Discovery Platform leverages large scale human genetic datasets,
advanced tools in bioinformatics and imaging, and insights into neurodegeneration and immunology to identify immune system targets that play a critical role in the development of multiple neurodegenerative diseases. Our Discovery Platform focuses
on:",THERAPEUTICS,2019-02-07,ALEC,1997.0,2019.0,2836.0,"Biological Products, (No Diagnostic Substances)",ritter_verified,
Inmune Bio Inc,0001711754,https://www.sec.gov/Archives/edgar/data/1711754/000164033418001703/inmune_s1.htm,8/30/2018,"INmune Bio Inc. is offering a minimum of 1,000,000 shares of our common stock (the “Minimum Shares Offering”) for gross proceeds of $8,000,000 (the “Minimum Offering Amount”) before deduction of commissions and offering expenses and a maximum of up to 2,500,000 shares (“Maximum Shares Offering”) of our common stock for gross proceeds of $20,000,000 before deduction of commissions and offering expenses (“Maximum Offering Amount”). All funds sent to us by investors to purchase the common stock will be deposited in a non-interest bearing escrow account, maintained at and by (the “Escrow Agent”). Within three business days of receipt of the Minimum Offering Amount in escrow, we will close on the subscription amounts in escrow as of such date subject to the Maximum Offering Amount. Thereafter, from time to time, we will have additional closings until the earlier of the date on which the Maximum Offering Amount has been sold or. If we do not sell and receive payments for the Minimum Offering Amount prior to     , investor subscriptions will be returned without interest or deduction.",THERAPEUTICS,2019-02-04,INMB,1972.0,2019.0,2836.0,"Biological Products, (No Diagnostic Substances)",ritter_verified,
China Sxt Pharms Inc,0001723980,,,"EXTRACTION FAILED, open s1_url directly",THERAPEUTICS,2019-01-04,SXTC,2006.0,2019.0,2834.0,Pharmaceutical Preparations,ritter_verified,
Moderna Inc,0001682852,,,"EXTRACTION FAILED, open s1_url directly",THERAPEUTICS,2018-12-07,MRNA,2010.0,2018.0,2836.0,"Biological Products, (No Diagnostic Substances)",ritter_verified,
NuCana plc,0001709626,,,"EXTRACTION FAILED, open s1_url directly",THERAPEUTICS,2017-09-28,NCNA,1997.0,2017.0,2834.0,Pharmaceutical Preparations,ritter_verified,
Allogene Therapeutics Inc.,0001737287,https://www.sec.gov/Archives/edgar/data/1737287/000119312518273504/d548088ds1.htm,9/14/2018,"We are a clinical stage
immuno-oncology company pioneering the development and commercialization of genetically engineered allogeneic T cell therapies for the treatment of cancer. We are developing a pipeline of off-the-shelf T cell product candidates that are designed to target and kill cancer cells. Our engineered T cells are allogeneic, meaning they are derived from healthy donors for intended use in any patient,
rather than from an individual patient for that patient’s use, as in the case of autologous T cells. We believe this key difference will enable us to deliver readily available treatments faster, more reliably, at greater scale, and to more
patients. In addition, we believe our management team’s experience in immuno-oncology and specifically in chimeric antigen receptor (CAR) T cell therapy will help drive the rapid development and, if approved, the commercialization of these
potentially curative therapies for patients with aggressive cancer. In collaboration with Servier, we are developing UCART19, a CAR T
cell product candidate targeting CD19. UCART19 is being studied in clinical trials in patients with relapsed or refractory (R/R) B-cell precursor acute lymphoblastic leukemia (ALL), and we expect UCART19 to be
advanced to potential registrational trials in the second half of 2019. We also plan to submit an investigational new drug application (IND) in the first half of 2019 for our second allogeneic anti-CD19 CAR T cell product candidate, ALLO-501, for the treatment of R/R non-Hodgkin lymphoma (NHL). In addition, we have a deep pipeline of allogeneic CAR T cell product candidates targeting multiple promising
antigens in a host of hematological malignancies and solid tumors.",THERAPEUTICS,2018-10-11,ALLO,2017.0,2018.0,2836.0,"Biological Products, (No Diagnostic Substances)",ritter_verified,
Zai Lab Ltd,0001704292,,,"EXTRACTION FAILED, open s1_url directly",THERAPEUTICS,2017-09-20,ZLAB,2013.0,2017.0,2834.0,Pharmaceutical Preparations,ritter_verified,
uniQure BV,0001590560,,,"EXTRACTION FAILED, open s1_url directly",THERAPEUTICS,2014-02-05,QURE,1998.0,2014.0,2834.0,Pharmaceutical Preparations,ritter_verified,
Coherus Biosciences Inc,0001512762,https://www.sec.gov/Archives/edgar/data/1512762/000119312514353133/d744283ds1.htm,9/25/2014,"We are a late-stage clinical biologics platform
company focused on the global biosimilar market. Biosimilars are an emerging class of protein-based therapeutics with high similarity to approved originator products on the basis of various physicochemical and structural properties, as well as
in terms of safety, purity and potency. Our goal is to become a global leader in the biosimilar market by leveraging our team’s collective expertise in key areas such as process science, analytical characterization, protein production and
clinical-regulatory development. Since our founding in 2010, we have advanced one product candidate into Phase 3 clinical development, two others into or through Phase 1 clinical development and entered into partnerships with two global
pharmaceutical companies. Our clinical stage pipeline consists of two anti-inflammatory agents targeting tumor
necrosis factor, or TNF, and a long-acting form of granulocyte colony-stimulating factor, or G-CSF. Our most clinically advanced anti-TNF product candidate, CHS-0214, is being developed as an etanercept
(Enbrel) biosimilar that we have partnered with Baxter International Inc., Baxter Healthcare Corporation and Baxter Healthcare SA and Daiichi Sankyo Company, Limited to develop and commercialize in key markets outside of the United States. We are
currently enrolling two Phase 3 clinical trials with CHS-0214 to support the planned filing of a marketing",THERAPEUTICS,2014-11-06,CHRS,2010.0,2014.0,2836.0,"Biological Products, (No Diagnostic Substances)",ritter_verified,
Xenon Pharmaceuticals Inc,0001582313,https://www.sec.gov/Archives/edgar/data/1582313/000119312514337038/d582812ds1.htm,9/10/2014,"We are a clinical-stage biopharmaceutical company
discovering and developing a pipeline of differentiated therapeutics for orphan indications that we intend to commercialize on our own, and for larger market indications that we intend to partner with global pharmaceutical companies. We have built a
core enabling discovery platform for the discovery of validated drug targets by studying rare human diseases with extreme traits, including diseases caused by mutations in ion channels, known as channelopathies. We have an integrated platform that
includes in-house capabilities for human genetics, small molecule drug discovery and preclinical and clinical development. Our business was founded on
our proprietary discovery platform, which we refer to as Extreme Genetics. Extreme Genetics involves the study of families where individuals exhibit inherited severe traits, or phenotypes. By identifying and characterizing single-gene defects
responsible for these phenotypes, we gain insights into human disease biology to better select targets for therapeutic intervention. Our Extreme Genetics discovery platform has yielded the first approved gene therapy product in the European Union,
or the EU, a broad development pipeline and multiple pharmaceutical partnerships.",THERAPEUTICS,2014-11-05,XENE,1996.0,2014.0,2834.0,Pharmaceutical Preparations,ritter_verified,
ProQR Therapeutics BV,0001612940,,,"EXTRACTION FAILED, open s1_url directly",THERAPEUTICS,2014-09-18,PRQR,2012.0,2014.0,2834.0,Pharmaceutical Preparations,ritter_verified,
Ocular Therapeutix Inc,0001393434,https://www.sec.gov/Archives/edgar/data/1393434/000119312514243751/d679502ds1.htm,6/20/2014,"Ocular Therapeutix, Inc. is
offering             shares of its common stock. This is our initial public offering and no public market exists for our shares. We anticipate that the initial public offering price will be
between $         and $         per share. We are a
biopharmaceutical company focused on the development and commercialization of innovative therapies for diseases and conditions of the eye using our proprietary hydrogel platform technology. Our bioresorbable hydrogel based product candidates are
designed to provide sustained delivery of therapeutic agents to the eye. Our hydrogel is a bioresorbable proprietary formulation of polyethylene glycol, or PEG, which when constituted with water takes on a gelatinous consistency. The product
candidates in our development pipeline have the potential to overcome many of the significant limitations of existing eye drop based therapies for ophthalmic diseases and conditions by replacing the current standard of care regimen of weeks or
months of eye drop dosing with as little as a single product application. Our lead product candidates are OTX-DP and OTX-TP. OTX-DP is in Phase 3 clinical development for post-surgical ocular inflammation and pain. OTX-TP is in Phase 2 clinical
development for glaucoma and ocular hypertension. These product candidates combine our hydrogel technology with U.S. Food and Drug Administration, or FDA, approved therapeutic agents with the goal of providing sustained delivery of drug to the eye.
By focusing on the development of products based on previously approved therapeutic agents, we believe that we can advance our product candidates efficiently and predictably through the development cycle based on well-defined clinical and regulatory
approval pathways. In addition to our ongoing product development, we have recently launched our first commercial product, ReSure Sealant, a hydrogel based ophthalmic wound sealant approved by the FDA in January 2014 to close corneal incisions
following cataract surgery. Our marketed product and product candidates target large and growing markets. Transparency Market Research, a provider of business information reports and services, estimates that the annual worldwide market for
ophthalmic medications was $16 billion as of 2012 and is expected to increase to $21.6 billion by 2018.",THERAPEUTICS,2014-07-24,OCUL,2006.0,2014.0,2834.0,Pharmaceutical Preparations,ritter_verified,
Minerva Neurosciences Inc,0001598646,https://www.sec.gov/Archives/edgar/data/1598646/000104746914003612/a2219290zs-1.htm,4/9/2014,"We are a clinical-stage biopharmaceutical company focused on the development and commercialization of a portfolio of product candidates to treat
patients suffering from central nervous system, or CNS, diseases. Leveraging our domain expertise, we have acquired or in-licensed four development-stage proprietary compounds that we believe have
innovative mechanisms of action with potentially positive therapeutic profiles. Our lead product candidates are MIN-101, a compound we are developing for the treatment of patients with schizophrenia,
and MIN-117, a compound we are developing for the treatment of patients suffering from major depressive disorder, or MDD. In addition, our portfolio includes MIN-202, a compound we are co-developing
for the treatment of patients suffering from primary and secondary insomnia, and MIN-301, a compound we are developing for the treatment of patients suffering from Parkinson's disease. We believe our
innovative product candidates have significant potential to transform the lives of a large number of affected patients and their families who are currently not well-served by available therapies in
each of their respective indications. We
plan to develop and, if approved by the applicable regulatory authorities, commercialize our product candidates for the neuropsychiatric pharmaceutical market, which represents a significant
portion of the broader CNS therapeutic area. Neuropsychiatry is a medical subspecialty devoted to understanding and treating cognitive, emotional, behavioral and perceptual symptoms resulting from
circuit-specific brain dysfunction and includes the study of the diseases we are presently targeting, namely schizophrenia, MDD, insomnia and Parkinson's disease. These neuropsychiatric diseases
affect large numbers of individuals with family members also bearing significant burdens. According to Datamonitor, an independent market research firm, 4.7 million people suffer from
schizophrenia, 32 million suffer from MDD, 53 million suffer from insomnia and more than 2.4 million suffer from Parkinson's disease in the United States, Japan and the five major
European Union markets of France, Germany, Italy, Spain and the United Kingdom.",THERAPEUTICS,2014-07-01,NERV,2007.0,2014.0,2834.0,Pharmaceutical Preparations,ritter_verified,
Ardelyx Inc,0001437402,,,"EXTRACTION FAILED, open s1_url directly",THERAPEUTICS,2014-06-19,ARDX,2007.0,2014.0,2834.0,Pharmaceutical Preparations,ritter_verified,
Aldeyra Therapeutics Inc,0001341235,https://www.sec.gov/Archives/edgar/data/1341235/000119312514002908/d615506ds1.htm,1/6/2014,"We
are a biotechnology company focused primarily on the development of products to treat immune-mediated, inflammatory, orphan, and other diseases that are thought to be related to a naturally occurring toxic chemical species known as free aldehydes.
We discovered and are developing NS2, a product candidate that is designed to trap and allow for disposal of free aldehydes, for the treatment of the following diseases: Sjögren-Larsson Syndrome (SLS), a rare disease caused by mutations in an
enzyme that metabolizes fatty aldehydes; discoid lupus, an autoimmune condition that affects skin; acute anterior uveitis, an inflammatory eye disease; and ocular rosacea with meibomian gland dysfunction, a dry eye disease associated with rosacea,
an inflammatory dermal condition. We believe there is significant unmet medical need for the therapies we intend to develop. We are not
aware of any therapy that has been approved by the United States Food and Drug Administration, or the FDA, for SLS or ocular rosacea with meibomian gland dysfunction. We believe that therapies for discoid lupus are moderately to poorly effective in
controlling or curing the disease without drug related toxicity. Acute anterior uveitis is often treated with corticosteroids (commonly used anti-inflammatory agents), but prolonged use of corticosteroids can lead to significant morbidity. In
addition, SLS, discoid lupus, and acute anterior uveitis are rare conditions. We intend to request orphan drug designation from the FDA for the drugs that we are developing to treat rare diseases.",THERAPEUTICS,2014-05-02,ALDX,2004.0,2014.0,2834.0,Pharmaceutical Preparations,ritter_verified,
SCYNEXIS Inc,0001178253,https://www.sec.gov/Archives/edgar/data/1178253/000119312514073292/d641160ds1.htm,2/27/2014,"SCYNEXIS is a pharmaceutical company committed to the discovery, development and commercialization of novel anti-infectives to address
significant unmet therapeutic needs. We are developing our lead product candidate, SCY-078, as a novel oral and intravenous (IV) drug for the treatment of serious and life-threatening invasive fungal infections in humans. SCY-078 has been shown to
be effective in vitro and in vivo in animal studies against a broad range of Candida and Aspergillus fungal species, including drug resistant strains. These important pathogens account for approximately 85% of invasive
fungal infections in the United States and Europe. SCY-078 was shown to be sufficiently safe and well-tolerated in multiple Phase 1 studies to support progression to Phase 2 studies. We anticipate that the first patient will be enrolled in the
second half of 2014 in a Phase 2 study with an oral formulation of SCY-078 for the treatment of invasive Candida infection, a common and often fatal invasive fungal infection, and anticipate beginning studies with an IV formulation of SCY-078
in 2015. We estimate that the annual worldwide market for systemic anti-fungal therapeutics, where we will target SCY-078, is
approximately $3.6 billion. Each year there are estimated to be over 600,000 confirmed cases of invasive fungal infections caused by various species of Candida and Aspergillus , two of the most serious fungal pathogens in the
United States and Europe. The rapid progression of the disease and the high mortality rates associated with invasive fungal infections often result in treatments being administered in unconfirmed cases or as a preventative measure. For example we
estimate that the total number of patients treated for invasive Candida infections to be approximately three to four times the number of confirmed cases. Also, there is increasing use of drugs that suppress the immune system, such as
chemotherapies or drugs for auto-immune disease and transplantation, which has led to an increased rate of invasive fungal infections. Furthermore, the limited number of anti-fungal drug classes, consisting of azoles, echinocandins and polyenes, and
their widespread use, has led to increased numbers of, and infections with, drug-resistant strains . The resulting pattern of infection, followed by treatment, followed by the development of resistance, followed by more infections is familiar
to the medical community, as it has faced these same issues with multi-drug resistant",THERAPEUTICS,2014-05-02,SCYX,1999.0,2014.0,2834.0,Pharmaceutical Preparations,ritter_verified,
Ultragenyx Pharmaceutical,0001515673,,,"EXTRACTION FAILED, open s1_url directly",THERAPEUTICS,2014-01-31,RARE,2010.0,2014.0,2834.0,Pharmaceutical Preparations,ritter_verified,
XBiotech Inc,0001626878,https://www.sec.gov/Archives/edgar/data/1626878/000119312515028552/d833047ds1.htm,2/2/2015,"XBiotech is a
clinical-stage biopharmaceutical company engaged in discovering and developing “True Human™” monoclonal antibodies for treating a variety of diseases. True Human™ monoclonal antibodies are those which occur naturally in human
beings—as opposed to being derived from animal immunization or otherwise engineered. We believe that naturally occurring monoclonal antibodies have the potential to be safer and more effective than their non-naturally occurring counterparts.
While focused on bringing our lead product candidate to market, we also have developed a “True Human™” pipeline and manufacturing system. The majority of our efforts to date have concentrated on developing MABp1 (also known as Xilonix™, CA-18C3, CV-18C3, RA-18C3, and T2-18C3), a therapeutic antibody which specifically neutralizes interleukin-1 alpha (IL-1 a ).
IL-1 a is a pro-inflammatory protein produced by leukocytes and other cells, where it plays a key role in inflammation. When unchecked, inflammation can contribute to the development and progression of a
variety of different diseases, such as cancer, vascular disease, inflammatory skin disease, and diabetes. Our clinical studies have shown that blocking IL-1 a with MABp1 may have a beneficial effect in
several diseases.",THERAPEUTICS,2015-04-15,XBIT,2005.0,2015.0,2834.0,Pharmaceutical Preparations,ritter_verified,
Xencor Inc,0001326732,https://www.sec.gov/Archives/edgar/data/1326732/000104746913009603/a2216934zs-1.htm,10/11/2013,"We are a clinical-stage biopharmaceutical company focused on discovering and developing engineered monoclonal antibodies to treat
severe and life-threatening diseases with unmet medical needs. We use our proprietary XmAb technology platform to create next-generation antibody product candidates designed to treat autoimmune and
allergic diseases, cancer and other conditions. In contrast to conventional approaches to antibody design, which focus on the portion of antibodies that interact with target antigens, we focus on the
portion of the antibody that interacts with multiple segments of the immune system. This portion, referred to as the Fc domain, is constant and interchangeable among antibodies. Our engineered Fc
domains, the XmAb technology, can be readily substituted for natural Fc domains. We believe our Fc domains enhance antibody performance by, for example, increasing immune inhibitory activity,
improving cytotoxicity or extending circulating half-life, while typically maintaining over 99.5% identity in structure and sequence to natural antibodies. By improving over natural antibody function,
we believe that our XmAb-engineered antibodies offer innovative approaches to treating disease and potential clinical advantages over other treatments. Our
business strategy is based on the plug-and-play nature of the XmAb technology platform to modify features of natural antibodies and create numerous differentiated antibody product
candidates. We have internally generated a pipeline that has allowed us to selectively partner certain development programs while maintaining full ownership of other programs. We also have a number of
technology licenses under which we have licensed the XmAb technology platform to pharmaceutical and biotechnology companies for use in a limited number of programs, providing multiple revenue streams
that require no further resources from Xencor. There are currently five antibody product candidates in clinical trials that have been engineered with XmAb technology, including four candidates being
advanced by licensees and development partners. As of June 30, 2013, our XmAb technology platform is protected by 21 issued U.S. patents and 44 U.S. patent applications, in addition to foreign
counterparts.",THERAPEUTICS,2013-12-02,XNCR,1997.0,2013.0,2834.0,Pharmaceutical Preparations,ritter_verified,
Karyopharm Therapeutics,0001503802,,,"EXTRACTION FAILED, open s1_url directly",THERAPEUTICS,2013-11-06,KPTI,2008.0,2013.0,2834.0,Pharmaceutical Preparations,ritter_verified,
MacroGenics,0001125345,https://www.sec.gov/Archives/edgar/data/1125345/000119312513357191/d575431ds1.htm,9/4/2013,"We are a
clinical-stage biopharmaceutical company focused on discovering and developing innovative monoclonal antibody-based therapeutics for the treatment of cancer and autoimmune diseases. We generate our pipeline of product candidates from our proprietary
suite of next-generation antibody technology platforms, which we believe improve the performance of monoclonal antibodies and antibody-derived molecules. These product candidates, which we have identified through our understanding of disease biology
and immune-mediated mechanisms, may address disease-specific challenges which are not currently being met by existing therapies. We create both differentiated molecules that are directed to novel cancer targets, as well as “bio-betters,”
which are drugs designed to improve upon marketed medicines. The combination of our technology platforms and antibody engineering expertise has allowed us to generate promising product candidates and enter into several strategic collaborations with
global pharmaceutical and biotechnology companies. These collaborations provide us with funding and allow us to leverage the additional expertise of our collaborators to advance the development of our product candidates. We have three versatile, proprietary technology platforms that can be applied in combination with one another to custom design an
antibody or antibody-derived molecule that is optimized to treat a specific disease. These technologies are described below.",THERAPEUTICS,2013-10-10,MGNX,2000.0,2013.0,2834.0,Pharmaceutical Preparations,ritter_verified,
Fate Therapeutics,0001434316,https://www.sec.gov/Archives/edgar/data/1434316/000119312513333316/d552384ds1.htm,8/14/2013,"We are a
clinical-stage biopharmaceutical company engaged in the discovery and development of pharmacologic modulators of adult stem cells to treat orphan diseases, including certain hematologic malignancies, lysosomal storage disorders and muscular
dystrophies. Our novel approaches utilize established pharmacologic modalities, including small molecules and therapeutic proteins, and target well-characterized biological mechanisms to enhance the therapeutic potential of adult stem cells. Adult
stem cells play a key role in the growth, maintenance and repair of many tissues and organ systems in the body. Due to their natural ability to self-renew, and to regenerate and repair diseased or damaged tissue, adult stem cells hold considerable
therapeutic promise. Based on our deep understanding of key biological mechanisms that guide the fate of adult stem cells, we have built two platforms that modulate the activity of adult stem cells using techniques that operate both outside
of the body, or ex vivo , and within the body, or in vivo . Our HSC modulation platform focuses on the ex
vivo pharmacologic optimization of hematopoietic stem cells, or HSCs, which are adult stem cells that regenerate all types of blood cells throughout a person’s lifespan. HSCs have been used for decades in a potentially curative or
life-saving procedure called hematopoietic stem cell transplant, or HSCT. This procedure is most commonly performed in patients with hematologic malignancies to replace a diseased hematopoietic system with a healthy one. While over one million HSCT
procedures have been performed to date, we believe HSCs have not been pharmacologically optimized to improve patient outcomes.",THERAPEUTICS,2013-10-01,FATE,2007.0,2013.0,2836.0,"Biological Products, (No Diagnostic Substances)",ritter_verified,
Esperion Therapeutics Inc,0001434868,https://www.sec.gov/Archives/edgar/data/1434868/000104746913006083/a2214660zs-1.htm,5/14/2013,"We are a biopharmaceutical company focused on the research, development and commercialization of therapies for the treatment of
patients with elevated levels of low-density lipoprotein cholesterol (LDL-C) and other cardiometabolic risk factors. ETC-1002, our lead product candidate, is a
novel, first in class, orally available, once-daily small molecule therapy designed to target known lipid and carbohydrate metabolic pathways to lower levels of LDL-C and to
avoid many of the side effects associated with existing LDL-C lowering therapies. To date, we have treated 238 subjects in five completed clinical trials, including two Phase 2a
trials. We own the exclusive worldwide rights to ETC-1002. Our
founder, Executive Chairman and Chief Scientific Officer, Roger S. Newton, Ph.D., FAHA, co-discovered the statin marketed as Lipitor® (atorvastatin calcium),
the most prescribed LDL-C lowering therapy in the world and the best-selling drug in the history of the pharmaceutical industry. We believe our management team has demonstrated
expertise in understanding cholesterol biosynthesis and other related cardiometabolic pathways, the strengths and weaknesses of currently marketed therapies and the ability to recognize the potential
of novel cholesterol regulating therapies.",THERAPEUTICS,2013-06-25,ESPR,1998.0,2013.0,2834.0,Pharmaceutical Preparations,ritter_verified,
Enanta Pharmaceuticals Inc,0001177648,https://www.sec.gov/Archives/edgar/data/1177648/000119312512454422/d401292ds1.htm,11/6/2012,"We are a research and development-focused biotechnology company
that uses its robust chemistry-driven approach and drug discovery capabilities to create small molecule drugs in the infectious disease field. We are discovering and developing inhibitors designed for use against the hepatitis C virus, referred to
as HCV. We believe that a successful approach to a complete cure for HCV in most patients will likely require treatment with a combination of drugs that attack different mechanisms necessary for replication and survival of HCV. Further, as there are
many variants of HCV, we are developing inhibitors that may be used in multiple combination therapies, each designed and tested for effectiveness against one or more of those variants. Our development of inhibitors for validated HCV target
mechanisms, as well as our collaborations with Abbott Laboratories and Novartis, should allow us to participate in multiple unique drug combinations as we seek the best combination therapies for HCV in its various forms. Total worldwide sales of HCV
therapies were over $3.5 billion in 2011. We believe that annual worldwide sales of these therapies and future approved therapies could increase sales in this market to $10 to $20 billion within the next ten years. In addition to our HCV
programs, we have used our internal research capabilities to discover a new class of antibiotics which we are developing for the treatment of multi-drug resistant bacteria, including methicillin-resistant Staphylococcus aureus bacteria, also
referred to as MRSA. We have utilized our internal chemistry and drug discovery capabilities and our collaborations to generate all of our development-stage programs, and we have active research efforts to broaden our infectious disease drug
pipeline. We are pursuing four fundamental, validated targets within the HCV field that represent a broad approach to the
disease and specifically address the urgent unmet medical needs for the treatment of HCV. The following table summarizes our product development pipeline in HCV antivirals as well as MRSA antibiotics:",THERAPEUTICS,2013-03-20,ENTA,1995.0,2013.0,2834.0,Pharmaceutical Preparations,ritter_verified,
Zoetis Inc,0001555280,,,"EXTRACTION FAILED, open s1_url directly",THERAPEUTICS,2013-01-31,ZTS,1952.0,2013.0,2834.0,Pharmaceutical Preparations,ritter_verified,
Kala Pharmaceuticals Inc,0001479419,https://www.sec.gov/Archives/edgar/data/1479419/000104746917004207/a2232492zs-1.htm,6/23/2017,"We are a biopharmaceutical company focused on the development and commercialization of therapeutics using our proprietary nanoparticle-based
Mucus Penetrating Particles, or MPP, technology, with an initial focus on the treatment of eye diseases. Our MPPs are selectively-sized nanoparticles and have proprietary coatings. We believe that
these two key attributes enable even distribution of drug particles on mucosal surfaces and significantly increase drug delivery to target tissues by enhancing mobility of drug particles through mucus
and preventing drug particles from becoming trapped and eliminated by mucus. We have applied the MPP technology to create nanosuspensions of loteprednol etabonate, or LE, a corticosteroid designed for
ocular applications, resulting in two product candidates in Phase 3 clinical development, KPI-121 1.0% for the treatment of inflammation and pain following ocular surgery and KPI-121 0.25% for
the temporary relief of the signs and symptoms of dry eye disease. We anticipate submitting new drug applications, or NDAs, for these product candidates by the end of 2017 and the first half of 2018,
respectively. We
have completed two Phase 3 clinical trials of KPI-121 1.0%, our topical twice-a-day product candidate for patients with inflammation and pain following cataract surgery, which
is the most common type of ocular surgery in the United States. Commonly used topical ocular corticosteroid products for the treatment of post-operative inflammation and pain are approved for
dosing four times a day. In 2014, we conducted our first Phase 3 clinical trial, which was designed to evaluate KPI-121 1.0% administered twice a day and KPI-121 0.25% administered four times a
day. Statistical significance was achieved in the primary efficacy endpoints of complete resolution of inflammation at day eight maintained through day 15 with no need for rescue medication compared
to placebo and complete resolution of pain at day eight maintained through day 15 with no need for rescue medications compared to placebo with both KPI-121 1.0% and KPI-121 0.25%. Both KPI-121 1.0%
and KPI-121 0.25% were well-tolerated, with no treatment-related serious adverse events observed during the course of the trial. In May 2017, we announced topline results from the second, confirmatory
Phase 3 clinical trial. In this second Phase 3 clinical trial, administration of KPI-121 1.0% two times a day achieved statistical significance for both primary efficacy endpoints of complet",THERAPEUTICS,2017-07-20,KALA,2009.0,2017.0,2834.0,Pharmaceutical Preparations,ritter_verified,
Ascendis Pharma A/S,0001612042,,,"EXTRACTION FAILED, open s1_url directly",THERAPEUTICS,2015-01-28,ASND,2006.0,2015.0,2834.0,Pharmaceutical Preparations,ritter_verified,
Akebia Therapeutics Inc,0001517022,https://www.sec.gov/Archives/edgar/data/1517022/000119312514055104/d629509ds1.htm,2/14/2014,"To the extent that the underwriters sell more than
                shares of common stock, the underwriters have an option to purchase up to an additional
                shares from us at the initial public offering price, after deducting estimated underwriting discounts and commissions and estimated offering expenses
payable by us. We are a biopharmaceutical company focused on the development of novel
proprietary therapeutics based on hypoxia inducible factor, or HIF, biology and the commercialization of these products for patients with kidney disease. HIF is the primary regulator of the production of red blood cells, or RBCs, in the body and a
potentially novel mechanism of treating anemia. Our lead product candidate, AKB-6548, is being developed as a once-daily oral therapy that has successfully completed a Phase 2a proof of concept study demonstrating that AKB-6548 safely and
predictably raised hemoglobin levels in patients with anemia secondary to chronic kidney disease, or CKD, not requiring dialysis.",THERAPEUTICS,2014-03-20,AKBA,2007.0,2014.0,2834.0,Pharmaceutical Preparations,ritter_verified,
CRISPR Therapeutics AG,0001674416,https://www.sec.gov/Archives/edgar/data/1674416/000119312516706569/d183927ds1.htm,9/9/2016,"Bayer Global Investments B.V., an existing shareholder and
an affiliate of Bayer HealthCare LLC, our joint venture partner, has agreed to purchase from us concurrently with this offering in a private placement $35 million of our common shares at a price per share equal to the initial public offering
price. See “Concurrent Private Placement.” We are organized under the laws of Switzerland and our
registered office and domicile is located in Basel, Switzerland. Moreover, certain of our directors and executive officers are not residents of the United States, and all or a substantial portion of the assets of such persons are located outside the
United States. As a result, it may not be possible for investors to effect service of process within the United States upon us or upon such persons or to enforce against them judgments obtained in U.S. courts, including judgments in actions
predicated upon the civil liability provisions of the federal securities laws of the United States. We have been advised by our Swiss counsel that there is doubt as to the enforceability in Switzerland of original actions, or of actions for
enforcement of judgments of U.S. courts of civil liabilities to the extent solely predicated upon the federal and state securities laws of the United States. See “Enforcement of Judgments” for additional information.",THERAPEUTICS,2016-10-19,CRSP,2013.0,2016.0,2836.0,"Biological Products, (No Diagnostic Substances)",ritter_verified,
Syndax Pharmaceuticals Inc,0001395937,https://www.sec.gov/Archives/edgar/data/1395937/000119312514118735/d623076ds1.htm,3/27/2014,"We are a late-stage biopharmaceutical company focused on the development and
commercialization of our lead product candidate, entinostat, an epigenetic therapy for treatment-resistant cancers. Entinostat was recently granted Breakthrough Therapy designation by the U.S. Food and Drug Administration, or FDA, based on data from
our completed randomized Phase 2b clinical trial in estrogen receptor positive, or ER+, locally recurrent or metastatic breast cancer. This trial showed statistically significant improvement in the primary endpoint of progression-free survival,
or PFS, and showed statistically significant improvement in overall survival, an exploratory endpoint. We and our collaborators at the National Cancer Institute, or NCI, will evaluate entinostat in a pivotal Phase 3 clinical trial in hormone
receptor, or HR, positive locally advanced or metastatic breast cancer, which we refer to as advanced breast cancer. The Phase 3 clinical trial will be conducted in collaboration with the Eastern Cooperative Oncology Group – American
College of Radiology Imaging Network, or ECOG-ACRIN, under sponsorship and funding support from the NCI. The protocol for the Phase 3 clinical trial was reviewed and agreed upon by the FDA under a Special Protocol Assessment, or SPA, agreement
with the NCI in January 2014. ECOG-ACRIN activated the trial in March 2014 and we expect patient enrollment to begin in April 2014. To
further enhance our breast cancer program, we intend to conduct a Phase 2 clinical trial to further study the association between a potential biomarker of entinostat activity and clinical outcome, which we identified in our previous trial, and
to explore entinostat’s use with another hormonal therapy. Additional investigator- and NCI-sponsored trials are being conducted to provide Phase 2 proof-of-concept data for entinostat in metastatic lung cancer and other solid and
hematologic cancers. To date, we have efficacy and safety data for entinostat in more than 850 patients.",THERAPEUTICS,2016-03-03,SNDX,2005.0,2016.0,2834.0,Pharmaceutical Preparations,ritter_verified,
Ovid Therapeutics Inc,0001636651,https://www.sec.gov/Archives/edgar/data/1636651/000119312517118846/d286200ds1.htm,4/10/2017,"We are a biopharmaceutical company focused exclusively on developing impactful medicines for patients and
families living with rare neurological disorders. We believe these disorders represent an attractive area for drug development as the understanding of the underlying biology has grown meaningfully over the last few years; yet has remained
underappreciated by the industry. Our experienced team began with a vision to integrate the biology and symptomology of rare neurological conditions to employ innovative research and clinical strategies for the development of our drug candidates.
Using recent scientific advances in genetics and the biological pathways of the brain, we have created a proprietary map of disease-relevant pathways to identify and acquire novel compounds for the treatment of rare neurological disorders. We are
executing on our strategy by in-licensing and collaborating with leading biopharmaceutical companies and academic institutions. We are developing a robust pipeline of clinical assets with an initial focus on neurodevelopmental disorders and rare
epileptic encephalopathies. Our most advanced candidate, OV101, has commenced a Phase 2 trial, which is primarily a safety trial that is designed to provide proof-of-concept on efficacy parameters, in adults with Angelman syndrome. OV101 has also
commenced a Phase 1 trial in adolescents with Angelman syndrome or Fragile X syndrome. Our second lead drug candidate, OV935, is expected to commence a Phase 1b/2a trial in rare epileptic encephalopathies in 2017. We are developing OV101, our most advanced drug candidate,
for the treatment of Angelman syndrome and Fragile X syndrome, two neurodevelopmental disorders that are characterized by similar symptoms due to decreased tonic inhibition. Angelman syndrome and Fragile X syndrome have overlapping symptoms,
including sleep disorder, aberrant behavior, anxiety and cognitive or intellectual disabilities. Both of these disorders are typically diagnosable in early childhood and require full-time care for the patients affected.",THERAPEUTICS,2017-05-05,OVID,2014.0,2017.0,2834.0,Pharmaceutical Preparations,ritter_verified,
Viking Therapeutics Inc,0001607678,https://www.sec.gov/Archives/edgar/data/1607678/000119312514257855/d711611ds1.htm,7/1/2014,"We are a clinical-stage
biopharmaceutical company focused on the development of novel, first-in-class or best-in-class therapies for metabolic and endocrine disorders. We have exclusive worldwide rights to a portfolio of five drug candidates in clinical trials or
preclinical studies, which are based on small molecules licensed from Ligand Pharmaceuticals Incorporated, or Ligand. Our lead clinical program is VK0612, a first-in-class, orally available drug candidate entering a Phase 2b clinical trial for type
2 diabetes, one of the largest global healthcare challenges today. Preliminary clinical data suggest VK0612 has the potential to provide substantial glucose-lowering effects, with an attractive safety and convenience profile compared with existing
type 2 diabetes therapies. Our second clinical program is VK5211, an orally available drug candidate entering a Phase 2 clinical trial for the treatment of cancer cachexia, a complex disease characterized by an uncontrolled decline in muscle mass.
VK5211 is designed to selectively produce the therapeutic benefits of testosterone in muscle tissue, with improved safety, tolerability and patient acceptance compared with administration of exogenous testosterone. We expect to commence Phase 2
clinical trials for both VK0612 and VK5211 in early 2015 and to complete the clinical trials in 2016. We are also developing three preclinical programs targeting metabolic diseases and anemia. Our most advanced preclinical program is VK0214, a novel
liver-selective thyroid hormone receptor beta, or TRß, agonist for lipid disorders such as dyslipidemia and nonalcoholic steatohepatitis, or NASH. We expect to file an investigational new drug application, or IND, and commence clinical trials
for this program in 2015. VK0612 is a potent, selective inhibitor of fructose-1,6-bisphosphatase, or FBPase, an enzyme that plays an important role in endogenous glucose production, or
the synthesis of glucose by the body. We believe the inhibition of FBPase provides an attractive approach to controlling blood glucose levels in patients with diabetes. Clinical trials have shown that VK0612 is safe, well-tolerated and leads to
significant glucose-lowering effects in patients with type 2 diabetes. We intend to commence a Phase 2b clinical trial of VK0612 in approximately 500 patients with poorly-controlled type 2 diabetes, defined as having baseline fasting plasma glucose,
or FPG, levels greater than or equal to 180 mg/dL. We expect to commence ",THERAPEUTICS,2015-04-29,VKTX,2012.0,2015.0,2834.0,Pharmaceutical Preparations,ritter_verified,
Urogen Pharma Ltd,0001668243,,,"EXTRACTION FAILED, open s1_url directly",THERAPEUTICS,2017-05-04,URGN,2004.0,2017.0,2834.0,Pharmaceutical Preparations,ritter_verified,
Zymeworks Inc,0001937653,,,"EXTRACTION FAILED, open s1_url directly",THERAPEUTICS,2017-04-28,ZYME,2003.0,2017.0,2834.0,Pharmaceutical Preparations,ritter_verified,
Beyondspring Inc,0001677940,,,"EXTRACTION FAILED, open s1_url directly",THERAPEUTICS,2017-03-09,BYSI,2014.0,2017.0,2834.0,Pharmaceutical Preparations,ritter_verified,
AnaptysBio Inc,0001370053,https://www.sec.gov/Archives/edgar/data/1370053/000119312515315918/d942137ds1.htm,9/9/2015,"We are a biotechnology company developing
first-in-class antibody product candidates focused on unmet medical needs in inflammation and immuno-oncology. We develop our product candidates using our proprietary antibody discovery technology platform, which is designed to replicate, in
vitro, the natural process of antibody generation. Our platform is based upon a breakthrough understanding of somatic hypermutation, the key biological process utilized to generate antibodies, which enables us to rapidly develop highly
functional antibody drug candidates against emerging biological targets. Our most advanced, wholly-owned programs, ANB020 and ANB019, are being developed to treat severe inflammatory disorders with unmet medical need. In 2016, we plan to initiate
clinical trials of ANB020, an antibody that inhibits the activity of interleukin-33 for the treatment of severe adult asthma and severe adult peanut allergy, and ANB019, an antibody that inhibits the interleukin-36 receptor for the treatment of rare
inflammatory diseases called generalized pustular psoriasis (GPP) and palmo-plantar pustular psoriasis (PPP). Our company is led by a strong management team with a proven track record of successfully growing biotechnology companies with deep
experience in antibody discovery and development, collaborations, operations and corporate finance. Our investors include Biotechnology Value Fund, Cormorant Asset Management, Frazier Healthcare, HBM Partners, Longwood Capital Partners and Novo A/S. Additionally, we have entered into multiple collaborations from which we expect four programs will enter the clinic by the end of 2016. Our
collaborations include an immuno-oncology-focused collaboration with TESARO, Inc. and TESARO Development, Ltd., or collectively, TESARO, and an inflammation-focused collaboration with Celgene Corporation, or Celgene. Through August 31, 2015, we have
received non-dilutive funding of $48.7 million from our collaborators.",THERAPEUTICS,2017-01-26,ANAB,2005.0,2017.0,2834.0,Pharmaceutical Preparations,ritter_verified,
AC Immune SA,0001651625,,,"EXTRACTION FAILED, open s1_url directly",THERAPEUTICS,2016-09-23,ACIU,2003.0,2016.0,2834.0,Pharmaceutical Preparations,ritter_verified,
Protagonist Therapeutics Inc,0001377121,https://www.sec.gov/Archives/edgar/data/1377121/000119312516645574/d144462ds1.htm,7/11/2016,"We are a clinical-stage
biopharmaceutical company with a proprietary technology platform focused on discovering and developing peptide-based new chemical entities (NCEs) to address significant unmet medical needs. Our primary focus is on developing first-in-class oral
peptide drugs that specifically target biological pathways also targeted by currently marketed injectable antibody drugs. Compared to injectable antibody drugs, our oral peptides offer targeted delivery to the gastrointestinal (GI) tissue
compartment, potential for improved safety due to minimal exposure in the blood, improved convenience and compliance due to oral delivery, and the opportunity for earlier introduction of targeted therapy for inflammatory bowel disease (IBD). Our
initial lead product candidates, PTG-100 and PTG-200, are based on this approach, and we believe they have the potential to transform the existing treatment paradigm for IBD, a GI disease consisting primarily of ulcerative colitis (UC) and
Crohn’s disease (CD). PTG-100 is a potential first-in-class oral, alpha-4-beta-7 ( a 4 b 7) integrin-specific antagonist peptide product candidate which has now completed a Phase 1 clinical trial in normal healthy volunteers (NHVs). Integrins are T cell receptors that facilitate migration of
inflammatory cells into the GI tissue. An integrin antagonist peptide is a small molecule designed to block this migration, which is a hallmark of IBD. In our Phase 1 clinical trial, we have established pharmacological proof-of-concept (POC) based
on pharmacodynamic (PD) indicators. We plan to initiate a Phase 2b clinical trial in moderate-to-severe UC patients by the end of the fourth quarter of 2016. The a 4 b 7 integrin is targeted by currently marketed injectable antibody drugs and the integrin pathway is considered to be one of the most specific biological
mechanisms for IBD. Our second product candidate, PTG-200, is a potential first-in-class oral Interleukin-23 receptor (IL-23R) antagonist being developed initially for moderate-to-severe CD. Interleukin-23 is a protein produced by white blood cells
that regulates inflammatory and immune functions. PTG-200 is currently in Investigational New Drug (IND) enabling studies, and we plan to initiate a Phase 1 clinical trial in 2017.",THERAPEUTICS,2016-08-11,PTGX,2006.0,2016.0,2834.0,Pharmaceutical Preparations,ritter_verified,
Moleculin Biotech Inc,0001659617,https://www.sec.gov/Archives/edgar/data/1659617/000114420416078258/v430044_s1.htm,2/1/2016,"Prior to this offering, there has been no public market for our common stock. It is currently estimated
that the initial public offering price per share will be between $5.00 and $6.00. We have applied to list the common stock on the
Nasdaq Capital Market under the symbol “MBRX”. If the application is approved, trading of our common stock on the Nasdaq
Capital Market is expected to begin within five days after the initial issuance of the common stock. If our common stock is not
approved for listing on the Nasdaq Capital Market, we will not consummate this offering. Bonwick Capital Partners LLC is acting as the sole representative of the underwriters and, together with
Network 1 Financial Securities, Inc., is acting as co-manager for this offering. The underwriters are selling shares of our common
stock in this offering on a best efforts basis. We do not intend to close this offering unless we sell at least a minimum number
of 1,400,000 shares of common stock, at the price per share set forth in the table above, and otherwise satisfy the listing conditions
to trade our common stock on the NASDAQ Capital Market. This offering will terminate on [*], 2016 (60 days after the date of this
prospectus), unless we sell the maximum number of shares of common stock set forth above before that date or we decide to terminate
this offering prior to that date. The gross proceeds of this offering will be deposited at Signature Bank in an escrow account
established by us, until we have sold a minimum of 1,400,000 shares of common stock and otherwise satisfy the listing conditions
to trade our common stock on the Nasdaq Capital Market. Once we satisfy the minimum stock sale and Nasdaq listing conditions, the
funds will be released to us. In the event we do not sell a minimum of 1,400,000 shares of common stock and raise minimum gross
proceeds of $7,000,000 by [*], 2016, all funds received will be promptly returned to investors without interest or offset. See
“Prospectus Summary - The Offering” on page 7.",THERAPEUTICS,2016-06-02,MBRX,2015.0,2016.0,2834.0,Pharmaceutical Preparations,ritter_verified,
Corvus Pharmaceuticals Inc,0001626971,https://www.sec.gov/Archives/edgar/data/1626971/000104746916009531/a2226867zs-1.htm,1/4/2016,"We are a clinical stage biopharmaceutical company focused on the development and commercialization of novel immuno-oncology therapies
that are designed to harness the immune system to attack cancer cells. Since we began operations in November 2014, we have built a pipeline of four immuno-oncology programs, three of which focus on
the adenosine-cancer axis to modulate an immune response. Our lead product candidate, CPI-444, is an oral, small molecule antagonist of the A2A receptor for adenosine, an immune checkpoint. We
plan to begin a large expansion cohort trial for CPI-444 in the first quarter of 2016. This Phase 1/1b clinical trial is designed to examine safety, tolerability, biomarkers and preliminary
efficacy of CPI-444 in several solid tumor types, both as a single agent and in combination with Genentech, Inc.'s investigational cancer immunotherapy, atezolizumab, a fully humanized
monoclonal antibody targeting PDL-1. We have a lead development candidate for our second program, an anti-CD73 monoclonal antibody that inhibits the production of adenosine, and plan to select
development candidates for our other two programs in 2016. We believe the breadth and status of our pipeline demonstrates our management team's expertise in understanding and developing
immuno-oncology assets as well as in identifying product candidates that can be in-licensed and further developed internally to treat many types of cancer. We hold worldwide rights to all of our
product candidates. Immuno-oncology therapies that stimulate or enhance immune responses to tumors are a new and emerging approach with several potential
benefits over existing therapies. First, the immune system exhibits immunologic diversity and selectivity, which enables it to respond to a large number of potential targets. Second, once triggered,
the immune response can be amplified, offering the potential to enhance the efficacy of treatment. Third, once activated, the immune system possesses immunologic memory, potentially providing for a
durable and long-lasting response. Some of the most successful types of immuno-oncology therapies are immune checkpoint inhibitors. Immune checkpoints are signaling molecules produced by or expressed
on immune cells that act to shut down or block an immune response. In a healthy person, these checkpoints function to limit an immune response to ensure that the immune system does not overreact,
which could lead to excessive inflammation and tissue damage, as occurs in pati",THERAPEUTICS,2016-03-23,CRVS,2014.0,2016.0,2834.0,Pharmaceutical Preparations,ritter_verified,
Editas Medicine Inc,0001650664,https://www.sec.gov/Archives/edgar/data/1650664/000104746916009534/a2226902zs-1.htm,1/4/2016,"We are a leading genome editing company dedicated to treating patients with genetically defined diseases by correcting their
disease-causing genes. We believe that we have entered a new era of genomic medicine as the growth of genomic information in recent decades has significantly expanded the understanding of genetically
defined diseases. A new technology known as CRISPR (clustered, regularly interspaced short palindromic repeats)/Cas9 (CRISPR associated protein 9) has the potential to achieve precise, directed
changes in DNA. The confluence of these two streams of scientific endeavor, understanding genetic defects and having the tools to be able to address them, creates the opportunity for us to achieve a
longstanding goal of medicine: to treat the root causes of diseases at the genetic level. While genetic defects are now recognized as the causes of many diseases, the vast majority of these diseases
lack effective treatments. Of the estimated 6,000 diseases that are known to be caused by genetic mutations, we believe fewer than 5% are served by approved therapies. Our mission is to translate the
promise of our science into a broad class of transformative genomic medicines to benefit the greatest number of patients. We
are developing a proprietary genome editing platform based on CRISPR/Cas9 technology. CRISPR/Cas9 uses a protein-RNA complex composed of the Cas9 enzyme bound to a guide RNA molecule
designed to recognize a particular DNA sequence. The RNA molecule guides the Cas9 complex to the location in the genome that requires repair. Once there, the complex makes a specific cut in the DNA,
ultimately triggering the cell's DNA repair machinery to address the genetic defect. Our platform consists of four interrelated components: nuclease engineering, delivery, control and specificity, and
directed editing. These components are designed to develop medicines that specifically address a wide variety of genetic targets, reach the site of disease safely and effectively, tightly and
specifically control the editing process, and drive the right kind of genetic repair. Our preclinical drug discovery platform uses the flexibility of CRISPR/Cas9 technology to enable rapid
reprogramming of the Cas9-guide RNA complex with the potential to direct it to almost any site in the human genome. Using this platform, we aim to develop and advance a broad range of therapies for
genetically defined diseases.",THERAPEUTICS,2016-02-03,EDIT,2013.0,2016.0,2836.0,"Biological Products, (No Diagnostic Substances)",ritter_verified,
Aclaris Therapeutics Inc,0001557746,https://www.sec.gov/Archives/edgar/data/1557746/000104746915006870/a2225650zs-1.htm,8/17/2015,"We are a clinical-stage specialty pharmaceutical company focused on identifying, developing and commercializing innovative and differentiated topical
drugs to address significant unmet needs in dermatology. Our lead drug candidate, A-101, is a proprietary high-concentration hydrogen peroxide topical solution that we are developing as a prescription
treatment for seborrheic keratosis, or SK, a common non-malignant skin tumor. We have completed three Phase 2 clinical trials of A-101 in over 300 patients with SK. In these trials, following
one or two applications of A-101, we observed clinically relevant and statistically significant improvements in clearing SK lesions on the face, trunk and extremities of the body. Clinically relevant
means that the observed results suggest a potential meaningful medical benefit, and statistically significant means that there is a low statistical probability, typically less than 5%, that the
observed results occurred by chance alone. We plan to commence three Phase 3 clinical trials of A-101 in patients with SK in the second half of 2015 and, if the results of these trials are
favorable, to submit a New Drug Application, or NDA, for A-101 for the treatment of SK to the U.S. Food and Drug Administration, or FDA, in the second half of 2016. We also intend to develop A-101 as
a prescription treatment for common warts and A-102, a proprietary gel dosage form of hydrogen peroxide, as a prescription treatment for SK and common warts. In addition, we intend to in-license or
acquire additional drug candidates for other dermatological conditions to build a fully integrated dermatology company. SK
lesions are among the most common non-malignant skin tumors and one of the most frequent diagnoses made by dermatologists. SK lesions typically have a waxy, scaly, slightly elevated appearance, and
multiple lesions are often present. Though the lesions are non-malignant, patients often elect to have their condition treated by a dermatologist, either because the lesions have become inflamed or
because the patient feels they are cosmetically unattractive. SK lesions are usually treated by cryosurgery, electrodesiccation, curettage or excision. Each of these methods may be painful or can
result in pigmentary changes or scarring at the treatment site. No drugs have been approved by the FDA for the treatment of SK.",THERAPEUTICS,2015-10-07,ACRS,2012.0,2015.0,2834.0,Pharmaceutical Preparations,ritter_verified,
Collegium Pharmaceutical Inc,0001267565,https://www.sec.gov/Archives/edgar/data/1267565/000104746915003143/a2224034zs-1.htm,4/2/2015,"We are a specialty pharmaceutical company developing and planning to commercialize next-generation abuse-deterrent products that incorporate our
patented DETERx® platform technology for the treatment of chronic pain and other diseases. Our lead product candidate, Xtampza ER™, or Xtampza, is an abuse-deterrent,
extended-release, oral formulation of oxycodone, a widely prescribed opioid medication. Xtampza has received Fast Track status from the U.S. Food and Drug Administration, or FDA. Our new drug
application, or NDA, filing for Xtampza was accepted by the FDA on February 10, 2015. On February 25, 2015, the FDA set a Prescription Drug User Fee Act, or PDUFA, goal date of
October 12, 2015 for completion of its review of the Xtampza NDA. Xtampza
has the same active ingredient as OxyContin® OP, which is the largest selling abuse-deterrent, extended-release opioid in the United States by dollars, with $2.5 billion in
U.S. sales in 2014. We conducted a comprehensive preclinical and clinical program for Xtampza consistent with FDA guidance on abuse-deterrence. These studies and clinical trials demonstrated that
chewing, crushing and/or dissolving Xtampza, and then taking it orally or smoking, snorting or injecting it did not meaningfully change its drug release profile or safety characteristics. By contrast,
clinical trials performed by us and others — including a head-to-head clinical trial comparing Xtampza with OxyContin OP — have shown that drug abusers can
achieve rapid release and absorption of the active ingredient by manipulating OxyContin OP using common household tools and methods commonly available on the Internet.",THERAPEUTICS,2015-05-07,COLL,2002.0,2015.0,2834.0,Pharmaceutical Preparations,ritter_verified,
Seres Therapeutics Inc,0001609809,https://www.sec.gov/Archives/edgar/data/1609809/000119312515202059/d816354ds1.htm,5/27/2015,"We are a
microbiome therapeutics platform company developing a novel class of biological drugs, which we refer to as Ecobiotic microbiome therapeutics. The human microbiome is an ecology of microorganisms, including bacteria, fungi and viruses, that, when
unhealthy, or dysbiotic, can leave the body more susceptible to infections, metabolic disorders, allergies, autoimmune disease, inflammation and other conditions. Our drugs are designed to restore health by repairing the function of a dysbiotic
microbiome. We are initially focused on implementing our microbiome therapeutics platform to develop Ecobiotic microbiome therapeutics that treat dysbiosis in the colonic microbiome, one of the most diverse microbiomes in the human body. SER-109,
our lead product candidate, is designed to prevent further recurrences of Clostridium difficile infection, or CDI, a debilitating infection of the colon and, if approved by the U.S. Food and Drug Administration, or FDA, could be a
first-in-field drug. In our Phase 1b/2 clinical study of SER-109 in recurrent CDI patients, 97% of patients achieved a clinical cure, which we defined as the absence of CDI requiring antibiotic treatment during the eight-week period after SER-109
dosing. Based on these data and discussions with the FDA, we initiated a Phase 2 clinical study of SER-109 for recurrent CDI and dosed the first patient in May 2015. We expect study results in the middle of 2016. The human microbiome is one of the richest and most diverse ecosystems on earth, with a population of more than 100 trillion microorganisms that
live in our intestines, mouth, skin and elsewhere in the body. Among the various microbiomes in the human body, the colonic microbiome is one of the most diverse microbial communities. In a healthy, symbiotic state the colonic microbiome plays an
important role in human health, helping the body digest food, resist pathogens, regulate the metabolic system and synthesize essential nutrients and vitamins. However, the colonic microbiome may change in composition for a variety of reasons,
including in response to long-term or high-dose antibiotics and following gastrointestinal infection. These changes in composition result in the loss of key microbes, resulting in a state of dysbiosis. Dysbiosis of the colonic microbiome is
associated with a wide range of disease and infections, such as gastrointestinal infection and inflammatory and metabolic diseases.",THERAPEUTICS,2015-06-26,MCRB,2010.0,2015.0,2834.0,Pharmaceutical Preparations,ritter_verified,
vTv Therapeutics Inc,0001641489,https://www.sec.gov/Archives/edgar/data/1641489/000156761915000828/s000893x3_s1.htm,6/15/2015,"We are a clinical-stage biopharmaceutical company engaged in the discovery and development of orally administered small molecule drug candidates to fill significant unmet medical needs. We have a powerful pipeline of clinical drug candidates, led by our programs for the treatment of Alzheimer’s disease (“AD”) and type 2 diabetes. Our drug candidate for the treatment of AD, azeliragon ( TTP488 ), is an orally administered, small molecule antagonist targeting the receptor for advanced glycation endproducts (“RAGE”), and we have commenced patient enrollment in a Phase 3 clinical trial (the “ Steadfast Study”) under an FDA-agreed Special Protocol Assessment (“SPA”). Our type 2 diabetes drug candidates include TTP399 , an orally administered, liver-selective glucokinase activator (“GKA”), for which we are currently enrolling patients in a Phase 2b clinical trial (the “AGATA Study”), and TTP273 , an orally administered, non-peptide agonist that targets the glucagon-like peptide-1 receptor (“GLP-1r”), which we anticipate will enter a Phase 2 clinical trial in early 2016. We have three additional programs in various stages of clinical development for the prevention of muscle weakness and the treatment of inflammatory disorders. Alzheimer’s disease is a progressive neurodegenerative disorder that slowly destroys memory and thinking skills, with a number of other behavioral and neuropsychiatric symptoms. While estimates of the prevalence of AD vary, the Alzheimer’s Association estimates that in 2015 there are 5.3 million people in the",THERAPEUTICS,2015-07-30,VTVT,1998.0,2015.0,2834.0,Pharmaceutical Preparations,ritter_verified,
Regenxbio Inc,0001590877,https://www.sec.gov/Archives/edgar/data/1590877/000119312515292943/d938481ds1.htm,8/17/2015,"We are a leading biotechnology company focused on the development, commercialization and licensing of recombinant adeno-associated virus (AAV)
gene therapy. Our proprietary AAV gene delivery platform (our NAV Technology Platform) consists of exclusive rights to over 100 novel AAV vectors, including AAV7, AAV8, AAV9 and AAVrh10 (NAV Vectors). Our mission is to transform the lives of
patients suffering from severe diseases with significant unmet medical needs by developing and commercializing gene therapy products administered directly into the body, or in vivo , based on our NAV Technology Platform. We seek to accomplish
our mission through a combination of our internal development efforts and the efforts of our third-party licensees (NAV Technology Licensees). Our NAV Technology Platform is currently being applied in the development of 23 product candidates for a
variety of diseases, including five internally developed product candidates and 18 partnered product candidates developed by our NAV Technology Licensees. Our most advanced internally developed candidates include programs for the treatment of two severe, rare genetic diseases: homozygous familial
hypercholesterolemia (HoFH) and Mucopolysaccharidosis Type I (MPS I). We expect these programs to enter Phase I/II clinical trials in the first half of 2016. We also have a program for wet age-related macular degeneration (wet AMD) that is in the
preclinical stage and for which we expect to file an Investigational New Drug application (IND) in the second half of 2016. We plan to build internal gene therapy franchises in the metabolic, neurodegenerative and retinal therapeutic areas, and
develop multiple product candidates in these and other areas.",THERAPEUTICS,2015-09-17,RGNX,2008.0,2015.0,2836.0,"Biological Products, (No Diagnostic Substances)",ritter_verified,
CytomX Therapeutics Inc,0001501989,https://www.sec.gov/Archives/edgar/data/1501989/000119312515307013/d948537ds1.htm,8/28/2015,"We are an oncology-focused biopharmaceutical company pioneering a novel class of antibody therapeutics based on our Probody
technology platform. We are using our platform to create proprietary cancer immunotherapies against clinically-validated targets as well as to develop first-in-class cancer therapeutics against novel targets. We believe that our Probody platform
will allow us to improve the combined efficacy and safety profile, or therapeutic window, of monoclonal antibody modalities including cancer immunotherapies, antibody drug conjugates (“ADCs”) and T-cell-recruiting bispecific antibodies.
Our Probody therapeutics are designed to take advantage of unique conditions in the tumor microenvironment to enhance the tumor-targeting features of an antibody and reduce drug activity in healthy tissues. We are currently developing Probody
therapeutics that address clinically-validated cancer targets in immuno-oncology, such as PD-L1, as well as novel targets, such as CD-166, that are difficult to drug and lead to concerns about damage to healthy tissues, or toxicities. In addition to
our proprietary programs, we are collaborating with strategic partners including Bristol-Myers Squibb Company (“BMS”), Pfizer Inc. (“Pfizer”) and ImmunoGen, Inc. (“ImmunoGen”) to develop selected Probody therapeutics.
Our broad technology platform and lead product candidates are supported by a decade of thorough scientific research and strong intellectual property, and we are advancing these candidates toward clinical trials. Our vision is to transform lives with
safer, more effective therapies. To realize this vision we are executing on our mission of changing the treatment of cancer by urgently advancing our Probody pipeline. The premise of our Probody platform is to apply the prodrug concept to create a therapeutic antibody that remains inactive until it reaches
the tumor. Probody therapeutics therefore have the potential to produce additional tumor specificity and enhanced safety profiles because they are designed to have limited interaction with their molecular targets in healthy tissue. This approach of
dosing drugs in a form such that they are only activated after reaching certain tissues is called the prodrug approach, and has been used with many small molecule drugs, but has never before been effectively pursued using therapeutic antibodies.",THERAPEUTICS,2015-10-08,CTMX,2008.0,2015.0,2834.0,Pharmaceutical Preparations,ritter_verified,
WaVe Life Sciences Ltd,0001631574,https://www.sec.gov/Archives/edgar/data/1631574/000119312515341447/d42123ds1.htm,10/9/2015,"We are a preclinical biopharmaceutical company with an innovative and proprietary synthetic chemistry drug development platform that we are using to design, develop and
commercialize a broad pipeline of first-in-class or best-in-class nucleic acid therapeutic candidates. Nucleic acid therapeutics have the potential to address diseases that have been difficult to treat with small molecule drugs or biologics and have
emerged as a large and promising class of drugs. We are initially developing nucleic acid therapeutics that target genetic defects to either reduce the expression of disease-promoting proteins or transform the production of dysfunctional mutant
proteins into the production of functional proteins. Our platform is driven by our innovative and proprietary stereochemistry technology, enabling us to rationally design, optimize and manufacture stereopure nucleic acid therapeutics, which we
believe possess drug properties that are superior to the stereoisomer mixtures of oligonucleotides currently on the market or in development by others. Building upon the innovative work of our scientific founders, Gregory L. Verdine, Ph.D. and
Takeshi Wada, Ph.D., we have demonstrated the benefits of our stereopure nucleic acid therapeutics in preclinical studies. Our platform can be used to design therapies that utilize any of the major molecular mechanisms employed by nucleic acid
therapeutics, including antisense, ribonucleic acid interference, or RNAi, exon skipping and others. Our goal is to develop disease-modifying drugs for indications
with a high degree of unmet medical need, in both orphan and broad diseases. We are initially focused on designing single-stranded nucleic acid therapeutics that can distribute broadly within the human body, allowing us to target diseases across
multiple organ systems and tissues, through both systemic and local administration. Our most advanced therapeutic programs are in Huntington’s disease, Duchenne muscular dystrophy, or DMD, and inflammatory bowel disease, or IBD. In
Huntington’s disease, we have programs targeting HTT SNP-1 and HTT SNP-2; in DMD, we are targeting Exon 51; and in IBD, we are targeting SMAD7. We have product candidates in our programs targeting HTT SNP-1 and Exon 51, and we expect to
select lead candidates in our HTT SNP-2 and SMAD7 programs in late 2015 and early 2016, respectively. We also expect to file investigational new drug applications, or INDs, with the U.S. Food and Drug Administration, or FDA, ",THERAPEUTICS,2015-11-11,WVE,2012.0,2015.0,2834.0,Pharmaceutical Preparations,ritter_verified,
Voyager Therapeutics Inc,0001640266,https://www.sec.gov/Archives/edgar/data/1640266/000104746915007779/a2226176zs-1.htm,10/9/2015,"We are a clinical-stage gene therapy company focused on developing life-changing treatments for patients suffering from severe diseases
of the central nervous system, or CNS. We focus on CNS diseases where we believe that an adeno-associated virus, or AAV, gene therapy approach that either increases or decreases the production of a
specific protein can slow or reduce the symptoms experienced by patients, and therefore have a clinically meaningful impact. We have created a product engine that enables us to engineer, optimize,
manufacture and deliver our AAV-based gene therapies that have the potential to provide durable efficacy following a single administration directly to the CNS. Our product engine has rapidly generated
programs for five CNS indications, including advanced Parkinson's disease; a monogenic form of amyotrophic lateral sclerosis, or a form of the disease caused by a single gene mutation; Friedreich's
ataxia; Huntington's disease; and spinal muscular atrophy. Our most advanced clinical candidate, VY-AADC01, is being evaluated for the treatment of advanced Parkinson's disease in an open-label,
Phase 1b clinical trial with the goal of generating human proof-of-concept data in the second half of 2016. Our founders and members of our management team have extensive experience in drug
discovery and development and have pioneered significant advances within the fields of AAV gene therapy and neuroscience. Gene therapy is an approach whereby gene expression is directly altered in patients to address the underlying cause or predominant
manifestations of disease. CNS diseases are a leading driver of global disease burden and represent the single largest biopharmaceutical market with estimated worldwide annual sales of over
$125 billion in 2013, with the five severe CNS indications that we are currently targeting representing only a portion of this market. Due to the limited treatment options available for many
CNS diseases, there remains significant unmet medical need and an opportunity for AAV gene therapy to transform the lives of many patients with CNS diseases. We believe that the targeted nature of
gene therapy will enable powerful treatment options and provide patients with meaningful and durable benefits.",THERAPEUTICS,2015-11-11,VYGR,2013.0,2015.0,2836.0,"Biological Products, (No Diagnostic Substances)",ritter_verified,
Axsome Therapeutics Inc,0001579428,https://www.sec.gov/Archives/edgar/data/1579428/000104746915007821/a2226220zs-1.htm,10/13/2015,"We are a clinical stage biopharmaceutical company developing novel therapies for the management of pain and other central nervous
system, or CNS, disorders. By focusing on this therapeutic area, we are addressing significant and growing markets where current treatment options are limited or inadequate. Our product candidate
portfolio includes two late-stage candidates, AXS-02 and AXS-05, which we are developing for multiple indications. We recently initiated a Phase 3 trial with AXS-02 in complex regional pain
syndrome and plan to initiate a Phase 3 trial with AXS-05 in treatment resistant depression in or before the first quarter of 2016. We aim to become a fully integrated biopharmaceutical company
that develops and commercializes differentiated therapies that expand the treatment options available to caregivers and improve the lives of patients living with pain and other CNS disorders. Our
first product candidate, AXS-02 (disodium zoledronate tetrahydrate), is a potentially first-in-class, oral, targeted, non-opioid therapeutic for chronic pain. AXS-02 is a potent
inhibitor of osteoclasts, which are bone remodeling cells that break down bone tissue. We are initially developing AXS-02 for the treatment of pain in the following three conditions: complex regional
pain syndrome, or CRPS; knee osteoarthritis, or OA, associated with bone marrow lesions, or BMLs; and chronic low back pain, or CLBP, associated with Modic changes, or MCs. These conditions exhibit
target lesions or specific pathology that we believe may be addressed by the mechanisms of action of AXS-02, such as inhibition of osteoclast activity. These mechanisms may result in a reduction of
pain in these conditions. We have successfully completed a Phase 1 trial of AXS-02. In this trial, oral administration of AXS-02 tablets resulted in rapid absorption of zoledronic acid, which
is the active molecule in AXS-02 and the free acid form of disodium zoledronate tetrahydrate, and substantial suppression of bone resorption markers, which are proteins indicative of bone tissue
breakdown. We selected the dose for our ongoing and planned Phase 3 trials based on the pharmacokinetic and pharmacodynamic results of our Phase 1 trial. We intend to seek U.S. Food and
Drug Administration, or FDA, approval for AXS-02 utilizing the 505(b)(2) regulatory development pathway. Section 505(b)(2) of the Federal Food, Drug, and Cosmetic Act, or FDCA, enables a
potentially shorter development timeline for our product can",THERAPEUTICS,2015-11-19,AXSM,2012.0,2015.0,2834.0,Pharmaceutical Preparations,ritter_verified,
Lipocine Inc.,0001535955,https://www.sec.gov/Archives/edgar/data/1535955/000114420411067627/v241719_s1.htm,11/30/2011,"(1) The offering price has been arbitrarily determined by the Company and bears no relationship to assets, earnings, or any other valuation criteria. No assurance can be given that the shares offered hereby will have a market value or that they may be sold at this, or at any price. Prior to this registration, there has been no public trading market for the common stock of Marathon Bar Corp.  (“MBC”) and it is not presently traded on any market or securities exchange. 1,500,000 shares of common stock are being offered for sale by the Company to the public.",THERAPEUTICS,2013-09-27,,,,2834.0,Pharmaceutical Preparations,424b_filing,
"Stellar Biotechnologies, Inc.",0001540159,https://www.sec.gov/Archives/edgar/data/1540159/000114420418020988/tv491117_s1.htm,4/17/2018,"We are offering up to       units
consisting of one common share, no par value, and one warrant to purchase      common shares. Each
warrant contained in a unit will have an exercise price equal to $         per share. The
warrants contained in the units will be exercisable immediately and will expire on the           year
anniversary of the original issuance date. We are also offering the common shares that are issuable from time to time upon exercise
of the warrants contained in the units. We are also offering to certain purchasers
whose purchase of units in this offering would otherwise result in the purchaser, together with its affiliates and certain related
parties, beneficially owning more than 4.99% our common shares outstanding immediately following the consummation of this offering,
the opportunity to purchase, if any such purchaser so chooses, pre-funded units, in lieu of units that would otherwise result in
such purchaser’s beneficial ownership exceeding 4.99% (or at the election of a purchaser,
9.99%) of our common shares outstanding. The purchase price of each pre-funded
unit is equal to the price per unit being sold to the public in this offering, minus $0.01, and the exercise price of each pre-funded
warrant included in the pre-funded unit is $0.01 per common share. The pre-funded warrants will be exercisable immediately
and expire when exercised in full. This offering also relates to the common shares
issuable upon exercise of any pre-funded warrants sold in this offering. For each pre-funded unit we sell, the number of units
we are offering will be decreased on a one-for-one basis. Because we will issue a warrant
as part of each unit or pre-funded unit, the number of warrants sold in this offering will not change as a result of a change in
the mix of the units and pre-funded units sold. Each warrant contained in a pre-funded unit will have an exercise price equal to
$     per share. The warrants contained in the pre-funded units will be exercisable immediately and will
expire on the        year anniversary of the original issuance date. We are also offering
the common shares that are issuable from time to time upon exercise of the warrants contained in the pre-funded units.",THERAPEUTICS,2016-09-29,,,,2834.0,Pharmaceutical Preparations,424b_filing,
LBC Bioscience Inc.,0001683743,https://www.sec.gov/Archives/edgar/data/1683743/000147793217001850/lbc_s1.htm,4/20/2017,"LBC Bioscience Inc. (“LBC” or the “Company”) was founded as Superstar Vape, Inc. by Lisa A. Nelson, our President, and was incorporated as a C corporation under the laws of the State of Nevada in August 2015. The Company changed its name in March 2017. LBC is engaged in the Cannabidiol (“CBD”) market. The Company's primary focus is on developing organic products such as CBD water, drops, edibles, pet supplements, recovery balm and spray. Our products’ CBD ingredients are derived from hemp. CBD hemp oil is extracted from the cannabis varieties that are naturally abundant in CBD and low in THC (the principal psychoactive constituent (or cannabinoid) of cannabis). A specialized extraction process is used to yield highly concentrated CBD oil that also contains other potentially nutritious materials such as omega-3 fatty acids, terpenes, vitamins, chlorophyll, and amino acids. Our products have no THC and are parasite-free.",THERAPEUTICS,2017-10-02,,,,2834.0,Pharmaceutical Preparations,424b_filing,
Patheon N.V.,0001643848,https://www.sec.gov/Archives/edgar/data/1643848/000156761915000806/s000936x1_s1.htm,6/8/2015,"Patheon is a leading global provider of outsourced pharmaceutical development and manufacturing, or CDMO, services. We provide a comprehensive, integrated and highly customizable range of active pharmaceutical ingredient, or API, and finished drug product services to our customers, from formulation development to clinical and commercial-scale manufacturing, packaging, and lifecycle management. Our services address both small molecule and large molecule biological drugs. We are the only end-to-end integrated provider of such services, which, combined with our scientific and regulatory expertise and specialized capabilities, allows our customers to partner with a single outsourced provider to address their most complex development and manufacturing needs. We believe we have the broadest technological capabilities in our industry, across the full spectrum of development and manufacturing, to support our end-to-end integrated platform. We believe we are a critical partner for our customers who increasingly rely on our customized formulation, development and manufacturing expertise to address growing drug complexity, cost pressures and regulatory scrutiny. We partner with many of our customers early in the drug development process, providing us the opportunity to continue to expand our relationship as molecules progress through the clinical phase and into commercial manufacturing. This results in long-term relationships with our customers and a recurring revenue stream. We believe our breadth of services, reliability and scale addresses our customers’ increasing need to outsource and desire to reduce the number of supply chain partners while maintaining a high quality of service.",THERAPEUTICS,2016-07-22,,,,2834.0,Pharmaceutical Preparations,424b_filing,
"Oncolix, Inc.",0001584137,https://www.sec.gov/Archives/edgar/data/1584137/000138038913000109/evrc_forms1.htm,11/19/2013,"ELECTRIC VEHICLE RESEARCH CORPORATION (hereinafter “ EVRC ” or the “ Company ” ) is a development stage company incorporated in the State of Florida in June 2013. We were formed as a consultant to the electric vehicle research and technologies industry.  The electric vehicle research and technologies industry is subject to constant change due to market trends, thereby making it extremely competitive. The electric vehicle research and technologies industry is complex, because several segments are regulated by both federal and state governments. EVRC ’ s approach is intended to assist our potential clients with general business operations with the growth and development, international expansion and marketing aspects of their business, allowing our potential customers to focus on the business aspects of operations. By using the services provided by EVRC, our clients are free to focus on compliance with regulations within their industry, and to complete their primary business goals. ELECTRIC VEHICLE RESEARCH CORPORATION focuses on three main aspects of the consulting business: operations management, international expansion strategy and marketing. Assisting business owners to build strong relationships with their vendors, partners and contractors will allow our client companies to add business stability through retention of key personnel, project success and brand sustainability.",THERAPEUTICS,2017-11-30,,,,2834.0,Pharmaceutical Preparations,424b_filing,
Aptalis Holdings Inc.,0001588172,https://www.sec.gov/Archives/edgar/data/1588172/000119312513484126/d617354ds1.htm,12/26/2013,"Our mission is
to improve health and quality of care by providing specialty therapies for patients around the world. Our vision is to become the reference specialty pharmaceutical company providing innovative, effective therapies for unmet medical needs, including
in cystic fibrosis, or CF, and in gastrointestinal, or GI, disorders. We develop, manufacture, license and market a broad range of therapies. We have built market-leading franchises in CF and GI disorders by growing sales of our products, many of which command a number one or number two position in their respective markets, including ZENPEP, CANASA,
CARAFATE, PYLERA and RECTIV. Our revenues are highly diversified, with our largest product accounting for only 21% of our total revenue in fiscal year 2013 and with operations outside the United States accounting for 20% of our total revenue during
the same period. The CF and GI markets are each characterized by a concentrated base of high-volume prescribing physicians, which allows our highly efficient and effective sales force of 227 experienced sales specialists, including 155 sales
specialists in the United States, to reach substantially all Cystic Fibrosis Foundation care centers and approximately half of the GI physicians in the United States. We have established sales and marketing operations in the United States, Canada,
France and Germany and proprietary manufacturing capabilities in North America and Europe. In addition, we have proven product development capabilities and a demonstrated ability to selectively acquire complementary products, product candidates and
companies. We believe our pipeline of four clinical product candidates targets major commercial opportunities in the European Union, or EU, and the United States and we have lifecycle management opportunities for our existing products using the
proprietary technology platforms of our Pharmaceutical Technologies, or PT, business.",THERAPEUTICS,2013-12-26,,,,2834.0,Pharmaceutical Preparations,s1_filing_date_proxy,
"Poseida Therapeutics, Inc.",0001661460,https://www.sec.gov/Archives/edgar/data/1661460/000119312519002428/d633600ds1.htm,1/4/2019,"We are a clinical-stage
biopharmaceutical company focused on leveraging our proprietary next-generation, non-viral gene engineering technologies to create life-saving therapeutics for patients with high unmet medical need. We have
built a wholly-owned pipeline of autologous and allogeneic chimeric antigen receptor T cell, or CAR-T, product candidates, initially focused on the treatment of hematological malignancies and solid
tumors. Our proprietary gene engineering technologies are used to create product candidates predominantly comprised of a specific T cell subset, stem cell memory, or T SCM , with the goal of
addressing the limitations of other CAR-T therapies, including duration of response, the ability to treat solid tumors and tolerability concerns. We believe our management team’s experience in cell and
gene engineering will help us to rapidly develop and, if approved, commercialize potentially curative cell and gene therapies. Our lead
product candidate, P-BCMA-101, is an autologous CAR-T therapy being developed to treat patients with relapsed/refractory multiple
myeloma. Preliminary results from our ongoing Phase 1 dose escalation clinical trial of P-BCMA-101 showed that as of November 21, 2018, of the 19 patients that
were evaluable by International Myeloma Working Group, or IMWG, criteria, 14 had meaningful responses (either stringent complete response, complete response, very good partial response, partial response or minimal response, by IMWG criteria), with
an objective response rate, or ORR, of 100% in three evaluable patients that had received the dose of P-BCMA-101 we expect to advance into Phase 2 clinical
development. In addition, as of November 21, 2018, P-BCMA-101 continued to be well tolerated in the trial, with two mild and transient instances of cytokine release
syndrome, or CRS, observed, and one patient with possible neurotoxicity, each of which occurred at doses below the planned Phase 2 dose. Serious adverse events, or SAEs, of neutropenia, thrombocytopenia, anemia and infection were observed. We
believe these SAEs are not related to P-BCMA-101 as they are consistent with conditioning lymphodepletion therapy and the underlying disease. One SAE of Grade 3 confusion was also observed in a patient although mental status changes occurred
before administration of P-BCMA-101. While we believe these preliminary results are encouraging, they are derived from a small number of patients and may not be
predictive of future results or the d",THERAPEUTICS,2020-07-10,,,,2836.0,"Biological Products, (No Diagnostic Substances)",424b_filing,
"AntriaBio, Inc.",0001509261,https://www.sec.gov/Archives/edgar/data/1509261/000114420411035759/v225769_s1.htm,6/14/2011,"(2)  The selling shareholders will offer their shares at $.05 per share.  The price of $0.05 is a fixed price at which the selling shareholders may sell their shares until the Company’s common stock is quoted on the Over-The-Counter (the “OTC”) Bulletin Board, and, assuming we secure this qualification for quotation, thereafter at prevailing market prices or privately negotiated prices. The fixed price of $0.05 has been determined as the selling price based upon the original purchase price paid by the selling shareholders which was $0.05.  
T
here is no public market for our securities. Our common stock is not traded on any exchange or quoted on the over-the-counter market. We intend to have a market maker file an application with the Financial Industry Regulatory Authority (“FINRA”) for our common stock to be eligible for quotation on the OTC Bulletin Board.  We do not yet have a market maker who has agreed to file such application and there can be no assurance that a market maker will agree to file the necessary documents with FINRA, which operates the OTC Bulletin Board, nor can there be any assurance that such an application for quotation will be approved.  We will not receive proceeds from the sale of shares from the selling shareholders.",THERAPEUTICS,2011-08-15,,,,2834.0,Pharmaceutical Preparations,424b_filing,
"CARDAX, INC.",0001544238,https://www.sec.gov/Archives/edgar/data/1544238/000146970912000119/koffees1_052512apg.htm,5/29/2012,"(1) The offering price has been estimated solely for the purpose of computing the amount of the registration fee in accordance with Rule 457(o). Our common stock is not traded on any national exchange and in accordance with Rule 457; the offering price was determined by the price shares were sold to our shareholders in a private placement memorandum. The selling shareholders may sell shares of our common stock at a fixed price of $0.10 per share until our common stock is quoted on the Over the Counter Bulletin Board (OTCBB) and thereafter at prevailing market prices or privately negotiated prices, with the exception of our sole officer and a promoter, who are deemed to be underwriters and must offer their shares at a fixed price of $0.10 per share even if our shares are quoted on the OTCBB.  The fixed price of $0.10 has been determined as the selling price based upon the original purchase price paid by the selling shareholders of $0.10.  There can be no assurance that a market maker will agree to file the necessary documents with the Financial Industry Regulatory Authority (FINRA), which operates the OTCBB, nor can there be any assurance that such an application for quotation will be approved. Non-affiliate selling stockholders of 330,000 shares will sell at a fixed price of $0.10 per share until our common shares are quoted on the OTCBB and thereafter at prevailing market prices, or privately negotiated prices, with the exception of our sole officer and a promoter, who are deemed to be underwriters and must offer their 1,050, 000 shares at a fixed price of $0.10 per share even if our shares are quoted on the OTCBB.",THERAPEUTICS,2014-12-02,,,,2834.0,Pharmaceutical Preparations,424b_filing,
"Neurotrope, Inc.",0001513856,https://www.sec.gov/Archives/edgar/data/1513856/000116169711000220/s-1.htm,3/7/2011,"D. Brad German
                  1108 St. Joseph Drive, St. Joseph, MI 49085
                                  269-208-7245
                  -------------------------------------------
         (Address, including zip code, and telephone number, including
            area code, of registrant's principal executive offices) Title of Each                       Proposed         Proposed
  Class of           Amount          Maximum          Maximum         Amount of
Securities to        to be       Offering Price      Aggregate      Registration
be Registered    Registered(1)     Per Unit(2)    Offering Price        Fee(3)
-------------    -------------   --------------   --------------    ------------
Common Stock
by Company         3,000,000          $0.01           $30,000           $3.48",THERAPEUTICS,2015-02-12,,,,2834.0,Pharmaceutical Preparations,424b_filing,
"Health-Right Discoveries, Inc.",0001537663,https://www.sec.gov/Archives/edgar/data/1537663/000161577415002500/s101794_s1.htm,9/9/2015,"(2)
The offering price has been estimated solely for the purpose of computing the amount of the registration fee in accordance with
Rule 457.  The proposed maximum offering price is based on the estimated high end of the range at which the common stock
will initially be sold. (3)
The selling shareholders will offer their shares at $0.25 per share until the Company’s shares are quoted on the OTC Markets
or a comparable exchange and, assuming we secure this qualification, thereafter at prevailing market prices or privately negotiated
prices.",THERAPEUTICS,2015-09-09,,,,2834.0,Pharmaceutical Preparations,s1_filing_date_proxy,
Osmotica Pharmaceuticals plc,0001739426,https://www.sec.gov/Archives/edgar/data/1739426/000104746918006231/a2236601zs-1.htm,9/14/2018,"We are a fully integrated biopharmaceutical company focused on the development and commercialization of specialty products that target markets with underserved
patient populations. In 2017, we generated total revenues of $245.7 million across our existing portfolio of promoted specialty neurology and women's health products, as well as our
non-promoted products, which are primarily complex formulations of generic drugs. We plan to expand our presence selectively into adjacent diseases and therapeutic areas, such as multiple sclerosis
and ophthalmology, for which we currently have two NDA candidates in Phase III clinical trials: Ontinua ER for muscle spasticity in multiple sclerosis patients, and RVL-1201 for blepharoptosis,
or droopy eyelid. Many of our products use our proprietary osmotic-release drug delivery system, Osmodex, which we believe offers advantages over alternative extended-release, or ER, technologies. Our
core competencies span drug development, manufacturing and commercialization. Our specialized neurology and women's health sales teams support the ongoing commercialization of our existing
promoted product portfolio as well as the launch of new products. As of June 30, 2018, we actively promoted five products: M-72 (methylphenidate hydrochloride extended-release tablets,
72 mg), Lorzone (chlorzoxazone scored tablets) and ConZip (tramadol hydrochloride extended-release capsules) in specialty neurology; and OB Complete, our family of prescription prenatal dietary
supplements, and Divigel (estradiol gel, 0.1%) in women's health. We most recently launched M-72 in the second quarter of 2018, and we expect to launch Osmolex ER (amantadine
extended-release tablets), which was approved by the FDA on February 16, 2018, in the second half of 2018. We also sell a portfolio consisting of approximately 35 non-promoted
products, highlighted by methylphenidate ER (methylphenidate hydrochloride extended-release tablets), which has generated strong cash flow. The cash flow from these non-promoted products has
contributed to our robust investments in research and development and business development activities. Many of our existing products benefit from several potential barriers to entry, including
intellectual property protection, formulation and manufacturing complexities, data exclusivity, as well as DEA regulation and quotas for active pharmaceutical ingredients, or API. Certain of our key
products, particularly
those that incorporate our proprietary O",THERAPEUTICS,2018-10-19,,,,2834.0,Pharmaceutical Preparations,424b_filing,
Aralez Pharmaceuticals Inc.,0001660719,https://www.sec.gov/Archives/edgar/data/1660719/000104746915009494/a2227012zs-1.htm,12/31/2015,"The
Selling Shareholders may from time to time sell, transfer or otherwise dispose of any or all of their Shares in a number of different ways and at varying prices. We will not receive
any proceeds from the sale of Shares by the Selling Shareholders. Upon completion of the merger, Aralez will become the successor issuer to Pozen. Pozen formed Aralez to serve as the new parent company
of Pozen and Tribute following consummation of the merger and plan of arrangement. Pozen was incorporated in the State of Delaware on September 25, 1996 and is operating in a single reportable
segment. Pozen has been a pharmaceutical company committed to transforming medicine that transforms lives. Since inception, the Company has focused its efforts on developing products which can provide
improved efficacy, safety or patient convenience in the treatment of acute and chronic pain and pain related conditions and has developed a portfolio of integrated aspirin therapies. Historically, the
Company has entered into collaboration agreements to commercialize its product candidates. The Company's licensing revenues include upfront payments, additional payments if and when certain milestones
in the product's development or commercialization are reached, and the eventual royalty payments based on product sales.",THERAPEUTICS,2015-12-28,,,,2834.0,Pharmaceutical Preparations,424b_filing,
"Ignyta, Inc.",0001557421,https://www.sec.gov/Archives/edgar/data/1557421/000100201412000509/iogcs1-9132012.htm,9/13/2012,"We are offering 280,000 shares of common stock minimum, 840,000 shares of common stock maximum in a direct public offering, without any involvement of underwriters or broker/dealers.  The offering price is $0.25 per share.  In the event that 280,000 shares are not sold within 270 days, all money received by us will be promptly, returned to you with interest and without deduction of any kind.  The SEC staff generally defines “promptly” as a period of up to three days.  We will return your funds to you in the form a cashier’s check sent Federal Express on the 271
st
 day.  If at least 280,000 shares are sold within 270 days, all money received by us will be retained by us and there will be no refund. Funds will be held in a separate account at 
the 
Private Bank of California, 7083 Hollywood Boulevard, Suite 560, Los Angeles, California 90028
 and their telephone number is 
(323) 973-7060
. 
Sold securities are deemed securities which have been paid for with collected funds prior to expiration of 270 days. Collected funds are deemed funds that have been paid by the drawee bank. The foregoing account is not an escrow, trust or similar account.  It is merely a separate interest bearing savings account under our control where we have segregated your funds. There is no escrow, trust or similar account in which your subscription will be deposited. It will only be deposited in a separate bank account under our name. Only our officers and directors will have access to the account. You will not have the right to withdraw your funds during the offering. You will only receive your funds back if we do not raise the minimum amount of the offering within 270 days. As a result, if we are sued for any reason and a judgment is rendered against us, your subscription could be seized in a garnishment proceeding. If we file a voluntary bankruptcy petition or our creditors file an involuntary bankruptcy petition, our assets will be seized by the bankruptcy trustee, including your subscription, and used to pay our creditors. If that happens, you will lose your investment, even if we fail to raise the minimum amount in this offering.  As a result, you may lose your entire investment notwithstanding the purported minimum offering provisions because the funds are not held in an escrow account and are potentially subject to creditor claims. Our common stock is presently not traded on any market or securities exchange.  Upon completing our public offering, we intend to seek out an SEC",THERAPEUTICS,2013-01-09,,,,2834.0,Pharmaceutical Preparations,424b_filing,
"Shuttle Pharmaceuticals, Inc.",0001685462,https://www.sec.gov/Archives/edgar/data/1685462/000161577416008831/s104853_s1.htm,12/9/2016,"Shuttle is a specialty pharmaceutical company
founded in 2012, with the goal of becoming the first U.S. pharmaceutical company focused on the development and commercialization
of innovative first-in-class drugs for sensitizing cancers to and protecting normal tissue from the effects of radiation therapy
(“ RT ”). Our objective is to improve the outcomes of cancer treatment through RT and reducing its side effects
by: To date, we have developed, to clinical
stage, small molecule strategies to sensitize growing cancer cells in tumors to conventional RT and to sensitize treatment resistant,
hypoxic cancer cells in tumors to large fraction radiation therapy using stereotactic body radiation therapy (“ SBRT ”).
A pre-clinical technology delivery platform using histone deacetylase (“ HDAC ”) inhibitors, which are designed
to target cancer cells while protecting healthy tissue/normal cells, further enhances our product pipeline. Shuttle has two clinical
stages, first in class product candidates that we believe will deliver these benefits in conjunction with our technology platform:",THERAPEUTICS,2016-12-09,,,,2834.0,Pharmaceutical Preparations,s1_filing_date_proxy,
"PAR PHARMACEUTICAL HOLDINGS, INC.",0001559149,https://www.sec.gov/Archives/edgar/data/1559149/000119312515089746/d880840ds1.htm,3/13/2015,"We are a leading U.S. pharmaceutical company specializing in developing, licensing, manufacturing, marketing and distributing generic drugs. We have a generics portfolio of approximately 95 products across an
extensive range of dosage forms and delivery systems, including immediate and extended release oral solids (tablets, orally disintegrating tablets, capsules and powders), injectables, nasal sprays, ophthalmics and transdermal patches. Our focus is
on high-barrier-to-entry products that are difficult to formulate, difficult to manufacture or face complex legal and regulatory challenges. These products often see limited competition and tend to be more profitable than commoditized generic drugs.
We have an integrated team-based approach to product development that combines our formulation, regulatory, legal, manufacturing and commercial capabilities. As of December 31, 2014, we had over 200 products in our pipeline, which included 115
Abbreviated New Drug Applications (“ANDA”) pending with the U.S. Food and Drug Administration (the “FDA”) representing $36.7 billion of combined annual sales for the corresponding branded products (“branded product
sales”) in 2014, including 32 potential first-to-file and six potential first-to-market opportunities. Our company operates in two business
segments, Par Pharmaceutical, which includes generic products marketed under Par Pharmaceutical and sterile products marketed under Par Sterile Products, LLC (“Par Sterile,” formerly known as JHP Pharmaceuticals, LLC), and Par Specialty
Pharmaceuticals (“Par Specialty,” formerly known as Strativa Pharmaceuticals), which markets two branded products. For the year ended",THERAPEUTICS,2015-03-13,,,,2834.0,Pharmaceutical Preparations,s1_filing_date_proxy,
"Turning Point Therapeutics, Inc.",0001595893,https://www.sec.gov/Archives/edgar/data/1595893/000119312519082317/d664795ds1.htm,3/21/2019,"We are a clinical-stage biopharmaceutical company designing and developing novel small molecule, targeted oncology therapies to address key limitations
of existing therapies and improve the lives of patients. Our internally developed and wholly owned pipeline of next-generation tyrosine kinase inhibitors (TKIs) targets numerous genetic drivers of cancer in both TKI-naïve and TKI-pretreated patients. The pervasive challenges of intrinsic and acquired treatment resistance often limit the response rate and durability of
existing therapies. One of these challenges is the emergence of solvent front mutations, which are a common cause of acquired resistance to currently approved therapies for ROS1, TRK and ALK kinases. We have developed a macrocycle platform enabling
us to design proprietary small, compact TKIs with rigid three-dimensional structures that potentially bind to their targets with greater precision and affinity than other kinase inhibitors. We believe our macrocycle platform will generate TKIs that
are potentially best-in-class. Our lead drug candidate, repotrectinib (TPX-0005), is being evaluated in an ongoing Phase 1/2
trial called TRIDENT-1 for the treatment of patients with ROS1 + advanced non-small-cell lung cancer (NSCLC) and patients with ROS1 +, NTRK + or ALK + advanced solid tumors. We are nearing completion of the Phase 1 portion of TRIDENT-1 and, based on the preliminary proof-of-concept data in a total of 75 patients, we plan to initiate the multi-cohort Phase 2 portion in the second half of 2019. This Phase 2 portion will be a
registrational trial for potential approval in ROS1 + advanced NSCLC and NTRK + advanced solid tumors. In addition to repotrectinib, our pipeline includes two multi-targeted kinase inhibitors: TPX-0046 (a novel RET/SRC inhibitor), and TPX-0022 (a novel MET/CSF1R/SRC inhibitor); and a series of next-generation ALK inhibitors, from which we anticipate selecting
a final candidate for IND-enabling studies. We anticipate submitting investigational new drug applications (INDs) and initiating clinical trials for TPX-0046 and TPX-0022 in 2019. Kinases are enzymes that respond to external stimuli to modulate numerous activities of cells, such as proliferation, survival and migration. TKIs have
become an important class of cancer therapies due to their ability to interrupt deregulated kinase signaling that leads to unchecked cell growth and tumor progression. In 2017, TKIs represented approximately $20 billion in worldwide ",THERAPEUTICS,2019-04-18,,,,2834.0,Pharmaceutical Preparations,424b_filing,
Iterum Therapeutics Ltd,0001659323,https://www.sec.gov/Archives/edgar/data/1659323/000119312518146797/d522368ds1.htm,5/1/2018,"We are a pharmaceutical company dedicated to developing and commercializing sulopenem to be potentially the first and only oral and intravenous
(IV) branded penem available globally. Penems, including thiopenems and carbapenems, belong to a class of antibiotics more broadly defined as ß-lactam antibiotics, the original example of which was penicillin, but which now also includes
cephalosporins. Sulopenem, which we licensed from Pfizer Inc. (Pfizer) in November 2015, is a potent, thiopenem antibiotic delivered intravenously which is active against bacteria that belong to the group of organisms known as gram-negatives and
cause urinary tract and intra-abdominal infections. Pfizer also developed an oral prodrug, sulopenem etzadroxil, which we further enhanced with the addition of probenecid and combined into a single bilayer tablet, which we refer to as oral
sulopenem. Both oral sulopenem and sulopenem have the potential to be important new treatment alternatives to address growing concerns related to antibacterial resistance without the known toxicities of some of the most widely used antibiotics,
specifically fluoroquinolones. We believe there are two distinct opportunities for our sulopenem program: patients at elevated risk for treatment failure in the community setting suffering from uncomplicated urinary tract infections (uUTI), and
hospitalized patients suffering from complicated, antibiotic-resistant infections. We plan to initiate a Phase 3 clinical program in the
second half of 2018 for the treatment of adults in three indications: uUTI, complicated urinary tract infections (cUTI) and complicated intra-abdominal infections (cIAI). We designed one Phase 3 clinical trial in each indication based on our end of
Phase 2 meeting with the U.S. Food and Drug Administration (FDA) and feedback from the European Medicines Agency (EMA). We intend to conduct the Phase 3 clinical trials under Special Protocol Assessment (SPA) agreements from the FDA. We expect to
complete enrollment and produce top-line data for all three clinical trials in the second half of 2019, and to submit our new drug applications (NDAs) to the FDA by the end of 2019.",THERAPEUTICS,2018-05-25,,,,2834.0,Pharmaceutical Preparations,424b_filing,
Prevail Therapeutics Inc.,0001714798,https://www.sec.gov/Archives/edgar/data/1714798/000119312519157078/d673777ds1.htm,5/24/2019,"We
are a gene therapy company leveraging breakthroughs in human genetics with the goal of developing and commercializing disease-modifying AAV-based gene therapies for patients with devastating neurodegenerative
diseases. We are applying a precision medicine approach to neurodegeneration by studying our gene therapies in genetically defined patient populations. We believe this will increase the probability of creating disease-modifying therapies that
improve patients’ lives. Our lead program is PR001 for the treatment of Parkinson’s disease with GBA1 mutation, or PD-GBA, and neuronopathic Gaucher disease. We are focused on developing a broad pipeline of gene therapies for a
range of neurodegenerative diseases, including PR006 for the treatment of frontotemporal dementia with GRN mutation and PR004 for the treatment of synucleinopathies. Our differentiated approach to developing gene therapies for neurodegenerative diseases is designed to mitigate challenges faced by others in
the development of therapeutics for the central nervous system, or CNS. We select targets for diseases that correspond to patient populations with particular genetic mutations whom we believe can be treated by increasing or decreasing the expression
of a particular gene, which makes them well-suited for gene therapy. We apply our deep understanding of human genetics to design our gene therapy product candidates, each of which is intended to be a one-time treatment to address the key underlying
genetic mutation that we believe drives disease progression.",THERAPEUTICS,2019-06-20,,,,2836.0,"Biological Products, (No Diagnostic Substances)",424b_filing,
Axcella Health Inc.,0001633070,https://www.sec.gov/Archives/edgar/data/1633070/000104746919002181/a2238344zs-1.htm,4/12/2019,"""Non-IND, IRB-Approved Clinical Study"" to refer to Institutional Review Board-approved, or IRB-Approved, clinical studies conducted in humans with our AXA
Candidates under U.S. Food and Drug Administration, or the FDA, regulations and guidance supporting research with food outside of an IND (prior to any decision to develop an AXA Candidate as a drug
product candidate under an IND or a non-drug product candidate). In these food studies, based on our understanding of FDA regulations and guidance, we evaluate in humans, including individuals with
disease, an AXA Candidate for safety, tolerability and effects on the normal structures and functions of the body. These studies are not designed or intended to evaluate an AXA Candidate's ability to
diagnose, cure, mitigate, treat or prevent a disease as these would be evaluated in Clinical Trials if we decide to develop an AXA Candidate as a drug or therapeutic. We are a biotechnology company pioneering the research and development of novel multifactorial interventions to support health and address
dysregulated metabolism across a broad spectrum of consumers and patients who have limited options. Our AXA Candidates are generated from our proprietary, human-focused AXA Development Platform and
harness the power of endogenous metabolic modulators, or EMMs, a broad family of molecules that fundamentally impact and regulate human metabolism.",THERAPEUTICS,2019-05-09,,,,2836.0,"Biological Products, (No Diagnostic Substances)",424b_filing,
"Zynerba Pharmaceuticals, Inc.",0001621443,https://www.sec.gov/Archives/edgar/data/1621443/000104746915005872/a2223882zs-1.htm,6/30/2015,"We are a ten-year-old specialty pharmaceutical company focused on developing and commercializing proprietary next-generation synthetic cannabinoid
therapeutics formulated for transdermal delivery. Our management team is highly experienced and has a successful history of development, regulatory approval and commercialization of patch and gel
transdermal delivery products. We are evaluating two patent-protected product candidates, ZYN002 and ZYN001, in five indications. We intend to study ZYN002 in patients with refractory epilepsy,
Fragile X syndrome, or FXS, and osteoarthritis, or OA. We intend to study ZYN001 in patients with fibromyalgia and peripheral neuropathic pain. We expect to initiate Phase 1 clinical trials for
ZYN002 in the second half of 2015 and ZYN001 by mid-2016. Cannabinoids
are a class of compounds derived from Cannabis plants. The two primary cannabinoids contained in Cannabis are cannabidiol, or CBD, and D 9-tetrahydrocannabinol, or THC. Clinical and preclinical data suggest that
CBD has positive effects on treating refractory epilepsy, FXS and arthritis and THC has positive effects on treating pain. Interest in cannabinoid therapeutics has increased significantly over the
past several years as preclinical and clinical data has emerged highlighting the potential efficacy and safety benefits of cannabinoid therapeutics. The cannabinoid therapeutics market is expected to
grow significantly due to the potential benefits these products may provide over existing therapies. In addition to ZYN002 and ZYN001 potentially offering first-line therapies to patients suffering
from FXS, OA, fibromyalgia and peripheral neuropathic pain, we believe ZYN002 may provide a complementary treatment for patients suffering from epilepsy who are refractory to their current treatment
regimens.",THERAPEUTICS,2015-08-05,,,,2834.0,Pharmaceutical Preparations,424b_filing,
"Odonate Therapeutics, LLC",0001717452,https://www.sec.gov/Archives/edgar/data/1717452/000119312517341109/d461398ds1.htm,11/13/2017,"We are a pharmaceutical company dedicated to the
development of best-in-class therapeutics that improve and extend the lives of patients with cancer. Our initial focus is on the development of tesetaxel, a novel chemotherapy agent that belongs to a class of drugs known as taxanes, which are widely
used in the treatment of cancer. Tesetaxel has several potential therapeutic advantages over currently available taxanes, including: oral administration with a low pill burden and a patient-friendly dosing regimen; a formulation that does not
contain solubilizing agents that are known to cause hypersensitivity (allergic) reactions; and improved activity against chemotherapy-resistant tumors. Tesetaxel has been generally well tolerated in clinical studies and has demonstrated robust
single-agent antitumor activity in two Phase 2 studies in patients with locally advanced or metastatic breast cancer (“MBC”). We expect to begin enrolling patients in our multinational, multicenter, randomized, Phase 3 study in MBC, known
as CONTESSA, in the fourth quarter of 2017 and report top-line results from this study in 2020. Our goal for tesetaxel is to develop an effective chemotherapy choice for patients that provides quality-of-life advantages over current alternatives. Breast cancer is
the second-most common cancer worldwide, with an estimated 1.8 million new cases diagnosed per year. In Europe, an estimated 494,000 new cases are diagnosed and approximately 143,000 women will die of the disease each year, making it the
leading cause of cancer death in women. In the U.S., an estimated 255,000 new cases are diagnosed and approximately 41,000 women will die of the disease each year, making it the second-leading cause of cancer death in women.",THERAPEUTICS,2017-12-08,,,,2834.0,Pharmaceutical Preparations,424b_filing,
"Sienna Biopharmaceuticals, Inc.",0001656328,https://www.sec.gov/Archives/edgar/data/1656328/000119312517221074/d391086ds1.htm,7/3/2017,"We are a clinical-stage
biopharmaceutical company focused on bringing innovations in biotechnology to the discovery, development and commercialization of first-in-class, targeted, topical
products in medical dermatology and aesthetics. Our objective is to develop our multi-asset pipeline of topical therapies that enhance the health, appearance and quality of life of dermatology patients. We are advancing multiple product candidates
derived from our Topical by Design™ platform, all of which are designed to be suitable for chronic administration in patients with inflammatory skin diseases and other dermatologic and aesthetic conditions. Our lead candidate from this
platform, SNA-120, is a first-in-class inhibitor of TrkA in Phase 2b clinical development for the treatment of pruritus, or
itch, associated with psoriasis, as well as for psoriasis itself. Our second Topical by Design product candidate, SNA-125, is a dual JAK3/TrkA inhibitor being developed for the treatment of atopic dermatitis,
psoriasis and pruritus. Additionally, we have advanced SNA-001, a silver particle treatment derived from our Topical Photoparticle Therapy™ platform, into pivotal clinical trials for both acne vulgaris
and the reduction of unwanted light-pigmented hair. Our current product candidates derived from our two technology platforms are summarized in the chart below. We currently retain global commercial rights to all of our product candidates. There is a significant opportunity to address the historical lack of innovation in topical
products for dermatology patients. Recent advances in biotechnology have enabled the development of novel, biologic drugs which act on specific molecular targets and pathways, and have been utilized to address inflammatory disorders. However,
despite having shown impressive efficacy, use of these drugs has been limited to patients with more severe forms of disease due to the potentially significant side effects associated with systemic administration and their relatively high cost.
Accordingly, the 80-90% of dermatology patients who present with mild-to-moderate disease severity or more localized disease have
not benefitted from these advances. Today, such patients typically resort to non-specific, topical therapies such as corticosteroids and emollients, which are either marginally effective or unsuitable for
chronic administration due to their side effects. We are focused on filling this innovation gap in dermatology by developing targeted, topica",THERAPEUTICS,2017-07-27,,,,2834.0,Pharmaceutical Preparations,424b_filing,
4D Molecular Therapeutics Inc,0001650648,https://www.sec.gov/Archives/edgar/data/1650648/000119312519258924/d781613ds1.htm,9/30/2019,"We are a development stage precision gene therapy company dedicated to pioneering the development of targeted therapies based on our next-generation AAV
vectors. Our proprietary Therapeutic Vector Evolution platform enables our “disease first” approach to product discovery and development, thereby allowing us to customize our AAV vectors to target specific tissue types associated with the
underlying disease. Our proprietary AAV vectors are designed to provide targeted delivery by routine clinical routes, efficient transduction, reduced immunogenicity and resistance to pre-existing antibodies, which we believe will enable us to
develop gene therapies that could overcome known limitations of conventional AAVs. As a result, we believe these key attributes will enable us to develop gene therapies with improved therapeutic profiles, pursue previously untreatable diseases and
address a broad range of rare and large market diseases. Our product candidates that are in or have completed Investigational New Drug
(IND)-enabling studies include a wholly-owned asset in development for the treatment of Fabry disease, as well as two assets in ophthalmology. In ophthalmology, our product candidate for the treatment of X-linked Retinitis Pigmentosa (XLRP) is
wholly-owned subject to an exclusive option for Roche to develop and commercialize the asset, and our product candidate for the treatment of Choroideremia is licensed to Roche. In addition, our wholly-owned product candidate for the treatment of
Cystic Fibrosis has completed lead optimization and we expect to initiate IND-enabling studies in the first half of 2020. We expect to initiate our first clinical trials for these three product candidates in 2020. We also have a pipeline of product
candidates in the lead optimization stage, including for the treatment of Duchenne Muscular Dystrophy (DMD) and Wet Age-Related Macular Degeneration (Wet AMD).",THERAPEUTICS,2020-12-14,,,,2836.0,"Biological Products, (No Diagnostic Substances)",424b_filing,
"Atreca, Inc.",0001532346,https://www.sec.gov/Archives/edgar/data/1532346/000104746919003318/a2238867zs-1.htm,5/24/2019,"We are a biopharmaceutical company utilizing our differentiated platform to discover and develop novel antibody-based immunotherapeutics to
treat a range of solid tumor types. While more traditional oncology drug discovery approaches attempt to generate antibodies against known targets, our approach relies on the human immune system to
direct us to unique antibody-target pairs from patients experiencing a clinically meaningful, active immune response against their tumors. These unique antibody-target pairs represent a potentially
novel and previously unexplored landscape of immuno-oncology targets. We believe the fact that our approach has the potential to deliver novel, previously unexplored immuno-oncology targets provides
us with a significant competitive advantage over traditional approaches which focus on known targets that many companies are aware of and can pursue. We have utilized our drug discovery approach to
identify over 1,400 distinct human antibodies that bind preferentially to tumor tissue from patients who are not the source of the antibody. Our lead product candidate, ATRC-101, is a monoclonal
antibody with a novel mechanism of action and target derived from an antibody identified using our discovery platform. ATRC-101 reacts in vitro with a
majority of human ovarian, non-small cell lung, colorectal and breast cancer samples from multiple patients. It has demonstrated robust anti-tumor activity as a single agent in multiple preclinical
models, including one model in which PD-1 checkpoint inhibitors typically display limited activity. We anticipate filing an Investigational New Drug, or IND, application for ATRC-101 in late 2019 and
initiating a Phase 1b clinical trial in patients with solid tumors in early 2020, subject to U.S. Food and Drug Administration, or FDA, approval of our IND application. Although
existing cancer therapies, including the evolving class of cancer immunotherapeutics, have advanced significantly over recent years, cancer remains the second leading cause of
death in the United States. To address this unmet need, we pursue an open-aperture approach, which relies on the human immune system to direct us to antibody-target pairs that are present in patients
who have experienced a clinically meaningful response to therapy.",THERAPEUTICS,2019-06-20,,,,2834.0,Pharmaceutical Preparations,424b_filing,
"BeiGene, Ltd.",0001651308,,,"EXTRACTION FAILED, open s1_url directly",THERAPEUTICS,2020-07-13,,,,2834.0,Pharmaceutical Preparations,424b_filing,
"Spring Bank Pharmaceuticals, Inc.",0001566373,https://www.sec.gov/Archives/edgar/data/1566373/000119312516421467/d53938ds1.htm,1/5/2016,"We are a
clinical-stage biopharmaceutical company engaged in the discovery and development of a novel class of therapeutics using our proprietary small molecule nucleic acid hybrid, or SMNH, chemistry platform. Our SMNH compounds are small segments of
nucleic acids that we design to selectively target and modulate the activity of specific proteins implicated in various disease states. We are developing our most advanced SMNH product candidate, SB 9200, for the treatment of viral diseases. We have
designed SB 9200 to selectively activate within infected cells the cellular proteins retinoic acid-inducible gene 1, or RIG-I, and nucleotide-binding oligomerization domain-containing protein 2, or NOD2, to inhibit viral replication
and to cause the induction of intracellular interferon signaling pathways for antiviral defense. We believe that SB 9200 may play an important role in antiviral therapy by modulating the body’s immune response through its mechanisms of action
to fight viral infections. In 2014, we completed a Phase 1 clinical trial of SB 9200 in 38 non-cirrhotic patients infected with the hepatitis C virus, or HCV,
who had not received any prior antiviral treatment. The two-stage trial was designed to evaluate the safety and tolerability, pharmacokinetics, pharmacodynamics and antiviral activity of ascending doses of the oral formulation of SB 9200 and to
demonstrate proof of principle of the mechanisms of action of SB 9200. SB 9200 was well tolerated in all dose groups in the trial, and no dose-limiting toxicities or systemic interferon-like side effects such as flu-like symptoms or fever were
observed. Additionally, antiviral activity was seen at all dose levels except for the lowest dose cohort. We believe that the data from the Phase 1 clinical trial, together with data from preclinical and toxicology studies that we have conducted in
animal models, support the development of SB 9200 for the treatment of chronic HBV and RSV.",THERAPEUTICS,2016-05-06,,,,2834.0,Pharmaceutical Preparations,424b_filing,
"Adgero Biopharmaceuticals Holdings, Inc.",0001657598,https://www.sec.gov/Archives/edgar/data/1657598/000165495417001073/abh_s1.htm,2/14/2017,"Additional
risks and uncertainties not presently known or that are currently
deemed immaterial may also impair our business operations. The
risks and uncertainties described in this document and other risks
and uncertainties which we may face in the future will have a
greater impact on those who purchase our common stock. These
purchasers will purchase our common stock at the market price or at
a privately negotiated price and will run the risk of losing their
entire investments. When used herein, unless the context requires otherwise, references
to the “Company,” “Holdings,”
“we,” “our” and “us” refer to
Adgero Biopharmaceuticals Holdings, Inc., a Delaware corporation,
collectively with its wholly-owned subsidiary, Adgero
Biopharmaceuticals, Inc., a Delaware corporation.",THERAPEUTICS,2017-02-14,,,,2834.0,Pharmaceutical Preparations,s1_filing_date_proxy,
Phio Pharmaceuticals Corp.,0001533040,https://www.sec.gov/Archives/edgar/data/1533040/000095012311091680/b88518sv1.htm,10/25/2011,"We are a biotechnology company focused on discovering, developing and commercializing
innovative therapies addressing major unmet medical needs using RNAi-targeted technologies. We are
pursuing proprietary therapeutics based on RNA interference (“
RNAi
”), which is a naturally
occurring cellular mechanism that has the potential to effectively and selectively interfere with,
or “silence,” expression of targeted disease-associated genes. We believe that certain human diseases can potentially be treated by silencing
targeted genes that lead to disease. While no therapeutic RNAi products have been approved by
the Food and Drug Administration (“
FDA
”) to date, there has been significant interest in the field of RNAi therapeutic
development. This interest is driven by the potential ability to use RNAi to develop lead
compounds that specifically and selectively inhibit single target genes, many of which are
thought to be incapable of being inhibited by other modalities. We are currently focusing our
internal therapeutic development areas in fibrosis, with dermal anti-scarring as our first
indication. We believe that RXI-109, our first RNAi product candidate, may inhibit CTGF
(connective tissue growth factor) in human fibrotic disease. RXI-109 is initially being
developed as a dermal anti-scarring therapy. The highlights of our RXI-109 development program
are the following:",THERAPEUTICS,2012-04-30,,,,2834.0,Pharmaceutical Preparations,424b_filing,
"TYME TECHNOLOGIES, INC.",0001537917,https://www.sec.gov/Archives/edgar/data/1537917/000116169712000062/s-1.txt,2/2/2012,"221 Beach Road
                                   Suite 114
                           Siesta Key, Florida 34242
                                  941-284-5053
                               akeck49@yahoo.com
                             ---------------------
         (Address, including zip code, and telephone number, including
            area code, of registrant's principal executive offices) Diane J. Harrison
                               Harrison Law, P.A.
                         8955 US HIghway 301 N. No. 203
                             Parrish, Florida 34219
                        (941)723-7564 (941)531-4935 Fax
                            diane@harrisonlawpa.com",THERAPEUTICS,2012-12-31,,,,2834.0,Pharmaceutical Preparations,424b_filing,
"SpringWorks Therapeutics, Inc.",0001773427,https://www.sec.gov/Archives/edgar/data/1773427/000114420419040443/tv525698-s1.htm,8/16/2019,"We are a clinical-stage biopharmaceutical company applying a precision medicine approach to acquiring, developing and commercializing life-changing medicines for underserved patient populations suffering from devastating rare diseases and cancer. We have a differentiated portfolio of small molecule targeted oncology product candidates and are advancing two potentially registrational clinical trials in rare tumor types, as well as several other programs addressing highly prevalent, genetically defined cancers. Our strategic approach and operational excellence in clinical development have enabled us to rapidly advance our two lead product candidates into late-stage clinical trials while simultaneously entering into multiple shared-value partnerships with industry leaders to expand our portfolio. From this foundation, we are continuing to build a differentiated global biopharmaceutical company intensely focused on understanding patients and their diseases in order to develop transformative targeted medicines. Our most advanced product candidate, nirogacestat, is an oral, small molecule gamma secretase inhibitor, or GSI, initially in development for the treatment of desmoid tumors, a rare and often debilitating and disfiguring soft tissue tumor for which there are currently no therapies approved by the U.S. Food and Drug Administration, or FDA. We believe nirogacestat may address the significant limitations associated with existing treatment options and has the potential to become the first therapy approved by the FDA for both newly diagnosed and previously treated desmoid tumors. Since we licensed nirogacestat from Pfizer Inc., or Pfizer, in August 2017, the FDA granted nirogacestat both Orphan Drug Designation and Fast Track Designation for this indication. In May 2019, we announced the initiation of the DeFi trial, a potentially registrational Phase 3 clinical trial of nirogacestat for patients with desmoid tumors. We expect to provide an update on the DeFi trial in 2020 ahead of an anticipated top-line data readout in 2021.",THERAPEUTICS,2019-09-13,,,,2836.0,"Biological Products, (No Diagnostic Substances)",424b_filing,
Urovant Sciences Ltd.,0001740547,https://www.sec.gov/Archives/edgar/data/1740547/000119312518217858/d587760ds1.htm,7/13/2018,"We are a clinical-stage biopharmaceutical company focused on developing and commercializing innovative therapies for urologic conditions. Our product candidate,
vibegron, is an oral, once-daily, small molecule beta-3 agonist. We are currently evaluating vibegron in our 1,400 patient, international pivotal Phase 3 EMPOWUR trial for the treatment of overactive bladder,
or OAB. We expect to report top-line results from this clinical trial in the first or second quarter of 2019, and if these results are positive, we plan to submit a new drug application to the U.S. Food and
Drug Administration, or FDA, by early 2020. OAB is a highly prevalent condition, with more than 30 million Americans over the age of 40 suffering from bothersome symptoms. In large, randomized, placebo-controlled, international Phase 2b
and Japanese Phase 3 clinical trials in a total of over 2,600 OAB patients, vibegron 50 mg and 100 mg met all primary and secondary efficacy endpoints compared to placebo at week 8 and week 12, respectively. Our ongoing
Phase 3 EMPOWUR trial has a design similar to these clinical trials. We believe vibegron, if successful in meeting the efficacy endpoints in our pivotal Phase 3 EMPOWUR trial, and if approved by the FDA, may offer a differentiated profile compared
to current OAB therapies, including the potential for broader efficacy claims if the FDA approves the inclusion of urgency data, rapid onset of action data, and a single convenient once-daily dose in the label. Vibegron has been well tolerated in
all clinical trials to date, has not been associated with clinically relevant drug-drug interactions, such as the inhibition of CYP2D6, and has not demonstrated a QTc signal at any of the human doses tested. In addition to OAB, we are developing
vibegron for two additional potential indications, the treatment of OAB in men with benign prostatic hyperplasia, or BPH, and the treatment of pain associated with irritable bowel syndrome, or IBS. By the end of 2018, we expect to commence a Phase 3
clinical trial for OAB in men with BPH and a Phase 2a clinical trial for IBS-associated pain. We intend to continue to expand our pipeline with the goal of creating a leading urology company by developing, commercializing and acquiring innovative
therapies. We received an exclusive license to develop, manufacture and commercialize vibegron worldwide, excluding Japan
and certain other Asian territories, pursuant to our license agreement with Merck Sharp & Dohme Corp., or ",THERAPEUTICS,2018-09-27,,,,2834.0,Pharmaceutical Preparations,424b_filing,
"Outlook Therapeutics, Inc.",0001649989,https://www.sec.gov/Archives/edgar/data/1649989/000157104916010787/t1600032-s1.htm,1/15/2016,"We are offering        shares of common stock. This is our initial public offering and no public market currently exists for our common stock. We expect the initial public offering price to be between $      and $      per share. We have applied to list our common stock on the NASDAQ Global Market under the symbol “ONS.” Delivery of the shares of common stock is expected to be made on or about                , 2016. We have granted the underwriters an option for a period of 30 days to purchase an additional                 shares of our common stock. If the underwriters exercise the option in full, the total underwriting discounts and commissions payable by us will be $               , and the total proceeds to us, before expenses, will be $               .",THERAPEUTICS,2016-05-13,,,,2836.0,"Biological Products, (No Diagnostic Substances)",424b_filing,
"SANCILIO PHARMACEUTICALS COMPANY, INC.",0001641908,https://www.sec.gov/Archives/edgar/data/1641908/000119312515308377/d43061ds1.htm,8/31/2015,"We are a fully integrated specialty pharmaceutical company focused on developing and, in the future, commercializing products based on our proprietary Advanced
Lipid Technologies, or ALT, platform. We intend to utilize our current manufacturing facility to manufacture our proprietary product candidates, if approved. ALT is designed to enhance the bioavailability, reduce the food effect and improve the
efficacy of lipids and lipophilic active pharmaceutical ingredients, or APIs. Lipids are small hydrophobic or amphipathic molecules, including fatty acids (such as omega-3 fatty acids and omega-6 fatty acids), steroids, hormones and fat-soluble
vitamins (such as vitamins A, D, E and K). Our business model is to apply our ALT platform to lipids or lipophilic APIs to create unique product candidates that address the disorders and diseases that result from imbalances of lipids in the body. In
addition to our primary focus of developing our proprietary products using the ALT platform, we make use of and license rights to our proprietary ALT platform and our other technologies to third parties as part of our development and manufacture of
lipophilic API-based and soft-gelatin products at our facilities. Our proprietary product pipeline, which has been developed using our proprietary ALT
platform, is currently focused on diseases and disorders for which we believe lipids can be used for treatment. We believe that our ALT platform will enable us to utilize our proprietary know-how and expertise in lipids to create unique formulations
of clinically proven substances for approved and new indications. Our four lead product candidates are:",THERAPEUTICS,2015-08-31,,,,2834.0,Pharmaceutical Preparations,s1_filing_date_proxy,
"Matinas BioPharma Holdings, Inc.",0001582554,https://www.sec.gov/Archives/edgar/data/1582554/000114420414003110/v365546_s1.htm,1/21/2014,"Additional risks and uncertainties not
presently known or that are currently deemed immaterial may also impair our business operations. The risks and uncertainties described
in this document and other risks and uncertainties which we may face in the future will have a greater impact on those who purchase
our common stock. These purchasers will purchase our common stock at the market price or at a privately negotiated price and will
run the risk of losing their entire investments. When used herein, unless the context
requires otherwise, references to the “Company,” “we,” “our” and “us” refer to
Matinas BioPharma Holdings, Inc., a Delaware corporation, collectively with its wholly-owned subsidiary, Matinas BioPharma, Inc.,
a Delaware corporation, which we sometimes refer to herein as Matinas BioPharma.",THERAPEUTICS,2014-02-13,,,,2834.0,Pharmaceutical Preparations,424b_filing,
Scopus Biopharma Inc.,0001772028,https://www.sec.gov/Archives/edgar/data/1772028/000114420419031346/tv523189_s1.htm,6/18/2019,"The sales of our
securities registered in the IPO Prospectus and the shares of our common stock registered in the Selling Stockholder Prospectus
may result in two offerings taking place concurrently, which could affect the price and liquidity of, and demand for, our securities.
This risk and other risks are included in “Risk Factors” beginning on page 6 of the IPO Prospectus. Each Series A
Unit consists of one share of our common stock and two Series A Warrants. Each Series A Warrant is exercisable for one Series
B Unit. Each Series B Unit consists of one share of common stock and one Series B Warrant. Each Series B Warrant is exercisable
for one share of common stock. The exercise price of the Series A Warrant is $___ and the exercise price of the Series B Warrant
is $____. The Series A Warrants and Series B Warrants will be exercisable commencing on October 1, 2020 and September 1, 2021,
respectively.",THERAPEUTICS,2022-01-20,,,,2834.0,Pharmaceutical Preparations,424b_filing,
Regen BioPharma Inc,0001589150,https://www.sec.gov/Archives/edgar/data/1589150/000155479513000605/regen100913forms1.htm,10/15/2013,"The
information in this preliminary prospectus is not complete and may be changed. These securities may not be sold until the registration
statement filed with the U.S. Securities and Exchange Commission (“SEC”) is effective. This preliminary prospectus
is not an offer to sell these securities and it is not soliciting an offer to buy these securities in any jurisdiction where the
offer or sale is not permitted. We
intend to engage primarily in the development of regenerative medical applications which we intend to license from other entities
up to the point of successful completion of Phase I and or Phase II clinical trials after which we would either attempt to sell
or license those developed applications or, alternatively, advance the application further to Phase III clinical trials.",THERAPEUTICS,2014-03-19,,,,2834.0,Pharmaceutical Preparations,424b_filing,
Celsus Therapeutics Plc.,0001541157,https://www.sec.gov/Archives/edgar/data/1541157/000114420414070095/v394113_s1.htm,11/20/2014,"Celsus Therapeutics Plc is a biopharmaceutical company dedicated to the discovery and development of novel, first-in-class, non-steroidal, synthetic anti-inflammatory drugs. We believe that we have developed a new class of synthetic drugs for therapeutic purposes that we term Multifunctional Anti-Inflammatory Drugs, representing a new multi-drug platform for the treatment of a wide range of inflammatory diseases and conditions. For decades, steroids have been the most commonly used anti-inflammatory drugs in the world, used extensively to treat inflammatory diseases and allergies. However, steroids are associated with severe
side effects, such as metabolic changes, weight gain, changes in blood pressure, diabetes, osteoporosis, cataract and glaucoma, psychosis and depression. These side effects have led to reluctance by medical providers and their patients to use these drugs, creating an unmet need in multiple disease markets for safer alternatives to steroids. In general, inflammation is a defense mechanism, part of our immune system, protecting our bodies from infection. However, when inflammation is triggered for the wrong reasons (i.e., not as a reaction to infection) or is unable to shut down, this results in an inflammatory disease. Since each organ in the body is capable of protecting itself from infections using inflammation, each organ can suffer from an inflammatory disease or condition.",THERAPEUTICS,2013-02-06,,,,2834.0,Pharmaceutical Preparations,424b_filing,
BiomX Inc.,0001739174,https://www.sec.gov/Archives/edgar/data/1739174/000161577418013203/s114226_s1.htm,11/26/2018,"We
will provide the holders of our outstanding shares of common stock that were sold as part of the units in this offering with the
opportunity to redeem their shares of common stock upon the consummation of our initial business combination at a per-share price,
payable in cash, equal to the aggregate amount then on deposit in the trust account described below, including interest (net of
taxes payable), divided by the number of then outstanding shares of common stock that were sold as part of the units in this offering,
which we refer to as our “public shares.” We
have 24 months to consummate our initial business combination. If we are unable to consummate our initial business combination
within the above time period, we will distribute the aggregate amount then on deposit in the trust account, pro rata to our public
stockholders, by way of the redemption of their shares and thereafter cease all operations except for the purposes of winding up
of our affairs, as further described herein. In such event, the warrants will expire and be worthless.",THERAPEUTICS,2018-12-14,,,,2836.0,"Biological Products, (No Diagnostic Substances)",424b_filing,
Zomedica Pharmaceuticals Corp.,0001684144,https://www.sec.gov/Archives/edgar/data/1684144/000117184317002245/s1_042017.htm,4/21/2017,"Unless the context provides otherwise, references herein to “we,”
“our,” “us,” “our company” and “Zomedica” refer to Zomedica Pharmaceuticals Corp.
together with, where applicable, our consolidated subsidiary, ZoMedica Pharmaceuticals Inc., a Delaware corporation. We are a development stage veterinary pharmaceuticals and health
care solutions company focused on developing safe and effective treatments for companion animals, primarily dogs, cats, and horses.
We seek to identify drugs for indications that have already demonstrated safety and efficacy in humans and to develop therapeutics
based on these drugs for similar indications in companion animals. We believe that our development approach will enable us to reduce
the risks associated with obtaining regulatory approval for unproven product candidates and shorten the development times to bring
our product candidates to market. We have four drug product candidates in early development and have identified several other potential
product candidates for further investigation. We believe that there are significant unmet medical needs for pets, and that the
pet therapeutics and diagnostics segments of the animal health industry are likely to grow substantially as new treatments and
diagnostic processes are identified, developed and marketed specifically for companion animals.",THERAPEUTICS,2017-11-21,,,,2834.0,Pharmaceutical Preparations,424b_filing,
"Bellerophon Therapeutics, Inc.",0001600132,https://www.sec.gov/Archives/edgar/data/1600132/000104746915000203/a2222456zs-1.htm,1/13/2015,"We are a clinical-stage therapeutics company focused on developing innovative products at the intersection of drugs and devices that
address significant unmet medical needs in the treatment of cardiopulmonary and cardiac diseases. We have two programs in advanced clinical development. The first program, INOpulse, is based on our
proprietary pulsatile nitric oxide delivery device. We are currently developing two product candidates under our INOpulse program: one for the treatment of pulmonary arterial hypertension, or PAH, for
which we intend to commence Phase 3 clinical trials in the second half of 2015, and the other for the treatment of pulmonary hypertension associated with chronic obstructive pulmonary disease,
or PH-COPD, which is in Phase 2 development. Our second program is bioabsorbable cardiac matrix, or BCM, which is currently in a placebo-controlled clinical trial designed to support CE mark
registration in the European Union. We completed enrollment of this trial in December 2014, with 303 patients having completed the treatment procedure, and we expect to report top line results in
mid-2015. Assuming positive results, we intend to conduct a pivotal pre-market approval trial of BCM beginning in the first half of 2016, which will be designed to support registration in the
United States. We are developing BCM for the prevention of cardiac remodeling, which often leads to congestive heart failure following an ST-segment elevated myocardial infarction, or STEMI. Our INOpulse program is an extension of the technology used in hospitals to deliver continuous-flow inhaled nitric oxide. Use of
inhaled nitric oxide is approved by the U.S. Food and Drug Administration, or the FDA, and certain other regulatory authorities to treat persistent pulmonary hypertension of the newborn.
Ikaria, Inc., or Ikaria, has marketed continuous-flow inhaled nitric oxide as INOmax for hospital use in this indication since approval in 1999. In October 2013, Ikaria transferred to us
exclusive worldwide rights to develop and commercialize pulsed nitric oxide in PAH, PH-COPD and pulmonary hypertension associated with idiopathic pulmonary fibrosis, or PH-IPF, with no royalty
obligations. Our INOpulse program is built on scientific and technical expertise developed for the therapeutic delivery of inhaled nitric oxide. In 2010, Ikaria filed an investigational new drug
application, or IND, for INOpulse for the treatment of patients with PAH, which is a form of pulmonary hypertensio",THERAPEUTICS,2015-02-13,,,,2834.0,Pharmaceutical Preparations,424b_filing,
"Kadmon Holdings, Inc.",0001557142,https://www.sec.gov/Archives/edgar/data/1557142/000104746916013747/a2228779zs-1.htm,6/10/2016,"We are a fully integrated biopharmaceutical company engaged in the discovery, development and commercialization of small molecules and
biologics to address disease areas of significant unmet medical need. We are developing product candidates within autoimmune and fibrotic diseases, oncology and genetic diseases. We leverage our
multi-disciplinary research and clinical development team members, who prior to joining Kadmon had brought more than 15 drugs to market, to identify and pursue a diverse portfolio of novel product
candidates, through in-licensing products and employing our small molecule and biologics platforms. By retaining global commercial rights to our lead product candidates, we believe that we have the
ability to progress these candidates ourselves while maintaining flexibility for commercial and licensing arrangements. We expect to continue to progress our clinical candidates and have further
clinical trial events to report throughout 2016. We
utilize our advanced understanding of the molecular mechanisms of disease to establish development paths for disease areas where significant unmet medical needs exist. Below is a
brief description of our most clinically advanced product candidates:",THERAPEUTICS,2016-07-27,,,,2834.0,Pharmaceutical Preparations,424b_filing,
"Zander Therapeutics, Inc",0001718644,https://www.sec.gov/Archives/edgar/data/1718644/000160706217000323/zander092817forms1.htm,10/4/2017,"The
information in this preliminary prospectus is not complete and may be changed. These securities may not be sold until the registration
statement filed with the U.S. Securities and Exchange Commission (“SEC”) is effective. This preliminary prospectus
is not an offer to sell these securities and it is not soliciting an offer to buy these securities in any jurisdiction where the
offer or sale is not permitted. We
were incorporated June 18, 2015 under the laws of the State of Nevada. We are a majority owned subsidiary of Entest Biomedical,
Inc, a Nevada corporation. We intend to engage primarily in the development and commercialization of veterinary medical therapies
which we intend to license from other entities as well as develop internally. As of September 8, 2017, we have not licensed, developed
or commercialized any existing veterinary medical therapies, however we have licensed the intellectual properties from Regen Biopharma,
Inc., a company under common control with us, and these intellectual properties comprise the therapeutic concept behind ZAN-100
and ZAN-200, two therapies in early stage development by the Company.",THERAPEUTICS,2018-05-30,,,,2834.0,Pharmaceutical Preparations,424b_filing,
Aralez Pharmaceuticals Ltd,0001648419,https://www.sec.gov/Archives/edgar/data/1648419/000110465915057790/a15-16894_3s1.htm,8/7/2015,"Upon completion of the merger, Aralez will become the successor issuer to Pozen.  Pozen formed Aralez to serve as the new parent company of Pozen and Tribute following consummation of the merger and plan of arrangement.  Pozen was incorporated in the State of Delaware on September 25, 1996 and is operating in a single reportable segment. Pozen has been a pharmaceutical company committed to transforming medicine that transforms lives. Since inception, the Company has focused its efforts on developing products which can provide improved efficacy, safety or patient convenience in the treatment of acute and chronic pain and pain related conditions and has developed a portfolio of integrated aspirin therapies. Historically, the Company has entered into collaboration agreements to commercialize its product candidates. The Company’s licensing revenues include upfront payments, additional payments if and when certain milestones in the product’s development or commercialization are reached, and the eventual royalty payments based on product sales. The Company has decided to retain ownership of its lead product candidates, the proprietary, investigational, coordinated-delivery tablets combining immediate-release omeprazole, a proton pump inhibitor, or PPI, and enteric coated, or EC, aspirin in a single tablet, now known as YOSPRALA 81/40 and 325/40 (aspirin/omeprazole delayed release tablets) (“PA” or “YOSPRALA”).",THERAPEUTICS,2015-11-06,,,,2834.0,Pharmaceutical Preparations,424b_filing,
"Amneal Pharmaceuticals, Inc.",0001723128,https://www.sec.gov/Archives/edgar/data/1723128/000119312518073686/d414240ds1.htm,3/7/2018,"We are a specialty
pharmaceutical company specializing in developing, manufacturing, marketing and distributing high-value generic pharmaceutical products across a broad array of dosage forms and therapeutic areas, as well as the development, manufacture and sale of
branded products. We were formed from the combination of Amneal and Impax pursuant to the Combination. Prior to the consummation of the Combination, Amneal and Impax operated separately as independent companies. Amneal is a generic pharmaceutical company specializing in developing, manufacturing, marketing and distributing high-value generic
pharmaceutical products across a broad array of dosage forms and therapeutic areas. Amneal currently markets over 125 product families in the United States and its marketed and pipeline generics portfolios cover an extensive range of dosage forms
and delivery systems, including both immediate and extended release oral solids such as tablets, capsules and powders, liquids, sterile injectables, nasal sprays, inhalation and respiratory products, ophthalmics (which are sterile pharmaceutical
preparations administered for ocular conditions), films, transdermal patches and topicals (which are creams or gels designed to administer pharmaceuticals locally through the skin). Amneal focuses on developing products with substantial barriers-to-entry as a result of complex drug formulations or manufacturing, legal and/or regulatory challenges. Focusing on these opportunities allows Amneal to offer
first-to-file (“ FTF ”), first-to-market (“ FTM ”) and other “high-value” products, which Amneal defines as products with zero to three generic competitors at time of launch. These products generally have
limited competition at launch, tend to be more profitable and often have longer life cycles than other generic pharmaceuticals. As of December 31, 2017, Amneal had 156 products approved but not yet launched or pending Food and Drug
Administration (“ FDA ”) approval and another 123 products in various stages of clinical development. Over 58% of Amneal’s total generic pipeline consists of potential FTF, FTM and high-value products. Amneal has an integrated,
team-based approach to product development that combines its formulation, regulatory, legal, manufacturing and commercial capabilities.",THERAPEUTICS,2018-02-12,,,,2834.0,Pharmaceutical Preparations,424b_filing,
"Nemus Bioscience, Inc.",0001516551,https://www.sec.gov/Archives/edgar/data/1516551/000155724013000010/lgl-s1_jan302013.htm,1/30/2013,"(2) This is the initial offering and no current trading market exists for our common stock. The price paid for the currently issued and outstanding common stock was $0.01 and $0.04 per share for 2,302,000 shares to officers and directors, and $0.04 for 845,000 shares to unaffiliated investors. Load Guard Logistics, Inc. is a development stage company and currently has limited active business operations.  Any investment in the Shares offered herein involves a high degree of risk.  You should only purchase Shares if you can afford a complete loss of your investment.  Our independent auditors have issued an audit opinion for Load Guard Logistics, Inc., which includes a statement expressing substantial doubt as to our ability to continue as a going concern.",THERAPEUTICS,2013-06-13,,,,2834.0,Pharmaceutical Preparations,424b_filing,
"RELMADA THERAPEUTICS, INC.",0001553643,https://www.sec.gov/Archives/edgar/data/1553643/000125529412000776/mainbody.htm,11/13/2012,"We are offering for sale to investors a maximum of 5,000,000 shares
of our common stock at an offering price of $0.004 per share (the “Offering”). Currently, we have limited inventory
consisting of fifteen surfboards.  Our business plan is to use the proceeds of this offering for the production of additional
surfboards and to increase our brand awareness through advertising. However, our management has retained discretion to use the
proceeds of the Offering for other uses. The minimum investment amount for a single investor is $500 for 125,000 shares.  The
shares are being offered by us on a “best efforts” basis and there can be no assurance that all or any of the shares
offered will be subscribed.  If less than the maximum proceeds are available to us, our development and prospects could
be adversely affected.  There is no minimum offering required for this offering to close. The proceeds of this offering
will be immediately available to us for our general business purposes. The Maximum Offering amount is 5,000,000 shares ($20,000). Surfers ride waves. The most consistent and best waves are generated
by storms in the Northern Hemisphere in November through February and in the Southern Hemisphere in June through September. It
can be expected that most surfers will purchase surfboards during these windows, and that conversely, our sales outside of these
windows will be lower.",THERAPEUTICS,2013-05-06,,,,2834.0,Pharmaceutical Preparations,424b_filing,
PREMIER BIOMEDICAL INC,0001515740,https://www.sec.gov/Archives/edgar/data/1515740/000114420411035596/v225682_s1.htm,6/14/2011,"We are hereby registering up to 951,200 shares, representing approximately 8.3% of our current outstanding common stock, for sale by ninety-five of our existing shareholders.  We are also registering up to 723,200 shares underlying the exercise of outstanding warrants. Our common stock is not traded on any national securities exchange and is not quoted on any over-the-counter market. If our shares become quoted on the Over-The-Counter Bulletin Board, sales will be made at prevailing market prices or privately negotiated prices. Premier Biomedical, Inc. is not selling any of the shares of common stock in this offering and therefore will not receive any proceeds from this offering. The selling stockholders have informed us that they do not have any agreement or understanding, directly or indirectly, with any person to distribute their common stock.",THERAPEUTICS,2011-12-19,,,,2836.0,"Biological Products, (No Diagnostic Substances)",424b_filing,
"Cell Source, Inc.",0001569340,https://www.sec.gov/Archives/edgar/data/1569340/000116552713000223/g6671.txt,3/5/2013,"As Filed With the Securities and Exchange Commission on March 5, 2013
                                                     Registration No. 333-______
================================================================================
                                  UNITED STATES
                       SECURITIES AND EXCHANGE COMMISSION
                             WASHINGTON, D.C. 20549 Copies to:
                             Chiang Law Office, P.C.
                       1700 North First Street, Suite 343
                               San Jose, CA 95112
                     Phone (415) 895-0688 Fax (415) 882-7239
            (Name, address and telephone number of agent for service)",THERAPEUTICS,2013-09-18,,,,2834.0,Pharmaceutical Preparations,424b_filing,
"LEAP THERAPEUTICS, INC.",0001509745,https://www.sec.gov/Archives/edgar/data/1509745/000104746919004464/a2239383zs-1.htm,7/31/2019,"Leap Therapeutics, Inc. is a biopharmaceutical company focused on developing novel therapies designed to treat patients with cancer by
inhibiting fundamental tumor-promoting pathways and by harnessing the immune system to attack cancer cells. Our strategy is to identify, acquire, and develop molecules that will rapidly translate into
high impact therapeutics that generate durable clinical benefit and enhanced patient outcomes. We
commenced business operations in 2011. Our operations to date have been limited to organizing and staffing our company, business planning, raising capital, undertaking preclinical
studies and clinical trials of DKN-01 and TRX518, protecting our intellectual property and providing general and administrative support for these operations. To date, we have not generated any
revenue, have incurred significant losses from operations and have primarily financed our operations through public offerings and private placements of our equity securities, business development
activities, convertible note financings, and our merger with Macrocure Ltd., or Macrocure, which was completed in January 2017. We expect to continue to incur operating losses for the
foreseeable future as we develop our product candidates.",THERAPEUTICS,2016-11-23,,,,2834.0,Pharmaceutical Preparations,424b_filing,
"Evofem Biosciences, Inc.",0001618835,https://www.sec.gov/Archives/edgar/data/1618835/000119312514375127/d750911ds1.htm,10/17/2014,"We are a clinical-stage specialty pharmaceutical company developing therapeutics for the aesthetic market. Our initial focus is on
localized fat reduction and body contouring. We are currently developing and intend to seek approval of our lead product candidate, LIPO-202, for the reduction of central abdominal bulging due to subcutaneous fat in non-obese patients. We use the
term central abdominal bulging to describe subcutaneous fat in the central abdomen that is often characterized by people as love-handles, a pot-belly, a pouch or stomach rolls, among a number of other commonly used terms. There is currently no drug
approved by the U.S. Food and Drug Administration, or FDA, for the treatment of this condition. If approved by the FDA, we believe LIPO-202 will be a best-in-class non-surgical procedure for localized fat reduction and body contouring. We have
completed Phase 2 development of LIPO-202 showing a statistically significant reduction in central abdominal bulging due to subcutaneous fat in non-obese patients. We have tested our injectable formulations of salmeterol xinafoate in approximately
800 patients across multiple clinical trials, and these injectable formulations were consistently well tolerated with a safety profile similar to placebo. We intend to conduct two pivotal U.S. Phase 3 trials of LIPO-202 and expect top-line data at
the end of 2015. If our trials are successful, we expect to file a new drug application, or NDA, in the second half of 2016 utilizing the 505(b)(2) regulatory pathway, which permits us to file an NDA where at least some of the information required
for approval comes from studies that were not conducted by or for us, and to which we do not have a right of reference, and allows us to rely to some degree on the FDA’s finding of safety, and approval of, another product containing salmeterol
xinafoate, the active ingredient in LIPO-202. LIPO-202 is an injectable formulation of salmeterol
xinafoate, a well-known long-acting ß 2 -adrenergic receptor agonist used in several inhaled FDA-approved drugs, including GlaxoSmithKline’s SEREVENT DISKUS, ADVAIR HFA and ADVAIR DISKUS. Our studies suggest that salmeterol
xinafoate activates
ß 2 -adrenergic receptors
on fat cells, triggering the metabolism of triglycerides stored in the fat cells and thereby shrinking them by means of a natural process called lipolysis. LIPO-202 is being studied for once-weekly administration over a period of eight weeks by a
physician or clinician in ",THERAPEUTICS,2014-11-20,,,,2834.0,Pharmaceutical Preparations,424b_filing,
"NANOANTIBIOTICS, INC.",0001580149,https://www.sec.gov/Archives/edgar/data/1580149/000154823313000011/nano0813s-1.htm,8/15/2013,"We are an early developmental stage biotechnology company engaged
in the discovery, development and commercialization of new classes of broad spectrum antibiotics for gram-negative and gram-positive
bacterial infections, including some of the most difficult-to-treat Multi Drug Resistant Bacteria, also called “Superbugs.”
The Company plans on developing the following eight (8) pharmaceutical compounds: Our drug discovery platform currently provides a multi-pronged level
understanding of interactions between drug candidates and their bacterial targets and enables us to engineer antibiotics with enhanced
characteristics to attack a Drug Resistant Bacteria with a multi-targeted approach. The Company plans on developing eight pharmaceutical
compounds. Our drug candidates are in the development stage. The candidates have only been studied in cell-based assays (in-vitro),
but have not been studied in small animals (in-vivo) or animals with drug resistant bacteria for efficacy, efficiency and toxicity.
We currently own all development and marketing rights to our products. We plan on contracting research and development of our technologies
to third parties. The Company intends to file patent applications for each of these candidates as studies advance and funds become
available. The Company has assigned a priority to the development of NEB-MRSA and NA-MRSA and has designated these as our leading
drug candidates.",THERAPEUTICS,2017-04-03,,,,2834.0,Pharmaceutical Preparations,424b_filing,
"EYENOVIA, INC.",0001682639,https://www.sec.gov/Archives/edgar/data/1682639/000157104917008733/t1703004_s1.htm,12/19/2017,"We are offering     shares of our common stock. This is our initial public offering and no public market currently exists for our shares. We anticipate that the initial public offering price of our common stock will be between $     and $     per share. We are a clinical stage biopharmaceutical company developing a pipeline of ophthalmology products utilizing our patented piezo-print technology to deliver micro-doses (6–8 µL) of active pharmaceutical ingredients, or micro-therapeutics, topically to the eye. This micro-dosing technology has the potential to replace traditional macro-dosing applications (e.g. conventional eye droppers that deliver 30–50 µL) that routinely overdose or under-dose when used in the topical administration of ophthalmic therapeutics. We believe our micro-therapeutic product candidates may be able to achieve similar pharmacologic effects as traditional macro-dosing applications while reducing the adverse effects associated with these techniques. We have received written Food and Drug Administration, or FDA, feedback indicating that we can proceed to Phase III clinical trials for two of our lead programs: MicroProst, a novel micro-therapeutic latanoprost formulation for chronic angle closure glaucoma, or CACG, an indication with no FDA-approved drug treatments; and MicroStat, a fixed combination of micro-therapeutic phenylephrine-tropicamide formulation for mydriasis, also known as pupil dilation for use in eye exams. MicroTears, our over-the-counter, or OTC, product candidate for dry eye, will not require Phase III clinical trials, and we plan to proceed with registration activities.",THERAPEUTICS,2018-01-25,,,,2834.0,Pharmaceutical Preparations,424b_filing,
Kannalife Inc,0001615999,https://www.sec.gov/Archives/edgar/data/1615999/000161599914000004/tygs1_s1.htm,8/21/2014,"We recently started developing an app for a distribution company that distributes products to stores. The app is for when the company’s employee is at a store he can launch the app which can update inventory and order more products. The data is then uploaded it to the company’s database for further handling. This app will assist the company for a smoother distribution system. Based on our financial history since inception, in their report on the financial statements for the period from March 25, 2013 (inception) to June 30, 2013, our independent registered public accounting firm has expressed substantial doubt as to our ability to continue as a going concern. We are a development stage company that has generated limited revenue and has limited operating history.",THERAPEUTICS,2014-08-21,,,,2834.0,Pharmaceutical Preparations,s1_filing_date_proxy,
"ALPINE IMMUNE SCIENCES, INC.",0001626199,https://www.sec.gov/Archives/edgar/data/1626199/000104746915004723/a2224618zs-1.htm,5/13/2015,"We are a clinical stage pharmaceutical company committed to the discovery, development and commercialization of product candidates for
patients with cystic fibrosis, or CF. CF is a life-shortening genetic disease with no known cure that affects an estimated 70,000 people worldwide. CF is caused by mutations in the gene that encodes
the cystic fibrosis transmembrane conductance regulator, or CFTR, a chloride channel that regulates the movement of salt and water into and out of cells. Defective CFTR results in decreased chloride
secretion leading to the buildup of thick mucus in the lungs and other vital organs. Our lead product candidate, N91115, is a small molecule that addresses a defect in CFTR, resulting from mutations in the CFTR gene, the
underlying cause of CF. We believe N91115 is a first-in-class CFTR stabilizer that modulates CFTR activity through a novel mechanism of action that we expect to be complementary to existing and future
CFTR modulators. N91115 is the only clinical stage product candidate we know of designed to stabilize CFTR inside the cell and at the cell surface. We have shown in preclinical studies that the
stabilizing effect of N91115 significantly increases and prolongs CFTR activity when added to other CFTR modulators. Currently, we are completing a Phase 1b clinical trial for N91115 when used
as a single CFTR modulator in CF patients. Following this, we intend to initiate a Phase 2 clinical trial that will assess the safety and efficacy of N91115 in a triple therapy with two other
CFTR modulators, Vertex's lumacaftor together with ivacaftor, or lumacaftor/ivacaftor, which are combined together in one pill, or co-formulated. On November 5, 2014, Vertex announced that it
filed its NDA for approval of lumacaftor/ivacaftor in the United States and Europe. On January 11, 2015, Vertex announced that the U.S. Food and Drug Administration, or FDA, had granted it
priority review for its application in certain CF patients, with a target review deadline for the FDA's approval decision, or PDUFA date, of July 5, 2015, by which date the FDA may determine
whether or not to approve lumacaftor/ivacaftor. On May 12, 2015, the FDA Pulmonary-Allergy Drugs Advisory Committee, or PADAC, met to discuss Vertex's NDA and voted 12-1 in favor of
recommending that the FDA approve lumacaftor/ivacaftor. We plan to begin a Phase 2 clinical trial as soon as feasible after the commercial launch of lumacaftor/ivacaftor. We believe this triple
therapy has the po",THERAPEUTICS,2015-06-17,,,,2834.0,Pharmaceutical Preparations,424b_filing,
"Enumeral Biomedical Holdings, Inc.",0001561551,https://www.sec.gov/Archives/edgar/data/1561551/000156155113000001/s1ceruleanjanuary42012.htm,1/4/2013,"We are a development stage company and intend to develop and operate a website for self-travelers and backpackers. Cerulean Group, Inc. was incorporated in Nevada on February 27, 2012. We intend to use the net proceeds from this offering to develop our business operations (See “Description of Business” and “Use of Proceeds”). To implement our plan of operations we require a minimum of $25,000 for the next twelve months as described in our Plan of Operations. There is no assurance that we will generate any revenue in the first 12 months after completion our offering or ever generate any revenue. Being a development stage company, we have very limited operating history. If we do not generate any revenue we may need a minimum of $10,000 of additional funding to pay for ongoing SEC filing requirements. We do not currently have any arrangements for additional financing. Our principal executive offices are located at Krizikova 22, Prague 8, 18600, Czech Republic. Our phone number is (702) 723-6890.",THERAPEUTICS,2014-11-12,,,,2834.0,Pharmaceutical Preparations,424b_filing,
"Propanc Biopharma, Inc.",0001517681,https://www.sec.gov/Archives/edgar/data/1517681/000135448811001953/phgc_s1.htm,6/23/2011,"We are a research and development company whose primary activity is to develop and market new treatments for chronic diseases, such as cancer.  We have generated very limited revenue, have no cancer treatment products available to market and have no products which have reached the clinical trial stage.  We require substantial additional financing to develop our products. Investing in our common stock involves a high degree of risk.  You should carefully consider the following risk factors before deciding whether to invest in Propanc. If any of the events discussed in the risk factors below occur, our business, financial condition, results of operations or prospects could be materially and adversely affected.  In such case, the value and marketability of the common stock could decline.",THERAPEUTICS,2011-12-16,,,,2834.0,Pharmaceutical Preparations,424b_filing,
"Frequency Therapeutics, Inc.",0001703647,https://www.sec.gov/Archives/edgar/data/1703647/000119312519239976/d72917ds1.htm,9/6/2019,"We are a clinical-stage biotechnology company focused on harnessing the body’s innate biology to repair or reverse damage caused by a broad range of degenerative diseases. Our proprietary approach, called
Progenitor Cell Activation, or PCA, uses combinations of small molecules to activate progenitor cells within the body to create functional tissue. Further, these progenitor cells, which are closely related to stem cells, are already resident in the
targeted location in the body and programmed to develop and differentiate into specific cell types within an organ. Our initial therapeutic focus is sensorineural hearing loss, or SNHL, and we believe our PCA platform has the potential to produce a
new class of medicines and provide transformative benefits for patients across a wide range of degenerative conditions, including multiple sclerosis, or MS, and diseases of the muscle, gastrointestinal tract, skin, and bone. We intend to continue to
identify areas with high unmet need where our PCA platform and novel approach to regenerative medicine could lead to potentially disease-modifying therapeutics that create healthy functional tissues and improve patients’ lives. We are developing our lead product candidate, FX-322, to treat the underlying cause of SNHL. SNHL is the most prevalent type of hearing loss, typically caused by
permanent loss of sensory hair cells in the cochlea within the ear. No drug therapies have been approved by the U.S. Food and Drug Administration, or the FDA, or, to our knowledge, by other regulatory bodies, for the treatment of SNHL. We believe
that FX-322 has the potential to meaningfully improve overall hearing function through the activation of progenitor cells already present in the cochlea to regenerate hair cells. According to the World Health Organization, more than 800 million
adults suffer from hearing loss worldwide and according to the National Institutes of Health, more than 90% of people with hearing loss have SNHL. Based on our estimates, we believe that 59 million people in the United States alone have SNHL.",THERAPEUTICS,2019-10-04,,,,2834.0,Pharmaceutical Preparations,424b_filing,
"Y-mAbs Therapeutics, Inc.",0001722964,https://www.sec.gov/Archives/edgar/data/1722964/000104746918005786/a2236551zs-1.htm,8/24/2018,"Thomas Gad Founder, Chairman, President and Head of Business Development Y-mAbs Therapeutics, Inc. 230 Park Avenue 33 rd Floor New York, NY 10169 Tel. (212) 847-9844 (Name, address, including zip code, and telephone number, including area code, of agent for service) We
expect the public offering price to be between $            and $            per share. Currently, no public market exists for the
shares. After pricing of the offering, we
expect that the shares will trade on the Nasdaq Global Market under the symbol ""YMAB.""",THERAPEUTICS,2018-09-24,,,,2834.0,Pharmaceutical Preparations,424b_filing,
"Durata Therapeutics, Inc.",0001544116,https://www.sec.gov/Archives/edgar/data/1544116/000119312512127352/d312438ds1.htm,3/22/2012,"We are
a pharmaceutical company focused on the development and commercialization of novel therapeutics for patients with infectious diseases and acute illnesses. We are currently enrolling and dosing patients in two global Phase 3 clinical trials with our
lead product candidate, dalbavancin, for the treatment of patients with acute bacterial skin and skin structure infections, or abSSSI. Dalbavancin is an intravenous antibiotic product candidate designed for once-weekly dosing, which we believe will
facilitate the treatment of patients with abSSSI in both the in-patient and out-patient settings by reducing the length of a patient’s hospital stay or avoiding hospital admission altogether and, ultimately, lowering the overall cost of care
for these patients. We are conducting each of these Phase 3 clinical trials pursuant to special protocol agreements, or SPAs, with the U.S. Food and Drug Administration, or FDA, based on draft guidance issued by the FDA in 2010 for the development
of drugs to treat abSSSI. We also designed these trials based on scientific advice that we received from the European Medicines Agency, or EMA, in December 2010 to meet the regulatory filing requirements in the European Union. We expect to complete
these Phase 3 clinical trials and have initial, top-line data available in the beginning of 2013. If our ongoing Phase 3 clinical trials are successful, we plan to submit a New Drug Application, or NDA, to the FDA in the first half of 2013 and a
marketing authorization application, or MAA, to the EMA in the second half of 2013. If approved, we intend to directly commercialize dalbavancin in the United States and Western Europe with a targeted hospital sales force and to utilize a variety of
types of collaboration arrangements for commercialization in other markets. We believe that dalbavancin offers a number of
potential advantages compared to currently available treatments for abSSSI, including a strong safety and tolerability profile, broad coverage and activity against Gram-positive bacteria, including resistant bacterial strains, suitability in a wide
range of patients due to limited drug-drug interaction or need for therapeutic drug monitoring, and simpler administration that facilitates use in multiple settings. In addition, dalbavancin’s pharmacokinetic profile and its relatively long
half-life compared to many currently available treatments result in continuous bactericidal, or bacteria killing, activity over a prolonged period ",THERAPEUTICS,2012-07-20,,,,2834.0,Pharmaceutical Preparations,424b_filing,
"ARMO BioSciences, Inc.",0001693664,https://www.sec.gov/Archives/edgar/data/1693664/000119312517383679/d269230ds1.htm,12/29/2017,"We are a late-stage immuno-oncology company
that is developing a pipeline of novel, proprietary product candidates that activate the immune system of cancer patients to recognize and eradicate tumors. Our vision is to improve and prolong the lives of cancer patients by advancing and expanding
the field of immuno-oncology through novel combinations and treatment sequences of our pipeline products with standard of care chemotherapies and checkpoint inhibitors or with other emerging immunotherapies that elicit complementary and synergistic
treatment effects. To achieve this vision, we have assembled a seasoned and talented group of industry veterans, scientists, clinicians, key opinion leaders and investors. Our lead product candidate, AM0010 (pegilodecakin) is a long-acting form of human Interleukin-10 (IL-10). IL-10 is a naturally occuring immune cell growth factor in humans that stimulates the survival, expansion and tumor killing (cytotoxic) capacity of a particular white blood cell of the immune system, called the CD8+
T cell. We have focused on CD8+ T cells because these cells have been shown to recognize and kill cancer cells. An abundance of tumor-infiltrating CD8+ T cells improves the prognosis and lengthens the survival of cancer patients.",THERAPEUTICS,2018-01-29,,,,2834.0,Pharmaceutical Preparations,424b_filing,
"TFF Pharmaceuticals, Inc.",0001733413,https://www.sec.gov/Archives/edgar/data/1733413/000121390019016393/fs12019_tffpharmaceuticals.htm,8/20/2019,"We intend to initially focus on the development of inhaled dry powder drugs for the treatment of pulmonary diseases and conditions. While our TFF platform was designed to improve solubility of poorly water -soluble drugs generally, we have found that the technology is particularly useful in generating dry powder particles with properties that allow for superior inhalation delivery, especially to the deep lung, which is an area of extreme interest in respiratory medicine. We believe that our TFF platform can significantly increase the number of pulmonary drug products that can be delivered by way of breath -actuated inhalers, which are generally considered to be the most effective and patient -friendly means of delivering medication directly to the lungs. Our dry powder drug products will be designed for use with dry powder inhalers, which are generally considered to be the most effective of all breath -actuated inhalers. We plan to focus on developing inhaled dry powder formulations of existing off -patent drugs intended for lung diseases and conditions, which we believe includes dozens of potential drug candidates, many of which have a potential market ranging from $100 million to over $500 million. • TFF Tac -Lac is an inhaled dry powder version of tacrolimus, an immunosuppressive drug used in transplant medicine. Prograf tacrolimus is currently the second most commonly administered immunosuppressive drug used in solid organ transplants, despite what we believe to be the many challenges for patients and physicians when used for extended periods. Prograf tacrolimus can cause toxicity in the kidneys, particularly when used in high doses. Tacrolimus is no longer under patent protection, and we intend to develop a dry powder version suitable for use with a dry powder inhaler. Because our dry powder",THERAPEUTICS,2019-10-25,,,,2834.0,Pharmaceutical Preparations,424b_filing,
Principia Biopharma Inc.,0001510487,https://www.sec.gov/Archives/edgar/data/1510487/000119312518251837/d575899ds1.htm,8/17/2018,"We are a
clinical-stage biopharmaceutical company dedicated to bringing transformative oral therapies to patients with significant unmet medical needs in immunology and oncology. Our proprietary Tailored
Covalency ® platform enables us to design and develop reversible covalent and irreversible covalent, small molecule inhibitors with potencies and selectivities that we believe will rival those
of injectable biologics, yet maintain the convenience of a pill. Our strategy is to advance the development of our proprietary drug candidates, and for certain programs, use collaborations and partnerships as strategic tools to maximize the value of
those assets. We have produced three new drug candidates from our platform, resulting in four clinical programs in our first seven years of operation. We
retain full, worldwide rights to our most advanced programs, PRN1008 and PRN1371, and have established ongoing collaborations with Genzyme Corporation, a Sanofi company, or Sanofi, and AbbVie Biotechnology Limited, or AbbVie, for our other programs.",THERAPEUTICS,2018-09-17,,,,2834.0,Pharmaceutical Preparations,424b_filing,
"Braeburn Pharmaceuticals, Inc.",0001688765,https://www.sec.gov/Archives/edgar/data/1688765/000104746916017332/a2230579zs-1.htm,12/30/2016,"We are a commercial-stage pharmaceutical company focused on the development and commercialization of novel long-acting medications for serious
disorders of the central nervous system, or CNS. Our proprietary implantable and injectable delivery mechanisms provide differentiated solutions for chronic diseases with high unmet medical needs. Our
specialty CNS focus is on fast-growing therapeutic areas recognized as serious public health crises, where long-acting technologies offer important benefits such as increased medication compliance,
improved patient convenience, reduced risk of abuse and relapse and reduced public health and societal costs. Our
lead therapeutic area is opioid addiction, which affects 2.6 million people in the United States across all socioeconomic groups. A 2016 survey from the Kaiser Family Foundation indicates
that nearly half of all Americans know someone who suffers from opioid addiction. We have one approved product, Probuphine, a six-month buprenorphine implant for the maintenance treatment of opioid
addiction, which was approved by the Food and Drug Administration, or FDA, on May 26, 2016. In November 2016, we reported positive top-line results from a Phase 3 trial of weekly and
monthly CAM2038, an injectable formulation of buprenorphine, for opioid addiction. CAM2038 achieved non-inferiority compared to oral daily buprenorphine based on the primary endpoint and superiority
to oral daily buprenorphine based on a secondary endpoint. Our other therapeutic areas of focus are pain, schizophrenia and spasticity, which refers to feelings of stiffness and a wide range of
involuntary muscle spasms. We have four additional late-stage product candidates in our pipeline across our different therapeutic areas, as well as two earlier-stage product candidates.",THERAPEUTICS,2016-12-30,,,,2834.0,Pharmaceutical Preparations,s1_filing_date_proxy,
"Juno Therapeutics, Inc.",0001594864,https://www.sec.gov/Archives/edgar/data/1594864/000119312514414077/d772541ds1.htm,11/17/2014,"We are building a
fully-integrated biopharmaceutical company focused on revolutionizing medicine by re-engaging the body’s immune system to treat cancer. Founded on the vision that the use of human cells as therapeutic entities will drive one of the next
important phases in medicine, we are developing cell-based cancer immunotherapies based on our chimeric antigen receptor, or CAR, and high-affinity T cell receptor, or TCR, technologies to genetically engineer T cells to recognize and kill
cancer cells. We have shown compelling evidence of tumor shrinkage in clinical trials using multiple cell-based product candidates to address refractory B cell lymphomas and leukemias. Before the end of 2015, we plan to begin a Phase II trial that
could support accelerated U.S. regulatory approval in relapsed/refractory B cell acute lymphoblastic leukemia, a Phase I trial in relapsed/refractory B cell non-Hodgkin’s lymphoma, and Phase I trials for at least four additional product
candidates that target different cancer-associated proteins in hematological and solid organ cancers. Longer term, we aim to improve and leverage our cell-based platform to develop additional product candidates to address a broad range of cancers
and human diseases. Cancer is characterized by the uncontrolled proliferation of abnormal cells. Cancer cells contain mutated proteins
and may overexpress other proteins normally found in the body at low levels. The immune system typically recognizes abnormal protein expression and eliminates these cells in a highly efficient process known as immune surveillance. Cancer cells’
ability to evade immune surveillance is a key factor in their growth, spread, and persistence. In the last five years, there has been substantial scientific progress in countering these evasion mechanisms using immunotherapies, or therapies that
activate the immune system. Immunotherapies are increasingly recognized as an important part of today’s frontier in the treatment of cancer.",THERAPEUTICS,2014-12-19,,,,2836.0,"Biological Products, (No Diagnostic Substances)",424b_filing,
Egalet Corp,0001586105,https://www.sec.gov/Archives/edgar/data/1586105/000104746913009695/a2216993zs-1.htm,10/16/2013,"We are a specialty pharmaceutical company developing and planning to commercialize proprietary, abuse-deterrent oral products for the
treatment of pain and in other indications. Using our proprietary technology platform, we have developed a pipeline of clinical-stage, opioid-based product candidates in tablet form that are
specifically designed to deter abuse by physical and chemical manipulation while also providing the ability to tailor the release of the active pharmaceutical ingredient, or API. Our
lead product candidate, Egalet-001, is an abuse-deterrent, extended-release, oral morphine formulation in development for the treatment of moderate to severe pain. There are
currently no commercially available abuse-deterrent formulations of morphine, and we believe that Egalet-001, if approved, would fill a significant unmet need in the marketplace. We are conducting
Phase 1 clinical trials of Egalet-001 and we plan to initiate pivotal trials to establish the bioequivalence of Egalet-001 to MS-Contin®, a currently approved oral morphine
formulation, in the first quarter of 2014 and submit a new drug application, or NDA, to the U.S. Food and Drug Administration, or FDA, in the fourth quarter of 2014.",THERAPEUTICS,2014-02-07,,,,2834.0,Pharmaceutical Preparations,424b_filing,
"AUDEO ONCOLOGY, INC.",0001552899,https://www.sec.gov/Archives/edgar/data/1552899/000119312512296279/d365958ds1.htm,7/6/2012,"Unless otherwise expressly stated or the context otherwise requires, references throughout this
prospectus to “we,” “us,” “our” or the “company” and similar references refer to Audeo Oncology, Inc. and its consolidated subsidiaries, Alchemia Oncology Pty Limited (formerly known as Meditech Research
Ltd.), which we sometimes refer to as Alchemia Oncology, and Audeo Discovery Pty Limited; references to “dollars,” “$,” “U.S. dollars” and “US$” refer to United States dollars; and references to
“Australian dollars,” “Australia $,” “AUD dollars” and “AUD$” refer to Australian dollars. We are a late
stage biopharmaceutical company primarily focused on utilizing our Hyaluronic Acid Chemotransport Technology, or HyACT, to target cancer drugs preferentially to tumor cells to enhance drug activity. HyACT is a flexible platform technology designed
to increase the effectiveness of anti-cancer agents without increasing treatment toxicity. We seek to reduce the risks related to drug development by using known anti-cancer drugs, and aim to enhance their commercial value by improving their
effectiveness.",THERAPEUTICS,2012-07-06,,,,2834.0,Pharmaceutical Preparations,s1_filing_date_proxy,
"Inhibrx, Inc.",0001739614,https://www.sec.gov/Archives/edgar/data/1739614/000119312519164114/d636583ds1.htm,6/3/2019,"We are a clinical-stage
biotechnology company focused on developing a broad pipeline of novel biologic therapeutic candidates. We combine a deep understanding of target biology with innovative protein engineering, proprietary discovery technologies, and an integrative
approach to research and development to design highly differentiated therapeutic candidates. Central to these efforts is our proprietary single domain antibody, or sdAb, platform. Our culture empowers data-driven decision making with the aim of
eliminating candidate-selection bias in discovery and development. Initially, we are pursuing therapeutic candidates directed to validated targets, where we believe our protein engineering technologies can overcome prior therapeutic limitations. We
currently have three oncology programs in human clinical trials as well as a rare disease program for which we expect to initiate a clinical trial in the third quarter of 2019. We also have a preclinical program for which we expect to submit an
Investigational New Drug application, or IND, to the United States Food and Drug Administration, or FDA, in 2019 and a preclinical program for which we submitted an IND to the FDA in May 2019. We retain worldwide rights to all of our programs,
except for our INBRX-103 therapeutic candidate, for which worldwide rights have been licensed to Celgene Corporation, or Celgene, our INBRX-101 therapeutic candidate, for which we have entered into an option agreement with Chiesi Farmaceutici
S.p.A., or Chiesi, for development and commercialization rights outside of the United States and Canada, and certain other therapeutic candidates for which we licensed limited commercial and development rights in certain Asian regions to key
collaborators. We utilize diverse methods of protein engineering to address the specific requirements of complex target and disease
biology. We believe our sdAb platform can enable the development of therapeutic candidates with unique mechanisms of action and attributes superior to current monoclonal antibody, or mAb, and fusion protein approaches. sdAbs are highly modular and
can be combined to create therapeutic candidates with defined valencies and multiple specificities, enabling enhanced cell signaling and conditional activation. Importantly, our sdAb-based therapeutic
candidates are manufactured by established processes used to produce therapeutic proteins.",THERAPEUTICS,2020-08-19,,,,2836.0,"Biological Products, (No Diagnostic Substances)",424b_filing,
"Clearside Biomedical, Inc.",0001539029,https://www.sec.gov/Archives/edgar/data/1539029/000119312516424684/d742552ds1.htm,1/8/2016,"We
are a late-stage clinical biopharmaceutical company developing first-in-class drug therapies to treat blinding diseases of the eye. Our current product candidates focus on diseases affecting the retina and choroid, especially diseases associated
with macular edema, and are injected into the suprachoroidal space, or SCS, adjacent to the choroid, using our proprietary SCS Microinjector. With the SCS injection, our product candidates are more directly administered to the retina and choroid as
compared to other ocular drug delivery techniques, such as intravitreal injections. We believe SCS injection may provide a number of benefits, including lower frequency of necessary injection and faster onset of therapeutic effect. We hold the
exclusive rights to develop and commercialize drugs for injection into the SCS. Our most advanced product candidates, CLS-1001 and CLS-1003, are based on commonly used ophthalmic drugs, which we believe will allow us to more efficiently and
predictably pursue the regulatory approval of these product candidates under Section 505(b)(2) of the U.S. Federal Food, Drug, and Cosmetic Act. Under Section 505(b)(2), if we can establish that reliance on the Food and Drug
Administration’s, or FDA’s, previous findings of safety and effectiveness for an approved product is scientifically appropriate, or there is scientific literature to support the product’s safety or effectiveness, it may eliminate the
need for us to conduct some of the preclinical studies or clinical trials for the new product candidate that might otherwise have been required. We estimate that there are nearly five million people in the United States diagnosed with our target
indications and that worldwide annual sales of drugs to treat these indications were approximately $7 billion in 2014. Our CLS-1001
program is being developed for the treatment of macular edema associated with non-infectious uveitis, a condition that we estimate affects 350,000 patients in the United States. CLS-1001 consists of an SCS injection of CLS-TA, our proprietary,
preservative-free formulation of the corticosteroid triamcinolone acetonide, or TA, specifically designed to be administered through our SCS Microinjector. We enrolled the first patient in our Phase 3 clinical trial in November 2015. We expect to
enroll approximately 150 patients in this trial and report the data in the second half of 2017. We believe, based on our end-of-Phase 2 review with the FDA in May 2015, that this Phase 3 cl",THERAPEUTICS,2016-06-02,,,,2834.0,Pharmaceutical Preparations,424b_filing,
"BioCardia, Inc.",0001635886,https://www.sec.gov/Archives/edgar/data/1635886/000119312515224803/d892635ds1.htm,6/16/2015,"We are a clinical-stage regenerative medicine
company developing novel therapeutics for cardiovascular diseases with large unmet medical needs. Our lead therapeutic candidate is the CardiAMP Cell Therapy System, or CardiAMP. We anticipate enrolling the first patient in our U.S. Food and Drug
Administration, or FDA, accepted Phase III pivotal trial for CardiAMP in ischemic systolic heart failure in 2015 and obtaining top-line data in the second half of 2017. If our Phase III pivotal trial is successful, we believe we will be the first
company to reach the market with a cell-based therapy to treat heart failure. Our second therapeutic candidate is the CardiALLO Cell Therapy System, or CardiALLO. We anticipate acceptance of an Investigational New Drug, or IND, application by the
FDA in 2016 for a Phase II trial for CardiALLO in ischemic systolic heart failure. We are committed to applying our expertise in the fields of autologous and allogeneic cell-based therapies to improve the lives of patients with cardiovascular
conditions. Autologous cell therapies use autologous cells, which means the patient’s own cells, while allogeneic cell therapies use allogeneic cells, which means cells from a third party donor. CardiAMP is a comprehensive therapeutic treatment that includes a companion diagnostic, and is comprised of (i) a cell potency screening test, (ii) a
point of care cell processing platform, and (iii) a biotherapeutic delivery system. CardiAMP is the first comprehensive therapeutic treatment utilizing a patient’s own cells for the treatment of ischemic systolic heart failure, which is
heart failure that develops after a heart attack. In the screening process with the companion diagnostic, the physician extracts a small sample of the patient’s bone marrow in an outpatient procedure performed under local anesthesia. The clinic
sends the sample to a centralized diagnostic lab, which tests for identified biomarkers from which we generate a potency assay score for the patient. During the treatment, a clinician harvests and then prepares the patient’s own bone marrow
mononuclear cells, or autologous cells, using our point of care cell processing platform, which a cardiologist then delivers into the heart using our proprietary biotherapeutic delivery system. We designed the entire procedure to be performed in
approximately 60 to 90 minutes, which we believe is substantially faster than alternative cell-based therapies in development. The patient then leaves the h",THERAPEUTICS,2015-06-16,,,,2836.0,"Biological Products, (No Diagnostic Substances)",s1_filing_date_proxy,
"G1 Therapeutics, Inc.",0001560241,https://www.sec.gov/Archives/edgar/data/1560241/000119312517123000/d128073ds1.htm,4/13/2017,"We are a clinical-stage biopharmaceutical company focused on the discovery and development of novel therapeutics for the treatment of cancer. Our two clinical assets are
based on our core understanding of cyclin-dependent kinases, or CDKs, a family of proteins that play an important role in the growth and proliferation of all human cells. Two particular CDKs, CDK4 and CDK6, collectively known as CDK4/6, represent a
validated and promising class of targets for anti-cancer therapeutics. We have leveraged our deep expertise in CDK4/6 biology to discover and develop two highly potent and selective CDK4/6 inhibitors that may have broad applicability across multiple
cancer indications. We believe we are the only company with two distinct clinical-stage CDK4/6 inhibitors, trilaciclib and G1T38, each of which has the potential to be the backbone therapy of multiple combination regimens. CDK4/6 is required for growth and proliferation in certain normal cell types, such as hematopoietic stem and
progenitor cells, or HSPCs. HSPCs reside in the bone marrow and are the “reservoir” from which all blood and immune system cells are formed. Additionally, CDK4/6 plays an integral role in the growth and proliferation of certain types of
tumors. Tumors that rely on CDK4/6 to grow and proliferate are referred to as CDK4/6-dependent tumors, and include the most common kinds of prostate and breast cancer. Alternatively, some tumors can grow and
proliferate without CDK4/6 activity and are referred to as CDK4/6-independent. CDK4/6 independent tumors include small cell lung cancer, or SCLC, and triple-negative breast cancer, or TNBC. Our two CDK4/6
inhibitors were rationally designed to treat distinct patient populations with different combination regimens. Trilaciclib is in development in combination with chemotherapy for the treatment of patients with CDK4/6-independent tumors. G1T38 is in development in combination with targeted therapies for the treatment of patients with CDK4/6-dependent tumors.",THERAPEUTICS,2017-05-17,,,,2834.0,Pharmaceutical Preparations,424b_filing,
scPharmaceuticals Inc.,0001604950,https://www.sec.gov/Archives/edgar/data/1604950/000119312517316695/d435316ds1.htm,10/23/2017,"We are a pharmaceutical company focused on developing and
commercializing products that have the potential to transform the way therapy is delivered, advance patient care and reduce healthcare costs. Our proprietary platform is designed to enable the subcutaneous administration of therapies that have
previously been limited to intravenous, or IV, delivery. By moving delivery away from the high-cost healthcare settings typically required for IV administration, we believe our technology reduces overall healthcare costs and advances the quality and
convenience of care. Our lead product candidate, Furoscix, consists of our subcutaneous formulation of furosemide delivered via our patented sc2Wear Infusor and is under development for treatment of worsening, or decompensated, heart failure outside
of the inpatient setting. We filed a new drug application, or NDA, for Furoscix, with the U.S. Food and Drug Administration, or FDA, in August 2017. Heart failure
is a chronic disease that affects approximately 6.5 million adults in the United States and treatment costs represent $123 billion, or 33%, of annual Medicare Part A and B spending. Decompensated heart failure is one of the most common
causes of hospital admissions and readmissions in patients age 65 and over, according to data from the Centers for Medicare and Medicaid Services. Patients with heart failure are prone to retain water and salt, or fluid, in their blood stream and
other tissues. Management of fluid retention, or edema, to avoid decompensation is the primary concern for heart failure patients and their physicians. Heart failure patients are commonly prescribed an oral diuretic to promote ongoing discharge of
excess fluid through urination, or diuresis. When their oral diuretic fails and the buildup of excess fluid continues, patients are admitted to the hospital for more intensive diuresis via IV administration of a loop diuretic. Furosemide represents
over 90% of the IV loop diuretics utilized. Once a patient is stabilized, hospitals must decide between keeping the patient hospitalized for further diuresis, which results in high costs to the hospital, or discharging the patient so they may resume
their normal lives and continue diuresis at home. In many instances, patients are discharged before diuresis is complete and must be readmitted to the hospital when their oral diuretic is not effective at home. Between 25% to 30% of Medicare
patients are readmitted to the hospital for heart failure withi",THERAPEUTICS,2017-11-17,,,,2834.0,Pharmaceutical Preparations,424b_filing,
"Flex Pharma, Inc.",0001615219,https://www.sec.gov/Archives/edgar/data/1615219/000104746914010116/a2222457zs-1.htm,12/29/2014,"We are a biotechnology company that is developing innovative and proprietary treatments for nocturnal leg cramps and spasms associated with severe
neuromuscular conditions. Novel insights regarding neuromuscular physiology from our co-founders form the basis of our development efforts. We believe that activation of certain receptors in primary
sensory neurons reduces the repetitive firing, or hyperexcitability, of alpha-motor neurons, thereby preventing or reducing the frequency and intensity of muscle cramps and spasms. We also believe
that we are the only company developing products based on this mechanism of muscle cramp and spasm inhibition. We have conducted three randomized, blinded, placebo-controlled cross-over studies of our
proprietary treatment, which have shown a statistically significant reduction in the intensity of muscle cramps induced in healthy normal volunteers. We intend to initially focus our drug development
efforts on developing a product to treat nocturnal leg cramps. There is no drug product currently available in the United States that has been approved to treat nocturnal leg cramps. In
the second quarter of 2015, we intend to initiate at least one human proof-of-concept study of our proprietary treatment for individuals who suffer from nocturnal leg cramps. Nocturnal leg cramps
are muscle cramps that occur during sleep and can cause distress, interrupted sleep, reduced quality of life and interference with activities of daily living. We believe our primary target patient
population will include individuals that suffer from nocturnal leg cramps daily or weekly and, based on independent third-party survey results, we estimate that approximately four million U.S. adults
over the age of 65 suffer from nocturnal leg cramps on a daily basis. Nocturnal leg cramps also affect people younger than 65 and we believe there is an opportunity to serve this patient population as
well.",THERAPEUTICS,2015-01-29,,,,2834.0,Pharmaceutical Preparations,424b_filing,
MultiVir Inc.,0001613490,https://www.sec.gov/Archives/edgar/data/1613490/000119312515109909/d746070ds1.htm,3/30/2015,"We are a clinical-stage gene therapy company developing a pipeline of novel product candidates for the treatment of
multiple oncological indications. Our gene therapy and oncolytic viral technologies are directed against important therapeutic targets in oncology that are not fully addressed by existing small molecule cancer therapies. We are employing these
technologies to develop two lead product candidates, Ad- p53 and Ad- IL24 . Our Ad- p53 product candidate is a genetically modified adenovirus designed to deliver the normal p53 tumor suppressor gene, which targets
fundamental molecular defects present in multiple types of cancers. Our Ad- IL24 product candidate is a genetically engineered adenovirus modified to deliver the tumor suppressor gene interleukin-24, or IL24 , which has tumor suppressor
activities similar to p53 and certain immunostimulatory properties. Each of these product candidates has completed Phase 1 clinical trials as a monotherapy, and we plan to advance both product candidates into Phase 1/2 clinical
trials that include a randomized, controlled portion in combination with standard cancer therapies. We believe our product candidates have the potential to address unmet medical needs of cancer patients. In normal human cells, tumor suppressor genes express tumor suppressor proteins that inhibit the formation and growth of tumors. These
tumor suppressor functions are often defective in the cells of cancer patients. Tumor suppressors are complex structures that directly or indirectly modulate, in some cases, over one hundred genes, and in other cases, over one thousand genes, many
of which have cancer therapeutic properties. Because of these complex properties, it is difficult for existing small molecule cancer therapies to fully restore normal tumor suppressor functions in cells with defective tumor suppressors. We believe
our Ad- p53 and Ad- IL24 product candidates are better suited to restore tumor suppressor function than small molecule drugs that have more limited mechanisms of action.",THERAPEUTICS,2015-03-30,,,,2834.0,Pharmaceutical Preparations,s1_filing_date_proxy,
FIBROGEN INC,0000921299,,,"EXTRACTION FAILED, open s1_url directly",THERAPEUTICS,2014-11-19,,,,2834.0,Pharmaceutical Preparations,manual_verified,
Allakos Inc.,0001564824,https://www.sec.gov/Archives/edgar/data/1564824/000119312518201103/d447521ds1.htm,6/22/2018,"We are a clinical stage biotechnology company developing AK002, our wholly owned monoclonal antibody, for the treatment of various eosinophil and mast
cell related diseases. AK002 demonstrated pharmacodynamic activity in both of our completed Phase 1 trials, and in the single ascending dose Phase 1 trial involving patients with indolent systemic mastocytosis (“ISM”), patients reported
improvements in their symptoms. AK002 selectively targets both eosinophils and mast cells, which are types of white blood cells that are widely distributed in the body and play a central role in the inflammatory response. Inappropriately activated
eosinophils and mast cells have been identified as key drivers in a number of severe diseases affecting the gastrointestinal tract, eyes, skin, lungs and other organs. As such, AK002 has the potential to treat a large number of severe diseases. We
are developing AK002 for the treatment of eosinophilic gastritis (“EG”) and eosinophilic gastroenteritis (“EGE”). In addition, we are conducting studies in ISM, chronic urticaria (“CU”) and severe allergic
conjunctivitis (“SAC”) and are evaluating additional indications for future development. Despite the knowledge that eosinophils and mast cells drive many pathological conditions, there are no
approved therapies that selectively target both eosinophils and mast cells. Current treatments for the diseases we are pursuing are non-selective and often come with serious side effects that make them
unsuitable for long term use. AK002 binds to Siglec-8, an inhibitory receptor found on eosinophils and mast cells, which represents a novel way to selectively deplete or inhibit these important immune cells
and thereby resolve inflammation. We believe AK002 is the only Siglec-8 targeting antibody currently in clinical development and has the potential to be an alternative to current treatments.",THERAPEUTICS,2018-07-19,,,,2834.0,Pharmaceutical Preparations,424b_filing,
"Sage Therapeutics, Inc.",0001597553,https://www.sec.gov/Archives/edgar/data/1597553/000119312514239366/d697091ds1.htm,6/17/2014,"We are a
biopharmaceutical company committed to developing and commercializing novel medicines to treat life-threatening, rare central nervous system, or CNS, disorders, where there are inadequate or no approved existing therapies. We are targeting CNS
indications where patient populations are easily identified, acute treatment is typically initiated in the hospital setting, clinical endpoints are well-defined, and development pathways are feasible. This focus allows us to make highly informed
decisions when advancing our product candidates through the development process. Our initial product candidates, which are summarized in the following table, are aimed at treating different stages of status epilepticus, or SE, a life-threatening
condition in which the brain is in a state of persistent seizure. The lead product candidate in our SE program, SAGE-547, is an intravenous, or IV, agent in Phase 1/2
clinical development as an adjunctive therapy, a therapy combined with current therapeutic approaches, for the treatment of super-refractory SE, or SRSE. The current standard of care for SRSE",THERAPEUTICS,2014-07-18,,,,2834.0,Pharmaceutical Preparations,424b_filing,
"Evelo Biosciences, Inc.",0001694665,https://www.sec.gov/Archives/edgar/data/1694665/000119312518116927/d568134ds1.htm,4/13/2018,"Evelo Biosciences is
discovering and developing potential therapies designed to act on the gut-body network. The action of our therapies is based on our growing understanding of the central role of the gut in controlling immune and biological activity throughout the
body. The gut-body network represents the connections of the gut to all organs and tissues, which enables the gut to exert a significant level of control over the body’s immune and biological systems. The centrality of the gut-body network to
the immune system has only recently become appreciated, and modern medicine and drug discovery have largely overlooked the importance of the gut-body network in fighting disease. We believe that we have the potential to use the unexplored biology of
the gut-body network to develop novel therapies that could transform the treatment of many major diseases, potentially driving profound benefits to patients and society. The gut, or the gastrointestinal tract, is the largest part of the immune system and is a central hub of the body’s network of lymphatic
vessels. Immune cells from around the body circulate via these lymphatic vessels through tissues of the gut, where they are conditioned by exposure to the many antigens and immunomodulatory agents that continuously pass through the gut. These
conditioned immune cells then continue to travel throughout the body and can impact disease and health at all sites of the body. Microbes, in particular, have the ability to condition immune cells in the gut.",THERAPEUTICS,2018-05-09,,,,2834.0,Pharmaceutical Preparations,424b_filing,
"Unum Therapeutics, Inc.",0001622229,https://www.sec.gov/Archives/edgar/data/1622229/000119312518068918/d416842ds1.htm,3/2/2018,"We are a clinical-stage biopharmaceutical company focused on the development and commercialization of novel immunotherapy products designed to
harness the power of a patient’s immune system to cure cancer. Our proprietary technology, called antibody-coupled T cell receptor (ACTR), is a universal, engineered cell therapy that is intended to be used in combination with a wide range of
tumor-specific antibodies to target different tumor types. Our product candidates are composed of ACTR T cells co-administered with approved and commercially available antibodies or antibodies in preclinical or clinical development. Our vision is to
use our ACTR platform to transform cancer treatment and deliver patient cures in many different hematologic and solid tumor cancers, improving upon current cell therapies. In our ongoing Phase I clinical trial using our lead ACTR construct, ACTR087, to treat adult patients with relapsed or refractory
non-Hodgkin lymphoma (r/r NHL), we have demonstrated clinical proof of concept, as evidenced by ACTR T cell expansion and persistence, a favorable tolerability profile at the first dose level, and anti-tumor activity. We recently completed
patient enrollment into the dose escalation phase of this trial and are advancing towards testing in an expanded patient cohort using an optimized dose of ACTR087 to support potential registration trials.",THERAPEUTICS,2018-03-29,,,,2834.0,Pharmaceutical Preparations,424b_filing,
"AveXis, Inc.",0001652923,https://www.sec.gov/Archives/edgar/data/1652923/000104746916009715/a2227081zs-1.htm,1/15/2016,"We are a clinical-stage gene therapy company dedicated to developing and commercializing novel treatments for patients suffering from
rare and life-threatening neurological genetic diseases. Our initial product candidate, AVXS-101, is our proprietary gene therapy product candidate currently in a Phase 1 clinical trial for the
treatment of spinal muscular atrophy, or SMA, Type 1, the leading genetic cause of infant mortality. SMA Type 1 is a lethal genetic disorder characterized by motor neuron loss and
associated muscle deterioration, resulting in mortality or the need for permanent ventilation support before the age of two for greater than 90% of patients. The survival motor neuron, or SMN, is a
critical protein for normal motor neuron signaling and function. Patients with SMA Type 1 either carry a mutation in their SMN1 gene or their SMN1 genes have been deleted, which prevents
them from producing adequate levels of functional SMN protein. AVXS-101 is designed to deliver a fully functional human SMN gene into the nuclei of motor neurons that then generates an increase in SMN
protein levels. We believe this will result in improved motor neuron function and patient outcomes. We have completed enrollment in our ongoing Phase 1 clinical trial, in which we have treated
15 SMA Type 1 patients as of December 31, 2015, and have observed a favorable safety profile that is generally well-tolerated and have also observed compelling preliminary evidence of
efficacy, including improved motor function. The U.S. Food and Drug Administration, or FDA, has granted AVXS-101 orphan drug designation for the treatment of all types of SMA and fast track
designation for the treatment of SMA Type 1. In
addition to developing AVXS-101 to treat SMA Type 1, we plan to develop AVXS-101 to treat additional SMA types and develop other novel treatments for rare neurological genetic diseases. SMA is a severe neuromuscular disease caused by a genetic defect in the SMN1 gene leading to the loss of motor neurons resulting in
progressive muscle weakness and paralysis. The incidence of SMA is approximately one in 10,000 live births. SMA is generally divided into sub-categories termed SMA Type 1, 2, 3 and 4. SMA, and
the SMA sub-types, are diagnosed first by identifying the existence of a genetic defect in the SMN1 gene and then by determining the number of copies of the SMN2 backup gene, which correlates with
disease onset and severity. If insufficient protein is expressed, muscles do not de",THERAPEUTICS,2016-02-11,,,,2836.0,"Biological Products, (No Diagnostic Substances)",424b_filing,
"Recro Pharma, Inc.",0001588972,https://www.sec.gov/Archives/edgar/data/1588972/000119312513409707/d605505ds1.htm,10/24/2013,"We are a clinical stage specialty pharmaceutical company developing non-opioid therapeutics for the treatment of pain, initially in the
post-operative setting. Our lead product, an intranasal formulation of Dexmedetomidine, or Dex, has completed a placebo controlled trial demonstrating effective pain relief. We have studied various dosage forms of Dex in eight completed clinical
studies, two of which were placebo controlled trials that demonstrated effective pain relief. As our product candidates are not opioid based drugs, we expect to overcome many of the side effects associated with commonly prescribed opioid based
therapeutics, including addiction, constipation and respiratory distress while maintaining analgesic, or pain relieving, effect. We are ready to begin a Phase IIb trial with Dex in patients experiencing post-operative pain. We have completed a
placebo-controlled Phase Ib trial in chronic lower back pain patients where Dex produced meaningful reduction in pain. We believe Dex will be an alternative pain medication to opioids for the more than 50 million surgical procedures that
require post-operative pain medication. If approved, Dex would also be the first and only approved post-operative pain drug in its class of drugs. Dex is a U.S. Food and
Drug Administration, or FDA, approved and commercial injectable drug indicated for sedation in an intensive care unit, or ICU, setting sold by Hospira, Inc., or Hospira, in the United States under the brand name, Precedex ® , and by Orion Farma Oy, a division of Orion Corporation, or Orion,in Europe under the brand name, Dexdor ® . Dex, which is in a class of
drugs called alpha-2 adrenergic agonists, has demonstrated sedative, analgesic and anxiolytic properties in multiple preclinical and clinical studies, including the new drug application, or NDA, studies for Precedex ® . We are currently pursuing a Section 505(b)(2) regulatory strategy for our lead, proprietary intranasal formulation of Dex, or Dex-IN, which allows us to leverage the existing safety data
from the NDA of Precedex ® and Dexdor ® in pursuing a program for a new drug application, NDA, for post-operative pain.",THERAPEUTICS,2014-03-07,,,,2834.0,Pharmaceutical Preparations,424b_filing,
Abpro Corp,0001670356,https://www.sec.gov/Archives/edgar/data/1670356/000119312518114342/d415130ds1.htm,4/11/2018,"We are a biotechnology company dedicated to developing next-generation antibody therapeutics to improve the lives of patients with severe and life-threatening
diseases. We are initially focused on novel antibody constructs for immuno-oncology, ophthalmology, and autoimmunity. By leveraging our proprietary DiversImmune and MultiMab antibody discovery and engineering platforms, we are
developing a pipeline of potentially best-in-class antibodies, both independently and through collaborations with global pharmaceutical and research institutions. Our
two lead product candidates, ABP-100 and ABP-201, feature our next generation tetravalent antibody format, or TetraBi antibody format, which binds to two different
targets with two distinct binding sites per target. ABP-100 is designed to redirect a patient’s immune system to fight cancer by engaging T cells through co-targeting human epidermal growth factor receptor 2, or HER2, and cluster of differentiation 3, or CD3, T-cell co-receptor. We
plan initially to develop ABP-100 for difficult to treat HER2+ solid tumors, focusing on orphan indications. ABP-201 is designed to block blood vessel formation and
normalize damaged vessels through co-targeting vascular endothelial growth factor, or VEGF, and angiopoietin-2, or ANG-2. We plan
to develop ABP-201 to treat vascular diseases of the eye, focusing on diabetic macular edema, or DME. We intend to follow these two lead product candidates with a broad pipeline of CD3-targeting T-cell engagers based on the differentiated format of ABP-100. We have exclusive licenses with worldwide commercialization rights to both ABP-100 and ABP-201, and expect to initiate clinical trials for ABP-100 in the first half of 2019 and for ABP-201 in the second half of 2019. DiversImmune is our antibody discovery platform that rapidly generates a
diverse collection of proprietary antibodies against both clinically validated and novel targets that have been traditionally difficult to access. This provides us with high affinity and high specificity antibody building blocks with
drug-like properties that we then use to engineer novel therapeutics. As validation of our DiversImmune platform, our technology has been used over the past 10 years to successfully generate antibodies for global pharmaceutical and research
institutions against more than 300 different targets.",THERAPEUTICS,2018-04-11,,,,2834.0,Pharmaceutical Preparations,s1_filing_date_proxy,
"Global Blood Therapeutics, Inc.",0001629137,https://www.sec.gov/Archives/edgar/data/1629137/000119312515248026/d885656ds1.htm,7/8/2015,"We are a biopharmaceutical company dedicated to discovering, developing and commercializing novel therapeutics to treat
grievous blood-based disorders. We are developing our initial product candidate, GBT440, as a once-daily, oral prophylactic therapy for sickle cell disease, or SCD, and are currently evaluating GBT440 in both healthy subjects and SCD patients in a
randomized, placebo-controlled, double-blind Phase 1/2 clinical trial. SCD is a disease marked by severe pain “crises,” recurrent hospitalizations, multi-organ damage, and early mortality. GBT440 targets the underlying mechanism of red
blood cell sickling, which we believe provides the potential to treat SCD rather than only its associated symptoms. In addition to GBT440 for the treatment of SCD, we are leveraging our deep scientific expertise in the chemical and biological
mechanisms of blood-based disorders to target hypoxemic pulmonary disorders and hereditary angioedema, or HAE. We own rights to our product candidate portfolio in the United States, Europe and other major markets. SCD is a
chronic, inherited blood disorder caused by a genetic mutation in the beta-chain of hemoglobin, which results in the formation of abnormal hemoglobin known as sickle hemoglobin, or HbS. Hemoglobin is contained within red blood cells, or RBCs. In its
deoxygenated state, HbS has a propensity to polymerize, or bind together into long, rigid rods within an RBC, much like a “sword within a balloon.” Once HbS polymerizes, the RBC assumes a sickled shape and becomes inflexible, which can
cause blockage in small blood vessels. Beginning in childhood, SCD patients suffer unpredictable and recurrent episodes or crises of severe pain due to blocked blood flow to organs, which often lead to psychosocial and physical disabilities. This
blocked blood flow, combined with hemolytic anemia (the destruction of RBCs), can lead to multi-organ damage and early death.",THERAPEUTICS,2015-08-12,,,,2834.0,Pharmaceutical Preparations,424b_filing,
"Dance Biopharm, Inc.",0001596126,https://www.sec.gov/Archives/edgar/data/1596126/000119312514137204/d620119ds1.htm,4/9/2014,"We are a biopharmaceutical company focused on the development of inhaled insulin products for the treatment of diabetes. Our lead product
candidate, Dance 501, is a drug/device combination product designed to deliver a high purity liquid insulin formulation through a small handheld electronic inhaler to reduce or eliminate the need for daily injections. We recently completed a Phase
2, randomized, active-controlled clinical trial investigating three dose levels of inhaled insulin in adult patients with type 2 diabetes. We plan to initiate a single global Phase 3 clinical trial in early 2015 and pursue regulatory approvals in
the European Union, United States and China, three markets with high and growing incidence of type 2 diabetes. Dance 501
consists of a preservative-free, high purity liquid formulation of recombinant human insulin stored in a sterile dispenser and a small handheld electronic inhaler. The electronic inhaler utilizes a vibrating mesh technology, designed to produce
consistently sized particles of liquid insulin in the form of a smooth mist, allowing the efficient and consistent delivery of insulin into the lungs while a patient breathes comfortably. Key technology components of our dispenser and electronic
inhaler, particularly the sterile pump and vibrating mesh aerosol generator, are currently utilized by third parties in other United States Food and Drug Administration, or FDA, or European Medicines Agency, or EMA, approved products for indications
other than diabetes, and are already manufactured in commercial quantities. We believe the potential benefits of Dance 501, as well as demonstrated patient preference for inhaled insulin, will allow patients to more readily comply with recent
treatment guidelines, which generally recommend earlier use of insulin for type 2 diabetes.",THERAPEUTICS,2014-04-09,,,,2834.0,Pharmaceutical Preparations,s1_filing_date_proxy,
"Surface Oncology, Inc.",0001718108,https://www.sec.gov/Archives/edgar/data/1718108/000119312518094098/d471930ds1.htm,3/23/2018,"We are a clinical-stage immuno-oncology company focused on using our specialized knowledge of the biological pathways critical to the immunosuppressive
tumor microenvironment, or the TME, for the development of next-generation cancer therapies. While first-generation immuno-oncology therapies, such as checkpoint inhibitors, are a remarkable therapeutic advancement, we believe most patients do not
achieve durable clinical benefit primarily because these therapies focus on only one element of the complex and interconnected immunosuppressive TME. We believe there is a significant opportunity to more broadly engage the body’s immune system
in a multi-faceted, coordinated and personalized approach, to meaningfully improve cure rates for patients with a variety of cancers. Our approach is to identify key components within the TME to gain a deep understanding of its biology, leverage
this understanding to define optimal therapeutic targets and the patients most likely to benefit and develop novel antibody therapeutics with differentiated biologic activity. By utilizing our specialized knowledge and expertise in immunology,
oncology, antibody selection and characterization, and translational research, we have developed a broad pipeline of TME-focused programs that we believe are the next generation of immuno-oncology therapies.
In January 2016, we entered into a strategic collaboration with Novartis to leverage our combined expertise and resources to develop novel immunotherapies targeting the TME. Our lead product candidate, SRF231, targets a protein called cluster of differentiation, or CD, 47. We initiated a Phase 1 clinical trial of SRF231 in
February 2018 and expect to report initial clinical results from this trial in the first half of 2019. An Investigational New Drug application, or IND, for our next program, SRF373, which targets CD73, was sponsored and filed by Novartis with the
U.S. Food and Drug Administration, or the FDA, in February 2018, and we anticipate SRF373 entering clinical trials in 2018. SRF373 has been exclusively licensed on a worldwide basis to Novartis. The lead product candidates for our CD39 and
interleukin 27, or IL-27, programs, SRF617 and SRF388, respectively, are anticipated to begin IND-enabling studies in 2018.",THERAPEUTICS,2018-04-20,,,,2836.0,"Biological Products, (No Diagnostic Substances)",424b_filing,
Centrexion Therapeutics Corp,0001592052,https://www.sec.gov/Archives/edgar/data/1592052/000119312518303087/d617454ds1.htm,10/19/2018,"We are a late clinical-stage biopharmaceutical company focused on becoming the leader in identifying, developing and commercializing novel,
non-opioid and non-addictive therapies to address the large unmet medical need for the treatment of chronic pain. As of 2011, over 40
million adults in the United States and over 1 billion people worldwide suffer from chronic pain each year. This epidemic exacts a tremendous cost in terms of direct treatment and rehabilitation expenditures, lost worker productivity, prevalent
addiction to opioid-based drugs, and emotional and financial burden for patients and their families. The World Health Organization, or WHO, and European Commission estimate the worldwide prevalence of osteoarthritis, or OA, alone will impact 130
million people by 2050, of whom 40 million will be severely disabled by the disease. According to an Institute of Medicine of the National Academies report, pain is a significant public health problem in the United States that costs society between
$560 and $635 billion annually. Despite the magnitude of the pain problem, innovation in the development of therapeutic solutions has been largely absent. Since 2010, there have been 19 approvals by the U.S. Food and Drug Administration, or FDA, for
the treatment of pain, of which 11 were opioid variants, one was an extended release generic corticosteroid, five were variants of aspirin, and two were variants of other existing drugs. We are developing a portfolio of novel product candidates
designed to overcome the limitations of current treatment options for chronic pain and to present patients and physicians with better and safer treatment alternatives.",THERAPEUTICS,2018-10-19,,,,2834.0,Pharmaceutical Preparations,s1_filing_date_proxy,
Regulus Therapeutics Inc.,0001505512,https://www.sec.gov/Archives/edgar/data/1505512/000119312513272539/d553765ds1.htm,6/26/2013,"We are a biopharmaceutical company focused on discovering and developing first-in-class drugs that target micro RNAs to treat a broad range of
diseases. We were formed in 2007 when Alnylam Pharmaceuticals, Inc., or Alnylam, and Isis Pharmaceuticals, Inc., or Isis, contributed significant intellectual property, know-how and financial and human capital to pursue the development of
drugs targeting micro RNAs pursuant to a license and collaboration agreement. micro RNAs are recently discovered, naturally occurring ribonucleic acid, or RNA, molecules that play a critical role in regulating key biological pathways.
Scientific research has shown that the improper balance, or dysregulation, of micro RNAs is directly linked to many diseases. We believe we have assembled the leading position in the micro RNA field, including expertise in micro RNA biology and oligonucleotide chemistry, a broad intellectual property estate, key opinion leaders and disciplined drug discovery and development processes. We refer to these assets as our micro RNA product platform. We are using
our micro RNA product platform to develop chemically modified, single-stranded oligonucleotides that we call anti-miRs. We use these anti-miRs to modulate micro RNAs and by doing so return diseased cells to their healthy state. We
believe micro RNAs may be transformative in the field of drug discovery and that anti-miRs may become a new and major class of drugs with broad therapeutic application much like small molecules, biologics and monoclonal antibodies. We are currently optimizing anti-miRs in several distinct programs, both independently and with our strategic alliance partners, AstraZeneca AB, or
AstraZeneca, GlaxoSmithKline plc, or GSK, and Sanofi. We also have a collaboration agreement with Biogen Idec MA Inc., or Biogen Idec, to evaluate the potential use of micro RNA signatures as a biomarker for human patients with multiple
sclerosis. Under these strategic alliances, we are eligible to receive up to approximately $1.3 billion in milestone payments upon successful commercialization of micro RNA therapeutics for the programs contemplated by our agreements. These
payments include up to $42.0 million upon achievement of preclinical and IND milestones, up to $272.0 million upon achievement of clinical development milestones, up to $305.0 million upon achievement of regulatory milestones and up
to $670.0 million upon achievement of commercialization milestones.",THERAPEUTICS,2012-10-05,,,,2834.0,Pharmaceutical Preparations,424b_filing,
"AKCEA THERAPEUTICS, INC.",0001662524,https://www.sec.gov/Archives/edgar/data/1662524/000104746917001995/a2231300zs-1.htm,3/27/2017,"We are a late-stage biopharmaceutical company focused on developing and commercializing drugs to treat patients with serious
cardiometabolic diseases caused by lipid disorders. Our goal is to become the premier company offering treatments for inadequately treated lipid disorders. We are advancing a mature pipeline of four
novel drugs with the potential to treat multiple diseases. Our drugs, volanesorsen, AKCEA-APO(a)-L Rx , AKCEA-ANGPTL3-L Rx and AKCEA-APOCIII-L Rx , are all based on
antisense technology developed by Ionis Pharmaceuticals, Inc., or Ionis. Our most advanced drug, volanesorsen, has completed a Phase 3 clinical program for the treatment of familial
chylomicronemia syndrome, or FCS, and is currently in Phase 3 clinical development for the treatment of familial partial lipodystrophy, or FPL. FCS and FPL are both severe, rare, genetically
defined lipid disorders characterized by extremely elevated levels of triglycerides. Both diseases have life-threatening consequences and the lives of patients with these diseases are impacted daily
by the associated symptoms. In our clinical program, we have observed consistent and substantial (>70%) decreases in triglycerides and improvements in other manifestations of FCS, including
pancreatitis attacks and abdominal pain. We believe the safety and efficacy data from the volanesorsen program demonstrate a favorable risk-benefit profile for patients with FCS. In the third quarter
of 2017, we plan to file for marketing authorization for volanesorsen to treat patients with FCS. We
are assembling the infrastructure to commercialize our drugs globally with a focus on lipid specialists as the primary call point. A key element of our commercial strategy is to
provide the specialized, patient-centric support required to successfully address rare disease patient populations. We believe our focus on treating patients with inadequately addressed lipid
disorders will allow us to partner efficiently and effectively with the specialized medical community that supports these patients.",THERAPEUTICS,2017-07-14,,,,2834.0,Pharmaceutical Preparations,424b_filing,
"Kite Pharma, Inc.",0001510580,https://www.sec.gov/Archives/edgar/data/1510580/000119312514204816/d705296ds1.htm,5/19/2014,"We are a clinical-stage biopharmaceutical company focused on the development and commercialization of novel cancer immunotherapy products designed to harness the power of a patient’s own immune system to
eradicate cancer cells. We do this using our engineered autologous cell therapy, or eACT, which we believe is a market-redefining approach to the treatment of cancer. eACT involves the genetic engineering of T cells to express either chimeric
antigen receptors, or CARs, or T cell receptors, or TCRs. These modified T cells are designed to recognize and destroy cancer cells. We currently fund multiple Phase 1-2a clinical trials with CAR- and TCR-based therapies that are being conducted by
our collaborator, the Surgery Branch of the National Cancer Institute, or the NCI. In an ongoing clinical trial, patients with relapsed/refractory lymphomas and leukemias treated with CAR-based therapy experienced an objective response rate of 84%.
We plan to conduct a Phase 1-2 clinical trial in 2015 for our lead product candidate KTE-C19, a CAR-based therapy, in patients with relapsed/refractory diffuse large B cell lymphoma, or DLBCL. If we believe
the data are compelling, we plan to discuss with the U.S. Food and Drug Administration, or FDA, the filing of a Biologics License Application, or BLA, for accelerated approval of KTE-C19 as a third line therapy for DLBCL. Immuno-oncology, which utilizes a patient’s own immune system to combat cancer, is one of the most actively pursued areas of research by biotechnology and
pharmaceutical companies today. Interest and excitement for immuno-oncology is driven by recent compelling efficacy data in cancers with historically bleak outcomes and the potential to achieve a cure or functional cure for some patients. We believe
eACT presents a promising innovation in immunotherapy. eACT has been developed through our collaboration with the NCI, where the program is led by Steven A. Rosenberg, M.D., Ph.D, a recognized pioneer in immuno-oncology. Our Founder and Chief
Executive Officer, Arie Belldegrun, M.D., FACS, in addition to his prior roles at Agensys, Inc. and Cougar Biotechnology, Inc., also has significant experience in this field dating back to his time at the NCI as a research fellow in surgical
oncology and immunotherapy with Dr. Rosenberg.",THERAPEUTICS,2014-06-23,,,,2836.0,"Biological Products, (No Diagnostic Substances)",424b_filing,
"Accelerated Pharma, Inc.",0001630970,https://www.sec.gov/Archives/edgar/data/1630970/000114420416127590/v448096_s1.htm,10/11/2016,"This is the initial public offering of Accelerated Pharma, Inc. We are offering 1,888,889 shares of our common stock in this offering. Prior to this offering, there has been no public market for our common stock. We currently expect the initial public offering price per share to be between $8.00 and $10.00. We have applied to have our common stock listed on The NASDAQ Capital Market under the symbol “ACCP”. We are a clinical stage biopharmaceutical company focused on utilizing our genomic technology to (i) enhance the development of pre-existing pharmaceutical products for the treatment of various cancer indications, (ii) prospectively identify patients that may respond to such pharmaceutical products and (iii) commercialize such pharmaceutical products for sale in various markets.",THERAPEUTICS,2016-10-11,,,,2834.0,Pharmaceutical Preparations,s1_filing_date_proxy,
"Versartis, Inc.",0001513818,https://www.sec.gov/Archives/edgar/data/1513818/000119312514056951/d650566ds1.htm,2/18/2014,"We are an endocrine-focused biopharmaceutical company initially developing our novel long-acting recombinant
human growth hormone, VRS-317, for growth hormone deficiency, or GHD, an orphan disease. A key limitation to current recombinant human growth hormone, or rhGH, products is that they impose the burden of daily injections over multiple years, often
resulting in poor compliance, which in turn can lead to suboptimal treatment outcomes in GHD patients. Despite this limitation, global annual sales from currently marketed rhGH products have grown approximately 6% per year over the last five
years, reaching over $3 billion in 2012. VRS-317 is intended to reduce the burden of daily treatment by requiring significantly fewer injections, potentially improving compliance and, therefore, treatment
outcomes. Our first targeted indication for VRS-317 is pediatric GHD, which represents an approximately $1.5 billion existing market opportunity. We are currently conducting the Phase 2a stage of our
pediatric GHD clinical trial in which we are evaluating weekly, semi-monthly and monthly dosing regimens. We may develop VRS-317 for adult GHD, idiopathic short stature, or ISS, which is short stature of
unknown cause, and Turner Syndrome, which is an X-chromosomal deficit or deletion in females. Adult GHD, ISS and Turner Syndrome together account for approximately 30% of the global rhGH market. We have global rights to VRS-317 and, if VRS-317 is approved, given the highly concentrated prescriber base, we intend to commercialize it with our own specialty sales force in the United States and
Canada, and potentially other geographies. GHD is a chronic disease with multiple causes that affects two distinct patient groups, pediatric patients and adult patients, although
rhGH treatment options for the two groups are the same. Children with GHD typically have pathologic degrees of short stature, a tendency toward obesity, delayed and deficient mineralization of the skeleton, impaired growth of skeletal muscle and
development of a high risk lipid profile. GHD during adulthood manifests as alterations in body composition, such as decreased lean and increased fat mass with skeletal demineralization, and causes adverse changes in cardiovascular outcome markers.
Patients with untreated GHD also face increased mortality.",THERAPEUTICS,2014-03-21,,,,2834.0,Pharmaceutical Preparations,424b_filing,
"ARATANA THERAPEUTICS, INC.",0001509190,https://www.sec.gov/Archives/edgar/data/1509190/000119312513116272/d503089ds1.htm,3/20/2013,"We are a
development-stage biopharmaceutical company focused on the licensing, development and commercialization of innovative prescription medications for pets, or pet therapeutics. We operate at the intersection of the more than $50 billion annual U.S. pet
market and the more than $20 billion annual worldwide animal health market. We believe that we can leverage the investment in the human biopharmaceutical industry to bring therapeutics to pets in a capital and time efficient manner. Our strategy is
to in-license proprietary compounds from human biopharmaceutical companies and to develop these product candidates into regulatory-approved therapeutics specifically for use in pets. We believe the development and commercialization of these
therapeutics will permit veterinarians and pet owners to manage pets’ medical needs safely and effectively, resulting in longer and improved quality of life for pets. In order to successfully execute our plan, we have assembled an experienced management team consisting of veterinarians, physicians, scientists and other professionals that apply the core principles of
drug development to the medical needs of pets. The members of our senior management team combined have over 100 years of experience in the animal health and human biopharmaceutical industries, as well as a strong track record of successfully
developing and commercializing therapeutics for pets. Collectively, our Chief Scientific Officer and Head of Drug Evaluation and Development have successfully led the development of dozens of animal health products through regulatory approval. Our
Chief Commercial Officer has been responsible for guiding the launch of approximately two dozen animal health products, including the highest selling product for the treatment of pain in dogs, Rimadyl.",THERAPEUTICS,2013-06-27,,,,2834.0,Pharmaceutical Preparations,424b_filing,
"Eidos Therapeutics, Inc.",0001731831,https://www.sec.gov/Archives/edgar/data/1731831/000119312518175445/d544598ds1.htm,5/25/2018,"We are a clinical stage biopharmaceutical
company focused on addressing the large and growing unmet need in diseases caused by transthyretin, or TTR, amyloidosis, or ATTR. We seek to treat this well-defined family of diseases at their collective source by stabilizing TTR, a therapeutic
approach that is supported by genetic evidence as well as previous clinical trials. Our product candidate, AG10, is an orally-administered small molecule designed to potently stabilize TTR, with the potential to halt the progression of ATTR and be a
best-in-class treatment for this family of diseases. The development of AG10 is led by our proven management team who are responsible for developing over 30 molecules through Investigational New Drug, or IND, applications, and more than ten
approved drugs. Together with patients and physicians, we aim to bring a well-tolerated, effective and disease-modifying treatment for ATTR to market as quickly as possible. ATTR represents a significant unmet need, with a comparatively large patient population in
the context of rare genetic diseases and an inadequate current standard of care. There are three distinct diseases that comprise the ATTR family: wild-type ATTR cardiomyopathy, or ATTRwt-CM, mutant ATTR cardiomyopathy, or ATTRm-CM, and ATTR
polyneuropathy, or ATTR-PN. The worldwide prevalence of each disease is approximately 200,000, 40,000, and 10,000, respectively, although we believe the cardiomyopathic forms of the disease are significantly underdiagnosed due to non-specific
symptoms and a historical reliance on an invasive heart biopsy diagnostic method. We believe that improvements in disease awareness and the introduction of a non-invasive, imaging-based diagnostic algorithm are significantly increasing rates of
diagnosis for ATTRwt-CM and ATTRm-CM.",THERAPEUTICS,2018-06-21,,,,2834.0,Pharmaceutical Preparations,424b_filing,
"MICROLIN BIO, INC.",0001590930,https://www.sec.gov/Archives/edgar/data/1590930/000114420414001678/v364697_s1.htm,1/10/2014,"This is the initial public offering of shares of our common stock, par value $0.0000005 per share. We are offering          shares of our common stock. We anticipate that the initial public offering price of our common stock will be between $6.00 and $8.00 per share. This is a best efforts underwriting. Because the offering is on a best efforts basis, the underwriters are not required to sell any specific number or dollar amount of shares and are not obligated to purchase the shares if they are not sold to the public. This offering will close on or about            , 2014. It is anticipated that delivery of the shares sold in this offering will be made on or about            , 2014, through the book-entry facilities of The Depository Trust Company.",THERAPEUTICS,2014-01-10,,,,2834.0,Pharmaceutical Preparations,s1_filing_date_proxy,
MyoKardia Inc,0001552451,https://www.sec.gov/Archives/edgar/data/1552451/000119312515330059/d18787ds1.htm,9/28/2015,"We are a clinical stage
biopharmaceutical company pioneering a precision medicine approach to discover, develop and commercialize targeted therapies for the treatment of serious and neglected rare cardiovascular diseases. Our initial focus is on the treatment of heritable
cardiomyopathies, a group of rare, genetically-driven forms of heart failure that result from biomechanical defects in cardiac muscle contraction. We have used our precision medicine platform to generate an initial pipeline of four therapeutic
programs for the chronic treatment of the two most common forms of heritable cardiomyopathy—hypertrophic cardiomyopathy, or HCM, and dilated cardiomyopathy, or DCM. We have discovered and advanced our lead product candidate, MYK-461, into Phase
1 clinical development. In our first Phase 1 clinical trial, we have demonstrated proof of mechanism, or the ability of MYK-461 to reduce cardiac muscle contraction, an important biomarker of disease. We intend to expand our approach to deliver
treatments with disease-modifying potential for patients with other forms of genetically-driven heart failure. HCM is caused by genetic
mutations that result in a biomechanical defect leading to excessive cardiac muscle contraction. We estimate that as many as 630,000 people in the United States suffer from a form of HCM. DCM results from a biomechanical defect leading to inadequate
cardiac muscle contraction. In a subset of DCM patients, genetic mutations have been identified as a cause of the biomechanical defect that leads to abnormal cardiac muscle contraction. We refer to this subset of DCM as heritable DCM. We estimate
that DCM afflicts about one million people in the United States, of which approximately 400,000 have a form of heritable DCM. There are currently no approved therapies indicated for the treatment of HCM or DCM, including heritable DCM, all of which
are chronic and debilitating diseases.",THERAPEUTICS,2015-10-29,,,,2834.0,Pharmaceutical Preparations,424b_filing,
"Epizyme, Inc.",0001571498,https://www.sec.gov/Archives/edgar/data/1571498/000119312513160271/d501246ds1.htm,4/18/2013,"This is the initial public offering of
our common stock. We are selling                     shares of common stock in this offering. We currently expect the initial public offering price
to be between $         and $         per share of common stock. We are a clinical stage biopharmaceutical company that
discovers, develops and plans to commercialize innovative personalized therapeutics for patients with genetically defined cancers. We systematically identify the genetic alterations that create cancer causing genes, called oncogenes, select patients
in whom the identified genetic alteration is found and then design small molecule therapeutics to inhibit the oncogene. The clinical development plan for each of our product candidates is directed towards patients with a particular genetically
defined cancer. Our approach is part of a broader trend towards personalized therapeutics based on first identifying the underlying cause of a disease afflicting specific patient populations, applying rational drug design tools to create a
therapeutic to bind with a molecular target in the identified disease pathway and using a companion diagnostic to select the right patients for treatment.",THERAPEUTICS,2013-05-31,,,,2834.0,Pharmaceutical Preparations,424b_filing,
"Hoth Therapeutics, Inc.",0001711786,https://www.sec.gov/Archives/edgar/data/1711786/000161577418010669/s112324_s1.htm,10/10/2018,"Our primary asset is a sublicense agreement
with Chelexa Biosciences, Inc. (“Chelexa”) pursuant to which Chelexa has granted us an exclusive sublicense to use
its BioLexa Platform, a proprietary, patented, drug compound platform developed at the University of Cincinnati. The license enables
us to develop the platform for any indications in humans. Our initial focus will be on the treatment of eczema through the application
of a topical cream. Although our initial focus will be on the treatment of eczema, we intend to develop a second topical cream
which, upon application, is intended to reduce post-procedure infections, accelerate healing and improve clinical outcomes for
patients undergoing aesthetic dermatology procedures. The BioLexa Platform combines a U.S. Food and Drug Administration (“FDA”)
approved zinc chelator with one or more approved antibiotics in a topical dosage form to address unchecked eczema flare-ups by
preventing the formation of infectious biofilms and the resulting clogging of sweat ducts which trigger symptoms. To our knowledge,
it is the first product candidate intended to prevent the symptom triggering flare-ups rather than simply treating symptoms when
they occur. On
May 26, 2017, we entered into a sublicense agreement with Chelexa, as amended on August 22, 2018 and August 29, 2018, pursuant
to which Chelexa granted us an exclusive sublicense to make, use, have made, import, offer for sale, and sell products based upon
or involving the use of (i) topical compositions comprising a zinc chelator and gentamicin and (ii) zinc chelators to inhibit
biofilm formation (the “BioLexa Platform” or “BioLexa”), which rights were originally granted to Chelexa
pursuant to an exclusive license agreement with the University of Cincinnati. In addition, Chelexa granted us the right to issue
exclusive and nonexclusive sublicenses (with the right to further sublicense to third parties) to make, use, have made, import,
offer for sale, and sell products based upon the BioLexa Platform.",THERAPEUTICS,2019-02-15,,,,2834.0,Pharmaceutical Preparations,424b_filing,
TCR2 THERAPEUTICS INC.,0001750019,https://www.sec.gov/Archives/edgar/data/1750019/000119312518360714/d555750ds1.htm,12/28/2018,"We are an innovative immunotherapy company developing the next generation of novel T cell therapies for patients suffering from cancer. Our proprietary TCR Fusion
Construct T cells (TRuC-T cells) specifically recognize and kill cancer cells by harnessing the entire T cell receptor (TCR) signaling complex, which we believe is essential for T cell therapies to be effective in patients with solid tumors. We have
also designed our TRuC-T cells so that tumor cell recognition does not require human leukocyte antigens (HLA), which provides two important additional benefits. First, in contrast to current engineered T cell therapies that use the full TCR (TCR-T
cells), our technology is designed so that it can be applied to all patients that express the cancer surface antigen irrespective of HLA subtype, which we believe will allow us to address a significantly larger patient population. Second, HLA is
downregulated or lost in many tumors which can prevent their recognition by T cells and lead to diminished response rates and higher relapse rates. We therefore believe our approach will allow us to deliver the first HLA-independent TCR-T cell
therapy for patients with solid tumors. We also believe that our product candidates have the potential to improve upon the efficacy and safety of currently approved chimeric antigen receptor T (CAR-T) cell therapies in CD19-positive B-cell hematological malignancies. This belief is based on preclinical studies comparing our product
candidates to CAR-T cells that we engineered. We filed an investigational new drug application (IND) in December 2018
for our lead solid tumor product candidate, TC-210, to treat patients with mesothelin-positive solid tumors in a Phase 1/2 clinical trial. We estimate the patient population for TC-210 is up to 81,000 in the United States alone. We expect to
generate our first clinical data for TC-210 in the second half of 2019. We expect to file an IND in the second half of 2019 for our lead hematology product candidate, TC-110, to treat patients with CD19-positive B-cell hematological malignancies and
expect to generate our first clinical data for TC-110 in the second half of 2020. In addition, we plan to file an IND for our second solid tumor product candidate, TC-220, to treat MUC16-positive solid tumors, in early 2020 and we expect to generate
our first clinical data for TC-220 in the first half of 2021.",THERAPEUTICS,2019-02-15,,,,2836.0,"Biological Products, (No Diagnostic Substances)",424b_filing,
"CohBar, Inc.",0001522602,https://www.sec.gov/Archives/edgar/data/1522602/000119312514403939/d797268ds1.htm,11/10/2014,"Our scientific leadership is centered on the expertise of our founders, Dr. Pinchas Cohen, Dean of the Davis School of Gerontology at the
University of Southern California, and Dr. Nir Barzilai, Professor of Genetics and Director of the Institute for Aging Research at the Albert Einstein College of Medicine, and is supported by our co-founders, Dr. David Sinclair, Professor
of Genetics at Harvard Medical School, and Dr. John Amatruda, former Senior Vice President and Franchise Head for Diabetes and Obesity at Merck Research Laboratories. Our founders and co-founders are widely considered to be scientific experts and thought leaders at the intersection of cellular and
mitochondrial genetics and biology, the biology of aging, metabolism, and drug discovery, development and commercialization. The scientific research in the areas of mitochondrial genomics and biology, age-related diseases, longevity, metabolism and
MDPs underlying our founder’s discoveries and our intellectual property portfolio was conducted by Dr. Cohen, Dr. Barzilai and their academic collaborators with the support of research grants aggregating over $30 million awarded to their
respective academic institutions since 2001 by the National Institutes of Health, private foundations, and other grant funding organizations. The multi-disciplinary expertise of our scientific leaders, and their investigations into and knowledge of
age-related diseases, has enabled and focused our Company’s research efforts on the mitochondrial genome and its potential to yield peptides, which are biological molecules composed of bonded amino acids, for therapeutic advancement.",THERAPEUTICS,2014-12-19,,,,2834.0,Pharmaceutical Preparations,424b_filing,
Cerecor Inc.,0001534120,,,"EXTRACTION FAILED, open s1_url directly",THERAPEUTICS,2016-12-05,,,,2834.0,Pharmaceutical Preparations,424b_filing,
"Provention Bio, Inc.",0001695357,https://www.sec.gov/Archives/edgar/data/1695357/000149315218006498/forms1.htm,5/9/2018,"This
is an initial public offering of our common stock. We expect the public offering price to be between $[●] and $[●]
per share. There is presently no public market for our common stock. We intend to apply to list our common stock on the Nasdaq
Capital Market under the symbol “PRVB,” which listing we expect to occur upon consummation of this offering. Provention
Bio, Inc. (“Provention,” “the Company,” “us,” or “we”) is a clinical-stage biopharmaceutical
company developing novel therapeutics aimed at intercepting and preventing immune-mediated diseases. We are leveraging a transformational
drug development strategy that sources, repositions and advances potential therapeutic candidates that in most instances have
undergone previous clinical testing but may have been underdeveloped or deprioritized because of insufficient clinical trial efficacy
or for strategic reasons. Importantly, these product candidates not only appear to have been well-tolerated but have demonstrated
proof-of-mechanism by preventing or intercepting potentially clinically relevant immunopathologic pathways. These characteristics
exemplify the profile against which therapeutic candidates are evaluated for strategic refocusing or advancement to the next stage
of clinical development. In this context, we are creating a diverse portfolio of innovative solutions targeting opportunities
focused on intercepting and preventing immune-mediated disease.",THERAPEUTICS,2018-07-03,,,,2834.0,Pharmaceutical Preparations,424b_filing,
"Tricida, Inc.",0001595585,https://www.sec.gov/Archives/edgar/data/1595585/000119312518183450/d532873ds1.htm,6/4/2018,"Our goal is to slow the
progression of chronic kidney disease, or CKD, through the treatment of metabolic acidosis. We are a late-stage pharmaceutical company focused on the development and commercialization of our drug candidate, TRC101, a non-absorbed polymer designed to
treat metabolic acidosis by binding and removing acid from the gastrointestinal tract, or GI tract. We recently completed our double-blind, placebo-controlled, pivotal Phase 3 clinical trial, TRCA-301, in 217 CKD patients with metabolic acidosis.
The TRCA-301 trial met both its primary and secondary endpoints in a highly statistically significant manner (p < 0.0001 for all primary and secondary endpoints). TRC101 was well tolerated in our TRCA-301 trial. Both active (124 subjects) and
placebo groups (93 subjects) had low discontinuation rates and low rates of treatment-related adverse events. One hundred ninety-six of the 208 eligible subjects who completed the 12-week treatment period in our pivotal TRCA-301 trial agreed to
continue into our 40-week blinded safety extension trial, TRCA-301E, which we expect to complete in the first half of 2019. We plan to submit a New Drug Application, or NDA, in the second half of 2019, seeking approval of TRC101 through the U.S.
Food and Drug Administration’s, or FDA’s, Accelerated Approval Program. The FDA may grant accelerated approval to a product for a serious or life-threatening disease or condition that provides meaningful therapeutic advantage to patients
over existing treatments based upon a determination that the product has an effect on a surrogate endpoint that is reasonably likely to predict clinical benefit. Metabolic acidosis is a chronic condition commonly caused by CKD and is believed to
accelerate the progression of kidney deterioration. Today, there are no chronic therapies for treating metabolic acidosis approved by the FDA. We believe TRC101, an in-house discovered, new chemical entity,
may be an effective treatment for metabolic acidosis and slow the progression of kidney disease in CKD patients affected by metabolic acidosis. We
estimate that metabolic acidosis affects approximately 3 million CKD patients in the United States, and we believe that slowing the progression of CKD in patients with metabolic acidosis represents a significant medical need and market
opportunity. If approved, we plan to commercialize TRC101 in the United States initially using a nephrologist-focused sales force. To address markets outside of the United",THERAPEUTICS,2018-06-29,,,,2834.0,Pharmaceutical Preparations,424b_filing,
"Corium International, Inc.",0001594337,https://www.sec.gov/Archives/edgar/data/1594337/000104746914001685/a2218478zs-1.htm,3/3/2014,"We are a commercial stage biopharmaceutical company focused on the development, manufacture and commercialization of specialty pharmaceutical products
that leverage our broad experience in transdermal and transmucosal delivery systems. Together with our partners, we have successfully developed six marketed products in the prescription drug and
consumer markets, and we are the sole commercial supplier of each of those products for our marketing partners. These marketed products are Clonidine Transdermal Delivery System, or TDS, Fentanyl TDS
and four Crest Advanced Seal Whitestrips products. We use our novel transdermal and transmucosal approaches to bring new products to markets with significant opportunities. Our development platforms
enable transdermal delivery of large molecules, or biologics, including vaccines, peptides and proteins, as well as small molecules that are otherwise difficult to deliver in a transdermal dosage
form. Our pipeline includes three partnered products that are the subject of pending drug marketing applications to the U.S. Food and Drug Administration, or FDA. In addition, we have 12 partner- or
self-funded programs at earlier stages. Since
1999, we have built significant know-how and experience in the development, scale-up and manufacture of complex specialty products and have formed relationships with our partners that include
both the development of new product formulations and our manufacture of the resulting products. Our partners include The Procter & Gamble Company, or P&G, Par Pharmaceutical, Inc., Teva
Pharmaceuticals USA, Inc. and Agile Therapeutics, Inc., as well as several other multinational pharmaceutical companies. We have the capability to develop and manufacture our own product candidates
and are one of only a few independent companies that develops and manufactures transdermal products for other parties. We believe our proprietary manufacturing processes, know-how and custom equipment
give us a distinct competitive advantage over other pharmaceutical, consumer products and manufacturing companies.",THERAPEUTICS,2014-04-03,,,,2834.0,Pharmaceutical Preparations,424b_filing,
"ALZHEON, INC.",0001582636,https://www.sec.gov/Archives/edgar/data/1582636/000119312518085873/d503060ds1.htm,3/16/2018,"We are a clinical stage biopharmaceutical company with a Phase 3-ready program in Alzheimer’s
disease and a discovery platform of small molecules for the inhibition of protein misfolding in neurodegenerative disorders. Protein misfolding is an abnormal process in which a protein fails to fold in its normal configuration, rendering the
protein toxic or inactive. Our goal is to develop disease modifying treatments for patients with Alzheimer’s and other neurological disorders by leveraging our expertise in inhibiting protein misfolding and aggregation. Our lead product candidate, ALZ-801, is an orally administered inhibitor of beta amyloid misfolding.
Beta amyloids are protein fragments that, when they misfold, form small neurotoxic aggregates, or oligomers. We believe that we are the only company developing a clinical stage small molecule with a mechanism of action designed to prevent the
misfolding and aggregation of beta amyloid protein into neurotoxic oligomers. If ALZ-801 is approved, we believe it has the potential to be among the first drugs to intervene in an underlying mechanism of Alzheimer’s disease, or AD. The active
ingredient of ALZ-801, tramiprosate, was evaluated in 16 clinical trials conducted by Bellus Health, Inc. (formerly Neurochem), or Bellus, including trials in AD, with over 2,000 patients. In these trials, a
favorable safety profile was observed, and in our post hoc analyses of data from these trials, we observed promising clinical signals in a subset of patients with two copies of the APOE4 gene, or APOE4/4 homozygotes, who have greater beta
amyloid burden and develop AD earlier. In October 2017, ALZ-801 was granted Fast Track designation by the U.S. Food and Drug Administration, or FDA, for the treatment of AD. To our knowledge, of the 87 product
candidates currently in clinical development for AD, eight, including ALZ-801, have received Fast Track designation. We plan to initiate a Phase 3 trial of ALZ-801 in
2018 in the United States and internationally.",THERAPEUTICS,2018-03-16,,,,2834.0,Pharmaceutical Preparations,s1_filing_date_proxy,
"S1 Biopharma, Inc.",0001613723,https://www.sec.gov/Archives/edgar/data/1613723/000104746914008020/a2221631zs-1.htm,10/1/2014,"We are a clinical-stage biopharmaceutical company focused on the development and commercialization of novel, first-in-class therapies
for sexual dysfunction. We have a portfolio of four clinical and pre-clinical stage drug candidates. We intend to seek Food and Drug Administration, or FDA, approval of our two lead products via the
505(b)(2) new drug application, or NDA, pathway. Our
lead product candidate is Lorexys™, a first-in-class, proprietary fixed-dose combination therapy entering Phase 2b clinical trials for the treatment of female
hypoactive sexual desire disorder, or HSDD. HSDD is characterized by a lack or absence of sexual fantasies and desire for sexual activity, causing marked distress or interpersonal difficulties. HSDD
affects over 12 million women in the United States and has no FDA-approved therapies. Data from our Phase 2a clinical trial indicate that Lorexys™ is a generally
well-tolerated therapy that may provide improvement in sexual desire and arousal in women suffering from HSDD. We expect to initiate the Phase 2b clinical trials for Lorexys™ during
2015 and to receive interim data from the first study in late 2015.",THERAPEUTICS,2014-10-01,,,,2834.0,Pharmaceutical Preparations,s1_filing_date_proxy,
Zosano Pharma Corp,0001587221,https://www.sec.gov/Archives/edgar/data/1587221/000119312514246169/d721131ds1.htm,6/24/2014,"We are a clinical stage specialty pharmaceutical company that has developed a proprietary transdermal microneedle patch system to deliver our
proprietary formulations of existing drugs through the skin for the treatment of a variety of indications. Our microneedle patch system offers rapid onset, consistent drug delivery, improved ease of use and room-temperature stability, which we
believe often are unavailable using oral formulations or injections. Our microneedle patch system has the potential to deliver numerous medications for a wide variety of indications in commercially attractive markets. By focusing our development
efforts on the delivery of established molecules with known safety and efficacy and premium pricing, we plan to reduce our clinical and regulatory risk and development costs and accelerate our time to commercialization. Our short-wear-time transdermal patch consists of an array of titanium microneedles that is coated with our proprietary formulation of an
existing drug and attached to an adhesive patch. When the patch is applied with our hand-held applicator, the microneedles penetrate the skin to a depth of 200 microns or less, resulting in rapid dissolution and absorption of the drug coating
through the capillary bed. We believe our system enables rapid and consistent delivery of the drug, with therapeutic effect typically occurring within 30 minutes or less, and easy, pain-free administration. We focus on developing specific
formulations of approved drugs to be administered by our microneedle patch system, for indications in which rapid onset, ease of use and stability offer significant therapeutic and practical advantages. We target indications with patient populations
that we believe will provide us with an attractive commercial opportunity. Our lead product candidates, and the indications they are expected to treat, are as follows:",THERAPEUTICS,2015-01-27,,,,2834.0,Pharmaceutical Preparations,424b_filing,
"Mirna Therapeutics, Inc.",0001527599,https://www.sec.gov/Archives/edgar/data/1527599/000104746915006962/a2225772zs-1.htm,8/24/2015,"We are a clinical-stage biopharmaceutical company developing a broad pipeline of microRNA-based oncology therapeutics. microRNAs are
naturally occurring, short ribonucleic acid, or RNA, molecules, or oligonucleotides, that play a critical role in regulating key biological pathways. Misexpression of even a single microRNA can
contribute to disease development and tumor suppressor microRNAs are commonly reduced in cancer. Our scientists and others at leading academic institutions have identified numerous tumor suppressor
microRNAs that play key roles in preventing normal cells from becoming cancerous and facilitating proper cancer immunosurveillance. We are developing mimics of naturally occurring microRNAs that are
designed to restore this tumor suppressor activity and aid appropriate tumor immune response. This approach is known as microRNA replacement therapy. Our lead product candidate, MRX34, a mimic of
naturally occurring microRNA-34 (miR-34) encapsulated in a liposomal nanoparticle formulation, is the first microRNA mimic to enter clinical development and has shown preliminary clinical evidence of
anti-tumor activity as a single agent in our ongoing Phase 1 clinical trial. miR-34 is one of the most widely published microRNAs and considered a key regulator of oncogenic pathways. We plan
to develop MRX34 as a monotherapy and in combination with other therapeutic modalities, such as targeted therapies and immuno-oncology agents. We believe that microRNA mimics represent a new paradigm
in cancer therapy and have the potential to create a new, important class of effective cancer drugs, that can potentially be used alone or in combination with other cancer therapeutics. Each
microRNA mimic in our pipeline is designed to replicate the activity of a single tumor suppressor miRNA and regulate the expression of multiple important oncogenes across key
oncogenic pathways which can prevent proliferation and induce apoptosis in cancer cells. For example, we believe that the impressive anti-cancer activity of the miR-34 mimic in preclinical
pharmacology studies is derived from its capacity to regulate more than 30 oncogenes, whereas many existing cancer therapies target only one or two oncogenes or pathways. The potential capacity to
simultaneously affect multiple pathways and processes that are critical to cancer cell viability may make mimics of tumor suppressor microRNAs potent anti-cancer agents and less susceptible to drug
resistance.",THERAPEUTICS,2015-10-01,,,,2834.0,Pharmaceutical Preparations,424b_filing,
"Loxo Oncology, Inc.",0001581720,https://www.sec.gov/Archives/edgar/data/1581720/000104746914005954/a2220570zs-1.htm,6/30/2014,"Loxo Oncology develops targeted small molecule therapeutics for the treatment of cancer in genetically defined patient populations. Our
development approach translates key scientific insights relating to the oncogenic drivers of cancer into drugs that are potent and highly selective for their intended targets. Such drugs typically
achieve high target engagement, which has been correlated with improved tumor response. We believe our approach will allow us to develop drugs with a high probability of clinical success while
reducing the time, costs and risks of drug development. Pre-clinical
research indicates that our lead product candidate, LOXO-101, is a potent and selective inhibitor of tropomyosin receptor kinase, or TRK, a family of signaling molecules
that appear to play an important role in the development and perpetuation of many cancers. We are evaluating LOXO-101 in a Phase 1 dose escalation trial for patients with advanced solid tumors,
and we anticipate reporting data by early 2015. We are also building a pipeline of additional product candidates targeting cancers driven by genetic alterations. Our investors include affiliates of
Aisling Capital, OrbiMed, New Enterprise Associates, Access Industries and Deerfield Management Company.",THERAPEUTICS,2014-08-01,,,,2834.0,Pharmaceutical Preparations,424b_filing,
"Ruthigen, Inc.",0001574235,https://www.sec.gov/Archives/edgar/data/1574235/000114420413043944/v352018_s1.htm,8/8/2013,"We are a biopharmaceutical company focused
on the discovery, development, and commercialization of pharmaceutical-grade hypochlorous acid, or HOCl, based therapeutics designed
to prevent and treat infection in invasive applications. Our lead drug candidate, RUT58-60, is a broad spectrum anti-infective
that we are developing for the prevention and treatment of infection in surgical and trauma procedures. We are focusing RUT58-60
for use initially in abdominal surgery due to the large addressable market, high rate of post-surgical infection associated with
abdominal surgery, the high-impact opportunity that abdominal surgery offers us in the clinical trial setting to expose multiple
internal organs to RUT58-60 at one time, and feedback from surgeons identifying post-surgical infection in abdominal surgery (relative
to other surgeries) as a significant unmet medical need. We were incorporated in January 2013 as a wholly-owned subsidiary of Oculus
Innovative Sciences, Inc., or Oculus, and until the closing of this offering, we will be operated as a wholly-owned subsidiary
of Oculus. We currently have no products approved for sale and we cannot guarantee that we will ever have marketable products.
We plan to file our Investigational New Drug Application, or IND, for RUT58-60 in the fourth quarter of 2013. Our goal is to become the first company
to market RUT58-60 as a drug containing hypochlorous acid for the prevention and treatment of infection in invasive surgeries in
the United States. We believe that RUT58-60 has the potential to significantly reduce the rate of post-surgical infections, reduce
the use of systemic antibiotics that have proven to be ineffective against certain common resistant strains of bacteria, including
methicillin-resistant staphylococcus aureus, or MRSA, and vancomycin-resistant enterococcus, or VRE, reduce the negative side effects
associated with the increasingly widespread use of antibiotics, accelerate post-surgical healing which should lead to quicker patient
discharge from the hospital, and ultimately reduce hospital readmission rates. We plan to initiate our Phase 1/2 clinical trial
for RUT58-60 in the United States in the fourth quarter of 2013 and pending the successful completion of that trial and our planned
pivotal clinical trials, we plan to submit our new drug application, or NDA, to the FDA in early 2017.",THERAPEUTICS,2014-03-21,,,,2834.0,Pharmaceutical Preparations,424b_filing,
"Peloton Therapeutics, Inc.",0001525145,https://www.sec.gov/Archives/edgar/data/1525145/000119312519122479/d693812ds1.htm,4/26/2019,"We are a clinical stage
biopharmaceutical company focused on translating novel scientific insights into first-in-class medicines for patients with cancer and other debilitating or
life-threatening conditions. We are initially targeting HIF-2α, a transcription factor which was previously thought to be intractable using a small molecule. We are a leader in the field of HIF-2α biology and pioneered the first
HIF-2α inhibitor drug candidate to enter into clinical development. Our lead drug candidate, PT2977, has shown clinical proof of concept in patients with advanced or metastatic clear cell renal cell carcinoma (“mRCC”), and we plan to
initiate patient enrollment in an international Phase 3 clinical trial in previously treated mRCC patients in the second half of 2019. PT2977 is also in a Phase 2 clinical trial in patients with von Hippel-Lindau disease (“VHL disease”)
associated renal cell carcinoma (“RCC”) in the United States and Europe. VHL disease is a familial cancer syndrome that commonly gives rise to renal cell tumors. There are currently no approved drugs for VHL disease and we intend to seek
orphan drug designation for PT2977 in this indication. We also have another HIF-2α inhibitor drug candidate, PT2567, in preclinical development for non-oncology indications. In addition to our HIF-2α
programs, we are expanding our pipeline with research-stage programs based on harnessing the ubiquitin proteasome system and targeting the extracellular enzyme CD73. We have retained global development and commercialization rights to all of our drug
candidates. Hypoxia-inducible factor-2α (“HIF-2α”) is a transcription factor that, in part, regulates the body’s response to diminished availability of oxygen. In normal adult physiology, when sufficient oxygen is available,
HIF-2α is largely inactive as it is efficiently degraded by prolyl hydroxylase (“PHD”) enzymes and the ubiquitin proteasome system. Under low oxygen conditions (“hypoxia”), the degradation system is inactive, and HIF-2α
transcriptional activity is enhanced. This leads to the expression of a variety of proteins, including factors associated with the production of new red blood cells and the formation of new blood vessels.",THERAPEUTICS,2019-04-26,,,,2836.0,"Biological Products, (No Diagnostic Substances)",s1_filing_date_proxy,
"Cortexyme, Inc.",0001662774,https://www.sec.gov/Archives/edgar/data/1662774/000119312519105299/d703513ds1.htm,4/12/2019,"We are a
clinical stage biopharmaceutical company pioneering a novel disease-modifying therapeutic approach to treat what we believe to be a key underlying cause of Alzheimer’s and other degenerative diseases. Our approach is based on the seminal
discovery of the presence of Porphyromonas gingivalis , or P. gingivalis, and its secreted toxic virulence factor proteases, called gingipains, in the brains of greater than 90% of more than 100 Alzheimer’s patients observed
across multiple studies to date. Additionally, we have observed that P. gingivalis infection causes Alzheimer’s pathology in animal models, and these effects have been successfully treated with a gingipain inhibitor in preclinical
studies. Our proprietary lead drug candidate, COR388, is an orally-administered, brain-penetrating small molecule gingipain inhibitor. COR388 was well-tolerated with no concerning safety signals in our Phase 1a and Phase 1b clinical trials conducted
to date, which enrolled a total of 67 subjects, including nine patients with mild to moderate Alzheimer’s disease. We plan to initiate a global Phase 2/3 clinical trial of COR388, called the GAIN trial, in mild to moderate Alzheimer’s
patients in the second quarter of 2019 and expect top-line results by the end of 2021. P. gingivalis is an intracellular bacterial pathogen, and its gingipains are essential
for P. gingivalis survival and pathogenicity. Our new understanding of the P. gingivalis brain infection and associated gingipain production, which we have observed to cause Alzheimer’s pathology in animal models, provides a new
opportunity for successful upstream treatment of all aspects of Alzheimer’s disease pathology. Significant evidence in the last decade has shown that neurodegenerative diseases, including Alzheimer’s disease, are linked to a dysfunctional
immune system. Furthermore, the pathology of Alzheimer’s disease has been shown in studies to be consistent with that of infection, including, for example, the pathological presence of amyloid beta, which recently has been characterized as an
antimicrobial peptide produced in response to infection.",THERAPEUTICS,2019-05-09,,,,2836.0,"Biological Products, (No Diagnostic Substances)",424b_filing,
"Translate Bio, Inc.",0001693415,https://www.sec.gov/Archives/edgar/data/1693415/000119312518181734/d523294ds1.htm,6/1/2018,"We are a leading messenger RNA, or mRNA, therapeutics company developing a new class of potentially transformative medicines to treat
diseases caused by protein or gene dysfunction. Using our proprietary mRNA therapeutic platform, or MRT platform, we create mRNA that encodes functional proteins. We believe that the mRNA design, delivery and manufacturing capabilities of our MRT
platform provide us with the most advanced platform for developing product candidates that deliver mRNA encoding functional proteins for therapeutic uses. Our mRNA is delivered to the target cell where the cell’s own machinery recognizes it and
translates it, restoring or augmenting protein function to treat or prevent disease. We believe that our MRT platform is broadly applicable across multiple diseases in which the production of a desirable protein can have a therapeutic effect. We are
initially focused on restoring the expression of intracellular and transmembrane proteins, areas that have eluded conventional protein therapeutics, in patients with genetic diseases where there is high unmet medical need. We are developing our lead
MRT product candidate for the lung, MRT5005, for the treatment of cystic fibrosis, or CF, for which we initiated a Phase 1/2 clinical trial in May 2018. We are developing our lead MRT product candidate for the liver, MRT5201, for the treatment
of ornithine transcarbamylase, or OTC, deficiency, for which we plan to initiate a Phase 1/2 clinical trial in the first half of 2019. We believe that our MRT platform is distinct from other mRNA-based technologies and has the potential to
provide clinical benefits by transforming life-threatening illnesses into manageable chronic conditions. mRNA plays a central role in the production of proteins, which are needed to carry out essential cellular functions. mRNA transcribes
genetic information encoded in DNA into instructions that are used by cells to produce proteins. mRNA therapy is engineered to deliver mRNA encoding natural, functional proteins that replace defective or missing proteins, and has potential
advantages, including that it:",THERAPEUTICS,2018-06-29,,,,2836.0,"Biological Products, (No Diagnostic Substances)",424b_filing,
"Sun BioPharma, Inc.",0001029125,https://www.sec.gov/Archives/edgar/data/1029125/000147793212001525/cimarron_s1.htm,5/14/2012,"The offering price has been estimated solely for the purpose of computing the amount of the registration fee in accordance with Rule 457(o). Our common stock is not traded and any national exchange and in accordance with Rule 457, the offering price was determined by factors such as the lack of liquidity (since there is no present market for our stock) and the high level of risk inherent in this sort of offering. The selling shareholders may sell shares of our common stock at a fixed price of $0.50 per share until our shares are quoted on the OTC Bulletin Board and thereafter at prevailing market prices or privately negotiated prices. There can be no assurance that a market maker will agree to file the necessary documents with the Financial Industry Regulatory Authority (“FINRA”), which operates the OTC Electronic Bulletin Board, nor can there be any assurance that such an application for quotation will be approved. We have agreed to bear the expenses relating to the registration of the shares for the selling security holders. There is no present public trading market for the Company’s Common Stock and the price at which the Shares are being offered bears no relationship to conventional criteria such as book value or earnings per share.  The Company has determined the offering price based primarily on its projected operating results.  There can be no assurance that the offering price bears any relation to the current fair market value of the Common Stock.",THERAPEUTICS,2020-08-31,,,,2834.0,Pharmaceutical Preparations,424b_filing,
"Vyrix Pharmaceuticals, Inc.",0001602413,https://www.sec.gov/Archives/edgar/data/1602413/000119312514146039/d681154ds1.htm,4/16/2014,"We are a specialty
biopharmaceutical company focused on developing and commercializing late-stage prescription drug products to improve men’s health and quality of life. We are a wholly-owned subsidiary of Ampio Pharmaceuticals, Inc. (NYSE MKT: AMPE), or Ampio,
founded as a Delaware corporation on November 18, 2013. Our company is the result of a carve-out of the sexual dysfunction treatment business, including the late-stage men’s health product candidates
Zertane and Zertane-ED, from Ampio, which was announced in December 2013. According to recent published analyses, premature ejaculation,
or PE, is a highly prevalent male sexual dysfunction affecting 20-30% of men worldwide. Based on internal market research and published reports, we believe that PE is up to 1.5-times more prevalent than erectile dysfunction, or ED. Currently, there
are no FDA-approved prescription products in the United States to treat PE, and to our knowledge, only two other prescription products have been approved elsewhere in the world. Treatment options for PE have
traditionally included antidepressant drugs prescribed “off label,” topical numbing medications, and cognitive behavior therapy or counseling, all of which have had limited effectiveness in treating the disorder. PE therefore represents an
area of significant unmet medical need. In addition, approximately 32% of the more than 12,000 men with PE surveyed in a 2007 study published in European Urology also suffered from ED. Accordingly, we believe that a combination product
candidate to treat both PE and ED represents another significant worldwide market opportunity for us.",THERAPEUTICS,2014-04-16,,,,2834.0,Pharmaceutical Preparations,s1_filing_date_proxy,
"Synthorx, Inc.",0001609727,https://www.sec.gov/Archives/edgar/data/1609727/000119312518325608/d613741ds1.htm,11/13/2018,"We are a biopharmaceutical company focused on prolonging and improving the lives of people with cancer and autoimmune disorders. Our proprietary, first-of-its kind platform technology expands the genetic code by adding a new DNA base pair and is designed to create optimized biologics, which we refer to as Synthorins. A
Synthorin is a protein optimized through incorporation of novel amino acids encoded by our new DNA base pair that enables site-specific modifications, which enhance the pharmacological properties of these therapeutics. Our lead product candidate, THOR-707, is a variant of IL-2 designed to kill tumor cells by increasing CD8+ T and natural killer, or NK, cells without causing vascular leak syndrome, or VLS, observed
with approved recombinant IL-2 (aldesleukin). We plan to file an investigational new drug application, or IND, for THOR-707 in the second quarter of 2019 and thereafter initiate a Phase 1/2 clinical trial
in multiple tumor types as a single agent and in combination with an immune checkpoint inhibitor. Based on our preclinical studies, we believe our platform technology can generate a pipeline of additional therapeutics that are differentiated
compared to drugs that have been engineered by other means. We have worldwide rights to our Expanded Genetic Alphabet platform technology and our Synthorins. Our
Expanded Genetic Alphabet platform technology adds a new DNA base pair, X-Y, to the two naturally occurring base pairs, A-T and G-C, thereby artificially expanding the genetic code. This X-Y base pair can be replicated, maintained, transcribed and translated into a Synthorin using our proprietary
strain of E. coli , a bacterium commonly used to manufacture therapeutic proteins. This bacterial strain incorporates a novel amino acid into specific sites we identify within a target gene where we have placed the X or Y nucleobases, thus
coding for its placement in a Synthorin. These novel amino acids are designed to contain dedicated chemical hooks for site-specific bioconjugation with moieties, or part of a molecule, such as a polyethylene glycol, or PEG. Site-specific
bioconjugation refers to the forming of stable chemical links between two molecules, at least one of which is a biomolecule, at a specific amino acid site within the biomolecule. Employing this proprietary methodology for site-specific
bioconjugation, we have designed our Synthorins to have optimized therapeutic properties, such as extended half-life or advantageously alter",THERAPEUTICS,2018-12-07,,,,2834.0,Pharmaceutical Preparations,424b_filing,
"Morphic Holding, Inc.",0001679363,https://www.sec.gov/Archives/edgar/data/1679363/000104746919003383/a2238916zs-1.htm,5/30/2019,"We are a biopharmaceutical company applying our proprietary insights into integrins to discover and develop a pipeline of potentially first-in-class oral
small-molecule integrin therapeutics. Integrins are a target class with multiple approved injectable blockbuster drugs for the treatment of serious chronic diseases, including autoimmune,
cardiovascular and metabolic diseases, fibrosis and cancer. To date, no oral small-molecule integrin therapies have been approved by the FDA. Despite significant unsuccessful efforts, we believe
tremendous untapped potential remains for us to develop oral integrin therapies. We created the Morphic integrin technology platform, or MInT Platform, by leveraging our unique understanding of
integrin structure and biology to develop novel product candidates designed to achieve the potency, high selectivity and pharmaceutical properties required for oral administration. We are advancing
our preclinical pipeline, including our lead wholly-owned program for a 4 b 7 specific integrin
inhibitors affecting inflammation into clinical development for the treatment of inflammatory bowel disease, or IBD. We are also developing our most advanced product candidate, MORF-720, a selective
oral a v b 6 specific integrin inhibitor into clinical development for the treatment of idiopathic
pulmonary fibrosis, or IPF, in collaboration with AbbVie Inc., or AbbVie. We intend to advance our a 4 b 7 program and MORF-720 toward Investigational New Drug applications, or INDs, by the middle of
2020 and as early as the end of 2019, respectively. Beyond our current targets, we are using our MInT Platform to create a broad pipeline of programs across a variety of therapeutic areas, all of
which aim to harness the potential of inhibition or activation. Integrins are the only receptors in the human body that use both intracellular and extracellular ligands to transmit signals both from inside of the cell to
the outside of the cell and from the outside of the cell to the inside of the cell. This bi-directional signaling ability allows integrins to affect virtually every aspect of cell and organ
homeostasis. Consequently, the dysregulation of integrin signaling is associated with many human diseases including autoimmune, cardiovascular and metabolic diseases, fibrosis and cancer.",THERAPEUTICS,2019-06-27,,,,2834.0,Pharmaceutical Preparations,424b_filing,
Entasis Therapeutics Holdings Inc.,0001724344,https://www.sec.gov/Archives/edgar/data/1724344/000104746918005679/a2236470zs-1.htm,8/17/2018,"We are a clinical-stage biopharmaceutical company focused on the discovery, development and commercialization of novel antibacterial products to
treat serious infections caused by multi-drug resistant Gram-negative bacteria. Leveraging our targeted-design platform, we have engineered and developed product candidates that target clinically
validated mechanisms in order to address antibiotic resistance. Our lead product candidate, ETX2514, as well as one of our other product candidates, ETX0282, inhibit one of the most prevalent forms of
bacterial resistance, b -lactamase enzymes, so-named because of their ability to inactivate b -lactam antibiotics, one of the
most commonly used classes of antibiotics. By blocking this resistance mechanism, these product candidates, when administered in combination with b -lactam
antibiotics, are designed to restore the efficacy of those antibiotics. Our other product candidate, zoliflodacin, targets the validated mechanism of action of the fluoroquinolone class of
antibiotics, but does so in a novel manner to avoid existing fluoroquinolone resistance. ETX2514SUL
is a fixed-dose combination of ETX2514, a novel broad-spectrum intravenous, or IV, b -lactamase inhibitor, or BLI, with sulbactam, an
IV b -lactam antibiotic, that we are developing for the treatment of a variety of serious multi-drug resistant infections caused by Acinetobacter baumannii , or Acinetobacter . We have completed two Phase 1 clinical trials,
including one evaluating the penetration of ETX2514SUL into the lung. We have also completed enrollment of an additional Phase 1 trial in renally impaired patients. In addition, we have
completed a Phase 2 clinical trial in patients with complicated urinary tract infections, or UTIs, and have received positive top-line data from this trial. We expect to receive final data from
our Phase 1 trial in renally impaired patients and our Phase 2 clinical trial by the end of 2018. Based on a series of discussions with the U.S. Food and Drug Administration, or FDA, we
plan to initiate a single Phase 3 clinical trial in the first quarter of 2019 with data expected in 2020.",THERAPEUTICS,2018-09-26,,,,2834.0,Pharmaceutical Preparations,424b_filing,
"AVROBIO, Inc.",0001681087,https://www.sec.gov/Archives/edgar/data/1681087/000119312518175024/d562006ds1.htm,5/25/2018,"We are a clinical stage gene
therapy company focused on developing potentially curative ex vivo lentiviral-based gene therapies to treat rare diseases following a single dose. Our gene therapies employ hematopoietic stem cells that are extracted from the patient and then
modified with lentiviral vectors to insert a functional copy of the gene that is defective in the target disease. We believe that our approach, which transforms stem cells from patients into therapeutic products, has the potential to provide
curative benefit for a range of diseases in an outpatient setting. Our initial focus is on a group of rare genetic diseases referred to as lysosomal storage diseases, which today are primarily managed with enzyme replacement therapies, or ERTs.
These lysosomal storage diseases have well understood biologies, identified patient populations and represent large market opportunities with approximately $4.0 billion in worldwide net sales in 2017. Our initial pipeline is comprised of four lentiviral-based gene therapies, including AVR-RD-01 for the treatment of Fabry disease, AVR-RD-02 for the treatment of Gaucher disease, AVR-RD-03 for the treatment of Pompe disease and AVR-RD-04 for the treatment of cystinosis. AVR-RD-01 is currently being evaluated in a Phase 1 clinical trial to assess safety and toxicity, as well as preliminary efficacy. We expect to initiate our Phase 2 clinical trial of AVR-RD-01 in mid-2018. In addition, Phase 1/2 clinical trials for both AVR-RD-02 and AVR-RD-04 are being planned and we expect patients will be dosed in 2019.",THERAPEUTICS,2018-06-21,,,,2836.0,"Biological Products, (No Diagnostic Substances)",424b_filing,
Axovant Sciences Ltd.,0001636050,https://www.sec.gov/Archives/edgar/data/1636050/000104746915004641/a2224682zs-1.htm,5/11/2015,"We are a clinical-stage biopharmaceutical company focused on the acquisition, development and commercialization of novel therapeutics for the
treatment of neurodegenerative disorders. Our goal is to be the leading biopharmaceutical company focused on the treatment of dementia, a condition characterized by a significant decline in mental
capacity and impaired daily function. Our near-term focus is to develop our product candidate, which we refer to as RVT-101, for the treatment of Alzheimer's disease and other forms of dementia. We
acquired worldwide rights to RVT-101 from Glaxo Group Limited and GlaxoSmithKline Intellectual Property Development Limited, collectively GSK, in December 2014. We plan to commence a Phase 3
pivotal program of RVT-101 for the treatment of mild-to-moderate Alzheimer's disease in the fourth quarter of 2015. If our Phase 3 program is successful, we plan to seek regulatory approval and
commercialize RVT-101 in the United States and the European Union. In the long-term, we intend to develop a pipeline of product candidates to comprehensively address the cognitive, behavioral and
functional components of dementia. Alzheimer's
disease, a form of dementia, is a progressive neurodegenerative disorder that results in significant impairments in cognition and day-to-day functioning. According to the Alzheimer's
Association, Alzheimer's disease affects approximately 5.3 million people in the United States. It is estimated that between 70% and 90% of Alzheimer's disease patients age 65 and older are
classified as having mild-to-moderate Alzheimer's disease. No new chemical entity has been approved by the U.S. Food and Drug Administration, or the FDA, for the treatment of Alzheimer's disease since
2003.",THERAPEUTICS,2015-06-11,,,,2834.0,Pharmaceutical Preparations,424b_filing,
"Civitas Therapeutics, Inc.",0001509697,https://www.sec.gov/Archives/edgar/data/1509697/000119312514321815/d719498ds1.htm,8/26/2014,"We are a biopharmaceutical
company focused on developing and commercializing transformative therapeutics using our proprietary ARCUS technology, with an initial focus on treating debilitating OFF episodes, the unpredictable re-emergence of symptoms, in patients with
Parkinson’s disease, or PD. We recently completed a Phase 2b clinical trial for our lead product candidate, CVT-301, demonstrating the ability to rapidly and predictably treat OFF episodes as they occur. PD is a progressive neurodegenerative
disorder resulting from the gradual loss of certain neurons responsible for producing dopamine. It is characterized by symptoms including tremor at rest, rigidity and impaired movement. The standard of care for the treatment of symptoms of PD
remains oral levodopa, or L-dopa, a drug approved over 40 years ago. While oral L-dopa is efficacious, there are significant challenges for physicians in creating a dosing regimen of oral L-dopa that consistently maintains L-dopa levels within a
patient’s therapeutic range due both to the inherent nature of the L-dopa chemical structure as well as the physiologic manifestations of the disease in patients. This results in wide variability in the timing and amount of L-dopa absorption
into the bloodstream, leading to episodes of unexpected and rapid return of PD symptoms, such as tremor at rest, rigidity and impaired movement. The unpredictable re-emergence of PD symptoms, or a period during which a patient’s oral L-dopa
therapy is not adequately addressing their symptoms, is referred to as an OFF episode. CVT-301 is comprised of proprietary formulated dry powder capsules containing L-dopa, which are administered through a
proprietary, easy to use, pocket-size, reusable inhaler. CVT-301 is being developed as a self-administered, adjunctive, as needed, inhaled L-dopa therapy for OFF episodes, providing rapid delivery of L-dopa to the brain to be used in conjunction
with, but not as a substitute for, a patient’s individually optimized oral L-dopa regimen. We expect to initiate our pivotal Phase 3 clinical trial for CVT-301 by early 2015. Based on our discussions to date with the United States Food and
Drug Administration, or FDA, we believe that CVT-301 will qualify for review through the 505(b)(2) pathway, which would allow for an abbreviated pathway to approval in the United States. Over one million people in the United States and between seven and 10 million people worldwide suffer from PD. The majority of PD patients
e",THERAPEUTICS,2014-08-26,,,,2836.0,"Biological Products, (No Diagnostic Substances)",s1_filing_date_proxy,
HOOKIPA Pharma Inc.,0001760542,https://www.sec.gov/Archives/edgar/data/1760542/000104746919001538/a2238048zs-1.htm,3/22/2019,"We are a clinical-stage biopharmaceutical company developing a new class of immunotherapeutics targeting infectious diseases and cancers based
on our proprietary arenavirus platform that is designed to reprogram the body's immune system. We are using our ""off-the-shelf"" technologies, VaxWave and TheraT, to elicit directly within patients a
powerful and durable response of antigen-specific killer T cells and antibodies, thereby activating essential immune defenses against infectious diseases and cancers. We believe that our technologies
can meaningfully leverage the human immune system for prophylactic and therapeutic purposes by eliciting killer T cell response levels previously not achieved by other published immunotherapy
approaches. Our lead infectious disease product candidate, HB-101, is in a randomized, double-blinded Phase 2 clinical trial in cytomegalovirus-negative patients awaiting kidney transplantation
from cytomegalovirus-positive donors. Our lead oncology product candidates, HB-201 and HB-202, are in development for the treatment of human papillomavirus-positive cancers. We plan to file an
investigational new drug application with the U.S. Food and Drug Administration for HB-201 and HB-202 in the first half and second half of 2019, respectively. We have also entered into a strategic
partnership with Gilead Sciences, Inc. to accelerate building a pipeline of additional infectious disease product candidates in a cost efficient manner. Our
platform is based on engineering arenaviruses to carry and deliver virus-specific or tumor-specific genes directly in patients to dendritic cells, which are natural activators of
killer T cells, also known as cytotoxic T cells, or CD8+ T cells. Arenaviruses have been used for decades as a preclinical tool to study CD8+ T cell responses. Our co-founder,
Rolf Zinkernagel, was awarded a Nobel Prize in Physiology or Medicine for his arenavirus-based work on how CD8+ T cells recognize virus-infected cells. We believe that arenaviruses have several key
advantages which give them the characteristics of an optimal antigen-specific immunotherapy, including:",THERAPEUTICS,2019-04-19,,,,2834.0,Pharmaceutical Preparations,424b_filing,
"Forty Seven, Inc.",0001667633,https://www.sec.gov/Archives/edgar/data/1667633/000119312518181943/d523840ds1.htm,6/1/2018,"We are a
clinical-stage immuno-oncology company focused on developing novel checkpoint therapies to activate macrophages in the fight against cancer. We founded Forty Seven based on the insight that blocking CD47, a key signaling molecule that is
overexpressed on cancer cells, renders tumors susceptible to macrophages. By harnessing macrophages, we believe that our lead product candidate, 5F9, dosed as a monotherapy or in combination with marketed cancer therapies, can transform the
treatment of cancer. 5F9 has demonstrated promising activity in six Phase 1b/2 clinical trials in which we have treated over 190 relapsed or refractory cancer patients with solid or hematologic tumors. We hold worldwide rights to all of our
product candidates. We focus our efforts on targeting the CD47 pathway as a way to engage macrophages in fighting tumors.
Macrophages function as first responders, swallowing foreign and abnormal cells, including cancer cells, and mobilizing other components of the immune system including T cells and antibodies. Cancer cells use CD47, a “don’t eat me”
signal, in order to evade detection by the immune system and subsequent destruction by macrophages. Overexpression of CD47 is common to nearly all types of tumors and is also correlated with poor prognosis in multiple cancers including acute
myelogenous leukemia, or AML, colorectal cancer, or CRC, gastric cancer, lung cancer, Non-Hodgkin’s lymphoma, or NHL, and ovarian cancer. Despite the central role of macrophages as cell-eating scavengers
and first responders, the pharmaceutical industry is only beginning to bring this key group of cells into the fight against cancer.",THERAPEUTICS,2018-06-28,,,,2834.0,Pharmaceutical Preparations,424b_filing,
Sunset Island Group,0001689066,https://www.sec.gov/Archives/edgar/data/1689066/000147793216013601/sun_s1.htm,11/16/2016,"Sunset Island Group, Inc. (“Sunset Island”, “we”, “us”, “our”, the ""Company"" or the ""Registrant"") was originally incorporated in the State of Colorado on September 29, 2005 under the name of Titan Global Entertainment, Inc. On May 7, 2008, the Company changed its name to Sunset Island Group. On October 17, 2016, the Company entered into an Agreement whereby the Company acquired 100% of Battle Mountain Genetics, Inc., which was incorporated in the State of California on September 29, 2016. Battle Mountain Genetics was the surviving Company and became a wholly owned subsidiary of Sunset Island Group. At the time of the merger, Sunset Island had no operations, assets or liabilities. On October 20, 2016, the acquisition closed and under the terms of the Agreement Battle Mountain Genetics was the surviving entity. The Company selected October 31 as its fiscal year end. The Company’s executive 4325 Glencoe Ave Ste C9-9903, Marina Del Rey, CA 90292.",THERAPEUTICS,2016-11-16,,,,2834.0,Pharmaceutical Preparations,s1_filing_date_proxy,
Gemphire Therapeutics Inc.,0001638287,https://www.sec.gov/Archives/edgar/data/1638287/000104746916012305/a2228243zs-1.htm,4/18/2016,"We are a clinical-stage biopharmaceutical company focused on developing and commercializing therapies for the treatment of dyslipidemia, a serious
medical condition that increases the risk of life threatening cardiovascular disease. Dyslipidemia is generally characterized by an elevation of low-density lipoprotein cholesterol (LDL-C), or bad
cholesterol, triglycerides, or fat in the blood, or both. We are developing our product candidate gemcabene (CI-1027), a novel, once-daily, oral therapy, for patients who are unable to achieve normal
levels of LDL-C or triglycerides with currently approved therapies, primarily statin therapy. Gemcabene's mechanism of action is designed to enhance the clearance of very low-density lipoproteins
(VLDLs) in the plasma and inhibit the production of fatty acids and cholesterol in the liver. Gemcabene is liver-directed and inhibits apolipoprotein C-III (apoC-III) protein in the liver and may
inhibit acetyl-CoA carboxylase (ACC) in the liver. Gemcabene has been tested as monotherapy and in combination with statins and other drugs in 895 subjects, which we define as healthy
volunteers and patients, across 18 Phase 1 and Phase 2 clinical trials and has demonstrated promising evidence of efficacy, safety and tolerability. Cardiovascular
disease is a major health concern, causing more deaths globally than any other disease. Dyslipidemia is generally viewed as an important predictor of cardiovascular events including
heart attack and stroke, and a cause of cardiovascular disease. It comprises one of the largest therapeutic areas with annual worldwide drug sales of approximately $22 billion in 2013. We
estimate more than 40% of Americans have LDL-C or triglycerides, or both, above a normal range. Statins, such as Lipitor, marketed by Pfizer Inc. (Pfizer), and Crestor, marketed by AstraZeneca
Pharmaceuticals LP (AstraZeneca), among others, are standard of care for LDL-C lowering, while fibrates, prescription fish oils and niacin are standard of care for triglyceride lowering. Although
these drugs are highly prescribed and capable of reducing LDL-C and triglyceride levels, many patients are unable to effectively manage their dyslipidemia with currently approved therapies and are in
need of better treatment alternatives. For example, approximately 40% of patients on statins are unable to meet their LDL-C lowering goal, and doubling a statin dose has shown to incrementally lower
LDL-C levels by a nominal percentage (approximately 6% bas",THERAPEUTICS,2016-08-08,,,,2834.0,Pharmaceutical Preparations,424b_filing,
"LogicBio Therapeutics, Inc.",0001664106,https://www.sec.gov/Archives/edgar/data/1664106/000119312518282629/d528918ds1.htm,9/25/2018,"We are a genome editing company focused on developing medicines to
durably treat rare diseases in patients with significant unmet medical need using GeneRide, our proprietary technology platform. Our GeneRide technology is designed to precisely integrate corrective genes into a patient’s genome to provide a
stable therapeutic effect. Because GeneRide is designed to have this durable therapeutic effect, we are initially targeting rare liver disorders in pediatric patients where it is critical to provide treatment early in a patient’s life before
irreversible disease pathology can occur. We have demonstrated proof of concept of our therapeutic platform in animal models for a number of diseases and are focusing on development of our lead product candidate, LB-001, for the treatment of Methylmalonic Acidemia, or MMA, a life-threatening disease that presents at birth. GeneRide is
our genome editing technology that harnesses homologous recombination, or HR, a naturally occurring DNA repair process that maintains the fidelity of the genome. We believe that by using HR, GeneRide will allow us to insert therapeutic genes, known
as transgenes, into specific targeted genomic locations without using exogenous nucleases, which are enzymes engineered to cut DNA. GeneRide-directed transgene integration is designed to leverage endogenous promoters at these targeted locations to
drive high levels of tissue-specific gene expression, without the detrimental issues that have been associated with the use of exogenous promoters. We have developed GeneRide utilizing certain core technology licensed from Stanford University and
the University of Texas.",THERAPEUTICS,2018-10-22,,,,2836.0,"Biological Products, (No Diagnostic Substances)",424b_filing,
Angion Biomedica Corp.,0001601485,https://www.sec.gov/Archives/edgar/data/1601485/000157104914001179/t1400386-s1.htm,4/14/2014,"This is a firm commitment initial public offering of              shares of common stock of Angion 
Biomedica Corp. No public market currently exists for our shares. We expect the initial public offering price 
of our shares of common stock to be between $     and $     per share. degree of uncertainty and risk due to a variety of factors, including those described in “Risk Factors.” These and other factors could cause our future performance to differ materially from our assumptions and estimates. See “Cautionary Note Regarding Forward-Looking Statements.”",THERAPEUTICS,2021-02-05,,,,2834.0,Pharmaceutical Preparations,424b_filing,
"89bio, Inc.",0001785173,https://www.sec.gov/Archives/edgar/data/1785173/000119312519266760/d743471ds1.htm,10/11/2019,"We are a clinical-stage biopharmaceutical company focused on the development and commercialization of innovative therapies for the treatment
of liver and cardio-metabolic diseases. Our lead product candidate, BIO89-100, a specifically engineered glycoPEGylated analog of fibroblast growth factor 21 (“FGF21”), is currently being developed
for the treatment of nonalcoholic steatohepatitis (“NASH”). NASH is a severe form of nonalcoholic fatty liver disease (“NAFLD”), characterized by inflammation and fibrosis in the liver that can progress to cirrhosis, liver
failure, hepatocellular carcinoma (“HCC”) and death. There are currently no approved products for the treatment of NASH. FGF21 is a clinically-validated mechanism that has been shown in humans to reduce liver fat (steatosis) and address
cardio-metabolic dysregulation. We believe BIO89-100 may be a differentiated FGF21 therapy based on its robust and durable biological effects and a favorable tolerability profile, as well its potential for a longer dosing interval. Combining these
characteristics with the ability to address the key liver pathologies in NASH, as well as the underlying metabolic dysregulation in NASH patients, BIO89-100 has the potential to become a mainstay of NASH therapy. We successfully completed a Phase
1a, first-in-human, single ascending dose (“SAD”) clinical trial with 58 healthy volunteers. The magnitude and significance of BIO89-100’s biological effects after a single dose on lipid parameters were robust and durable. In July 2019, we initiated our proof of concept (“POC”) Phase 1b/2a clinical trial in patients
with NASH or patients with NAFLD and a high risk of NASH and we expect to report topline data in the second half of 2020. The prevalence
of NAFLD, which affects approximately 25% of the global population, and NASH, which develops in approximately 20% to 25% of NAFLD patients, is growing and is driven primarily by the worldwide obesity epidemic. The critical pathophysiologic
mechanisms underlying the development and progression of NASH include reduced ability to handle lipids, increased insulin resistance, injury to hepatocytes and liver fibrosis in response to hepatocyte injury. Patients with NASH frequently have other
significant metabolic co-morbidities such as obesity, hyperglycemia, dyslipidemia and systemic hypertension (a constellation of which is commonly referred to as metabolic syndrome) and these further contribute
to the risk of cardiovascular disease. The number o",THERAPEUTICS,2019-11-12,,,,2834.0,Pharmaceutical Preparations,424b_filing,
"Spark Therapeutics, Inc.",0001609351,https://www.sec.gov/Archives/edgar/data/1609351/000119312514457223/d776249ds1.htm,12/30/2014,"We are a leader in the field of gene therapy,
seeking to transform the lives of patients suffering from debilitating genetic diseases by developing one-time, life-altering treatments. Our product candidates have the potential to provide long-lasting effects, dramatically and positively changing
the lives of patients with conditions where no, or only palliative, therapies exist. Our initial focus is on treating orphan diseases, and we have demonstrated promising clinical outcomes with our first product candidate targeting rare blinding
conditions, which has received both breakthrough therapy and orphan product designation and is in a fully enrolled, pivotal Phase 3 clinical trial with data expected in the second half of 2015. We also have built a pipeline of product candidates
targeting additional blinding conditions, hematologic disorders and neurodegenerative diseases, including a second product candidate targeting another rare blinding condition, for which we expect to initiate a clinical trial in the first half of
2015, and a collaboration with Pfizer Inc., or Pfizer, for the development and commercialization of a gene therapy for the treatment of hemophilia B. Our platform technology is based on more than two decades of gene therapy research, development,
manufacturing and clinical trials conducted at The Children’s Hospital of Philadelphia, or CHOP. Our most advanced product candidate, SPK-RPE65, which is in a pivotal Phase 3 clinical trial, targets a group of rare blinding conditions known as inherited retinal
dystrophies, or IRDs, caused by non sex-linked, or autosomal recessive, mutations in the RPE65 gene. Patients suffering from RPE65-mediated IRDs are affected by a range of severe visual impairments, which ultimately lead to blindness, that make
independent activities of daily living challenging. For example, affected children often depend on visual aids to carry out classroom activities while adults with these diseases may face diminished employment opportunities and may be stripped of
some of the rewards of parenting, such as watching a child play his or her favorite sport. We estimate that there are approximately 3,500 individuals with RPE65-mediated IRDs in the United States and the five major European markets.",THERAPEUTICS,2015-01-30,,,,2836.0,"Biological Products, (No Diagnostic Substances)",424b_filing,
"Avalanche Biotechnologies, Inc.",0001501756,https://www.sec.gov/Archives/edgar/data/1501756/000119312514255970/d729335ds1.htm,6/30/2014,"We are a clinical-stage biotechnology company focused on
discovering and developing novel gene therapies to transform the lives of patients with sight-threatening ophthalmic diseases. We have leveraged our next generation gene therapy platform, the Ocular BioFactory™, to create a robust pipeline of
product candidates. Our product candidates are designed to provide long-term benefit or a functional cure for these diseases by inducing a sustained expression of a therapeutic protein with a one-time administration in the eye. Our lead product candidate is AVA-101 for the treatment of wet age-related macular degeneration (AMD). We believe that this product
candidate could transform the treatment paradigm and address a significant unmet need in the large wet AMD market, which was over $6.0 billion based on worldwide sales in 2013. Due to a variety of factors, including inconvenience and discomfort
associated with frequent injections in the eye, patient compliance is a significant concern for standard-of-care, anti-vascular endothelial growth factor (VEGF) therapies, such as Lucentis ® ,
marketed by Genentech, Inc. and Novartis AG, and EYLEA ® , marketed by Regeneron Pharmaceuticals, Inc. in the United States and Bayer HealthCare LLC outside the United States. These treatments
require injections every four to eight weeks to maintain efficacy and patients often experience vision loss with reduced frequency of treatment. By contrast, AVA-101 is designed to enable retinal cells to continuously produce therapeutic levels of a
naturally occurring anti-VEGF protein with a single administration.",THERAPEUTICS,2014-07-31,,,,2836.0,"Biological Products, (No Diagnostic Substances)",424b_filing,
Dermavant Sciences Ltd,0001753483,https://www.sec.gov/Archives/edgar/data/1753483/000119312519157086/d625659ds1.htm,5/24/2019,"We are a clinical-stage biopharmaceutical company dedicated to developing and commercializing innovative therapeutics in medical dermatology. We have a robust
medical dermatology pipeline with both late-stage and early-development product candidates. Our pipeline targets specific unmet needs in two of the largest growing immuno-dermatology markets, psoriasis and atopic dermatitis, as well as other large
markets, including vitiligo, primary focal hyperhidrosis and acne. We are developing our lead product candidate, tapinarof, as a differentiated therapeutic aryl
hydrocarbon receptor modulating agent, or TAMA, topical cream for the treatment of psoriasis and atopic dermatitis. Psoriasis and atopic dermatitis affect approximately 7.5 million and 28 million people in the United States, respectively.
We acquired the worldwide rights to tapinarof (other than with respect to certain rights in China) from GlaxoSmithKline plc, or GSK, in August 2018. Tapinarof and predecessor formulations of tapinarof cream have already been dosed in over 600
subjects across 10 different clinical trials conducted by GSK and Welichem Biotech Inc., or Welichem. In five Phase 2 clinical trials, tapinarof and predecessor formulations met all primary endpoints, with clinically meaningful and statistically
significant responses coupled with a favorable tolerability profile observed in these trials. A clinically meaningful response refers to an actual health benefit to treated patients, including a clinical assessment of “clear” or
“almost clear” skin at end of treatment and “moderately improved” to “very improved” itch as described by treated patients, and achievement of widely adopted primary and secondary endpoints for psoriasis and atopic
dermatitis. We commenced two pivotal Phase 3 clinical trials of tapinarof for the treatment of psoriasis in May 2019.",THERAPEUTICS,2019-05-24,,,,2834.0,Pharmaceutical Preparations,s1_filing_date_proxy,
SOPHIRIS BIO INC.,0001563855,https://www.sec.gov/Archives/edgar/data/1563855/000119312513062875/d443122ds1.htm,2/15/2013,"We are a
clinical-stage biopharmaceutical company focused on developing innovative products for the treatment of urological diseases. We are headquartered in San Diego, California and our common shares currently trade on the Toronto Stock Exchange. We are
currently developing PRX302 as a treatment for the symptoms of benign prostatic hyperplasia, or BPH, commonly referred to as an enlarged prostate. Initially, most men with BPH will be treated with oral medications but many will discontinue drug
therapy due to inadequate response and/or side effects, which include sexual dysfunction and cardiovascular side effects. They may then undergo a surgical procedure, which can be painful and have potential long-term sexual side effects, or may stop
treatment altogether. PRX302 is designed to be a convenient treatment that is safer and less invasive than surgery and more effective and better tolerated than currently approved pharmaceutical therapies. In our Phase 2b clinical trial, we saw
significant symptom relief from a single treatment of PRX302 that was sustained throughout the follow-up period of 12 months, and there were no drug-related erectile dysfunction or cardiovascular side effects reported. In 2009, we licensed exclusive
rights to PRX302 from UVIC Industry Partnerships Inc., or UVIC, and The Johns Hopkins University, or Johns Hopkins, for the treatment of the symptoms of BPH. In April 2010, we entered into an exclusive license agreement with Kissei Pharmaceutical
Co., Ltd., for the development and commercialization of PRX302 in Japan for the treatment of the symptoms of BPH, prostate cancer, prostatitis or other diseases of the prostate. PRX302, a genetically modified recombinant protein, is delivered via ultrasound-guided injection directly into the prostate. This
membrane-disrupting protein is selectively activated by an enzyme in the prostate, leading to localized cell death and tissue disruption without damage to neighboring tissue and nerves. This method of administration limits the circulation of the
drug in the body, and we believe that this limited systemic exposure to the drug, together with how the drug is activated in the body, greatly diminishes the risk of side effects. In our randomized, double-blind, placebo-controlled Phase 2b clinical
trial, PRX302 was well-tolerated and produced clinically meaningful and significant improvement in both subjective and objective measures of BPH symptoms. The endpoints in that clinical trial were the same",THERAPEUTICS,2013-08-16,,,,2834.0,Pharmaceutical Preparations,424b_filing,
Beam Therapeutics Inc.,0001745999,https://www.sec.gov/Archives/edgar/data/1745999/000119312519257401/d734398ds1.htm,9/27/2019,"The most common
class of genetic mutations are errors of a single base, known as point mutations. These point mutations represent approximately 58% of all the known genetic errors associated with disease. Other natural genetic variations of a single base among
human populations, revealed by population-level genomic studies, are known to protect against disease. To maximize the impact of these genetic insights, the ability to alter the human genome at the foundational level of genetic information – a
single base – is crucial. In the last decade, the field of genetic medicine has reached an inflection point, with groundbreaking advances in gene
therapy, cell therapy, oligonucleotides, and, more recently, gene editing. While these technologies represent dramatic advancements for genetic medicines, the ability to edit genes at the single base level has been elusive.",THERAPEUTICS,2020-02-07,,,,2836.0,"Biological Products, (No Diagnostic Substances)",424b_filing,
Viamet Pharmaceuticals Holdings LLC,0001538928,https://www.sec.gov/Archives/edgar/data/1538928/000119312514256344/d721802ds1.htm,7/1/2014,"We are a biopharmaceutical company focused on the discovery, development and commercialization of novel antifungal agents based on our proprietary metalloenzyme medicinal chemistry
platform, which we call our Metallophile ® Technology. Metalloenzymes are enzymes that contain a
metal, such as iron, zinc or copper, that is linked to the enzyme’s protein component. We are using our platform to design drugs that we expect to have greater selectivity, fewer side effects and improved potency compared to currently available
antifungal agents. Our lead product candidate, VT-1161, is an oral agent that we are developing for the treatment of recurrent vulvovaginal candidiasis, or RVVC, a highly prevalent mucosal infection for which there are no approved therapies in the
United States, and onychomycosis, a very common fungal infection of the nail for which current treatments are suboptimal with respect to safety, tolerability and efficacy. We are currently completing two proof of concept Phase 2a clinical trials of VT-1161, one for the treatment of moderate to severe acute vulvovaginal candidiasis, or AVVC, commonly known as
vaginal yeast infection, and a second for the treatment of moderate to severe interdigital tinea pedis, a dermatologic infection commonly known as athlete’s foot. In these Phase 2a clinical trials, VT-1161 has demonstrated strong evidence of
clinical antifungal activity as well as a favorable safety profile. The fungal pathogens that cause AVVC are typically the same pathogens that cause RVVC, and the fungal pathogens that cause tinea pedis are typically the same pathogens that cause
onychomycosis. We expect to begin Phase 2b clinical trials for VT-1161 in RVVC and onychomycosis in the second half of 2014. In Phase 1 clinical trials, VT-1161 demonstrated a favorable safety profile, good
oral pharmacokinetics and a prolonged half-life. We believe that these attributes of VT-1161 may make the agent particularly useful in indications such as RVVC, in which recurrence rates with existing
therapies are problematic.",THERAPEUTICS,2014-07-01,,,,2834.0,Pharmaceutical Preparations,s1_filing_date_proxy,
"Aridis Pharmaceuticals, Inc.",0001614067,https://www.sec.gov/Archives/edgar/data/1614067/000104746918005075/a2236234zs-1.htm,7/18/2018,"We are a late-stage biopharmaceutical company focused on the discovery and development of targeted immunotherapy using fully human monoclonal
antibodies, or mAbs, to treat life-threatening infections. mAbs represent an innovative treatment approach that harnesses the human immune system to fight infections and are designed to overcome the
deficiencies associated with current therapies, such as rise in drug resistance, short duration of response, negative impact on the human microbiome, and lack of differentiation among the treatment
alternatives. The majority of our product candidates are derived by employing our differentiated antibody discovery platform called MabIgX. Our proprietary product pipeline is comprised of fully human
mAbs targeting specific pathogens associated with life-threatening bacterial infections, primarily hospital-acquired pneumonia, or HAP, and ventilator-associated pneumonia, or VAP. Two of our product
candidates have exhibited promising preclinical data, and clinical data are available from two completed studies. Our lead product candidate, AR-301 targets the alpha toxin produced by gram-positive
bacteria Staphylococcus aureus , or S. aureus, a common pathogen associated with HAP and VAP. Our goal is to become a global leader in anti-infective immunotherapy by discovering, developing and commercializing best-in-class mAbs with the
potential to significantly improve upon SOC treatments for life-threatening infections. Key elements of our strategy are as follows:",THERAPEUTICS,2018-08-15,,,,2834.0,Pharmaceutical Preparations,424b_filing,
"Gritstone Oncology, Inc.",0001656634,https://www.sec.gov/Archives/edgar/data/1656634/000119312518255669/d565416ds1.htm,8/23/2018,"We are an immuno-oncology company developing
tumor-specific cancer immunotherapies to fight multiple cancer types. Our goal is to extend the benefits of immunotherapy by leveraging new insights into the immune system’s ability to destroy cancer cells, based on the study of patients
treated with checkpoint inhibitors such as anti-PD-(L)1 antibodies. A key hypothesis that has emerged in the field of immuno-oncology is that there are large groups of cancer patients whose tumors have
successfully evaded the immune system (so called “cold” tumors) despite having markers that could be recognized by the immune system. Our approach seeks to generate a therapeutic immune response in these patients by unleashing the
demonstrated natural power of a patient’s own immune system to recognize short tumor-specific peptide sequences presented on cancer cells, referred to as tumor-specific neoantigens, or TSNA, in order to destroy tumor cells. The importance of
TSNA as targets for the immune system was first recognized in 2014 and 2015 in patients treated with checkpoint inhibitors by two of our co-founders, Dr. Timothy Chan and Dr. Naiyer Rizvi. Leveraging
these insights, we have built our tumor-specific immunotherapy approach on two key pillars—first, our proprietary Gritstone EDGE TM machine learning-based platform, which gives us a powerful
ability to predict from a routine tumor biopsy the TSNA that are presented on a patient’s tumor cells; and second, our ability to develop and manufacture potent immunotherapies utilizing patients’ TSNA to drive the patient’s immune
system to attack and destroy tumors. Our tumor-specific immunotherapy portfolio consists of our personalized immunotherapy product candidate, GRANITE-001, which is manufactured uniquely for each patient, and our “off-the-shelf”
immunotherapy product candidate series, SLATE, which is designed for selected subsets of patients with common tumor neoantigens. Our tumor-specific
immunotherapy has been tested pre-clinically in non-human primates, the animal model that most closely approximates human immune responses. In this model, we have
demonstrated that our immunotherapy elicits potent and sustained T cell responses against delivered antigens. Of particular note, we have shown an ability to effectively prime naïve CD8+ T cells to high levels (comparable to those seen in
responders to T cell therapies in clinical studies) against antigens that are new to the recipient’s immune system (a so-called de novo prime",THERAPEUTICS,2018-10-01,,,,2836.0,"Biological Products, (No Diagnostic Substances)",424b_filing,
"Viela Bio, Inc.",0001734517,https://www.sec.gov/Archives/edgar/data/1734517/000119312519234073/d750921ds1.htm,8/29/2019,"We are a clinical-stage biotechnology company pioneering treatments for autoimmune and severe inflammatory diseases, which we collectively refer to as
autoimmune diseases. Our approach seeks to redefine the treatment of autoimmune diseases by focusing on critical biological pathways shared across multiple indications. We believe that this approach, which targets the underlying molecular
pathogenesis of the disease, allows us to develop more precise therapies, identify patients more likely to respond to treatment and pursue multiple indications for each of our product candidates. Our lead product candidate, inebilizumab, is a humanized monoclonal antibody, or mAb, designed to target CD19, a molecule expressed on the surface of a
broad range of immune system B cells. We are initially developing inebilizumab as a first-line monotherapy for neuromyelitis optica spectrum disorder, or NMOSD, a rare, devastating condition that attacks the optic nerve, spinal cord and brain
stem, and often leads to irreversible blindness and paralysis. In January 2019, we announced positive topline data from our N-MOmentum pivotal trial, the largest trial ever completed in the disease, in a broad
patient population. We received Breakthrough Therapy Designation for inebilizumab for the treatment of this disease from the U.S. Food and Drug Administration, or FDA, in April 2019, and in August 2019, the FDA accepted for review our Biologics
License Application, or BLA, for inebilizumab. The FDA set a Prescription Drug User Fee Act, or PDUFA, date of                     . We plan to
pursue additional indications for inebilizumab and plan to initiate, pending the development of clinical study protocols and subject to regulatory feedback, a Phase 2 trial in the second half of 2019 in kidney transplant desensitization and a
pivotal trial for myasthenia gravis and a Phase 2b trial for IgG4-related disease in 2020.",THERAPEUTICS,2019-10-04,,,,2834.0,Pharmaceutical Preparations,424b_filing,
"Aeglea BioTherapeutics, Inc.",0001636282,https://www.sec.gov/Archives/edgar/data/1636282/000119312515224781/d903767ds1.htm,6/16/2015,"We are a biopharmaceutical company committed to
developing enzyme-based therapeutics in the field of amino acid metabolism that we believe will transform the lives of patients with inborn errors of metabolism and cancer. Our engineered human enzymes are designed to degrade specific amino acids in
the blood. In inborn errors of metabolism, or IEM, a subset of rare genetic metabolic diseases, we are seeking to reduce toxic levels of amino acids in patients. In oncology, we are seeking to reduce amino acid blood levels below the normal range,
where we believe we will be able to exploit the dependence of certain cancers on specific amino acids. Our lead product candidate, AEB1102, is
engineered to degrade the amino acid arginine and is being developed to treat two extremes of arginine metabolism, including arginine excess in patients with Arginase I deficiency, an IEM, as well as some cancers which have been shown to have a
metabolic dependence on arginine. Arginine is an amino acid involved in many biochemical functions in the body. AEB1102 has demonstrated the ability to reduce blood arginine levels in nonclinical studies, supporting its potential use as a treatment
of both Arginase I deficiency and cancer. In June 2015, we submitted an investigational new drug application, or IND, with the U.S. Food and Drug Administration, or FDA, for AEB1102 for Arginase I deficiency and plan to submit another IND for
AEB1102 for oncology in the second half of 2015. Also in the second half of 2015, we plan to initiate a Phase 1/2 proof-of-concept trial in patients with Arginase I deficiency, initiate Phase 1 dose escalation and expansion trials in patients with
solid tumors and, in 2016, we plan to initiate a Phase 1 dose escalation trial in hematological malignancies. We are also building a pipeline of additional product candidates targeting key amino acids and other substances formed in or necessary for
metabolism, or metabolites. These targets include the amino acid homocystine, a target for another IEM, as well as the amino acids cysteine/cystine and the amino acid methionine in oncology. Our current product candidates have been in-licensed from
the University of Texas at Austin or assigned to us from one of our founders. We retain global commercialization rights for all of our product candidates.",THERAPEUTICS,2016-04-07,,,,2834.0,Pharmaceutical Preparations,424b_filing,
Aptinyx Inc.,0001674365,https://www.sec.gov/Archives/edgar/data/1674365/000104746918004009/a2235717zs-1.htm,5/23/2018,"We
are a clinical-stage biopharmaceutical company focused on the discovery, development, and commercialization of novel, proprietary, synthetic small molecules for the treatment of brain and nervous
system disorders. We focus our efforts on targeting and modulating N-methyl-D-aspartate receptors, or NMDArs, which are vital to normal and effective function of the brain and nervous system. We
believe leveraging the therapeutic advantages of the differentiated modulatory mechanism of our compounds will drive a paradigm shift in the treatment of disorders of the brain and nervous system. We
are currently studying our first product candidate, NYX-2925, in two Phase 2 studies in chronic pain. The first is in subjects with painful diabetic peripheral neuropathy, or DPN, and the
second is in subjects with fibromyalgia. We expect to report top-line data from these studies in the first half of 2019. Our second product candidate, NYX-783, has been evaluated in Phase 1
clinical development. We intend to develop NYX-783 for the treatment of post-traumatic stress disorder, or PTSD, and plan to initiate a Phase 2 clinical study in the second half of 2018. Our
third product candidate, NYX-458, has been evaluated in IND-enabling preclinical studies and we submitted an investigational new drug, or IND, application for NYX-458 in May 2018. We intend to
develop NYX-458 for the treatment of cognitive impairment associated with Parkinson's disease.",THERAPEUTICS,2018-06-21,,,,2834.0,Pharmaceutical Preparations,424b_filing,
"Codiak BioSciences, Inc.",0001659352,https://www.sec.gov/Archives/edgar/data/1659352/000119312519125303/d702648ds1.htm,4/29/2019,"Codiak BioSciences is harnessing exosomes—natural intercellular messengers—to pioneer a new class of biologic medicines, exosome therapeutics. Exosomes are
vesicles released and taken up by all cells and convey and protect complex biologically active molecules that can alter the function of recipient cells. Since exosomes are inherently non-immunogenic, we
believe exosomes are an ideal solution for developing a broad spectrum of allogeneic therapies, or therapies derived from human cells that can be used in any patient. We have developed the engEx Platform, our proprietary and versatile exosome
engineering and manufacturing platform, to expand upon the innate properties of exosomes to design novel exosome therapeutics. We believe our engEx Platform has the potential to produce a broad pipeline of product candidates that will have a
transformative impact on the treatment of a broad spectrum of diseases with high unmet medical need, including in the areas of oncology, immune-based diseases, metabolic and fibrotic disorders, neurodegenerative disorders and rare diseases. Our
intention is to exploit this broad potential through our own efforts as well as in collaboration with strategic partners. We are focused initially on targeting immune cells with our first product candidates generated from our engEx Platform, or
engEx product candidates, which are currently in preclinical development. We plan to advance our first two engEx product candidates, exoSTING and exoIL-12, into clinical development in 2020. Exosomes facilitate intercellular communication by transmitting macromolecules between cells. They can be found in all tissues and biological fluids, and it is believed
that all cells have the capacity to make, secrete and receive exosomes. Upon contact, exosomes can change the biological functions of recipient cells either by protein-to-protein signaling at the target cell surface or according to molecular instructions contained in the interior, or lumen, of the exosome and conveyed by
cellular uptake into the cytoplasm or nucleus of the recipient cell where those molecules can engage with the appropriate signaling pathways. While various cellular targets and pathways have been identified as attractive areas for drug development,
existing therapeutic modalities have been associated with various limitations, rendering these targets and pathways essentially undruggable. These limitations include the inability to engage with sufficient potency without causing una",THERAPEUTICS,2020-10-14,,,,2836.0,"Biological Products, (No Diagnostic Substances)",424b_filing,
"Cirius Therapeutics, Inc.",0001702956,https://www.sec.gov/Archives/edgar/data/1702956/000119312519007348/d621319ds1.htm,1/11/2019,"We are a
clinical-stage pharmaceutical company focused on the development and commercialization of innovative therapies for the treatment of liver and metabolic diseases. Our lead product candidate, MSDC-0602K, is a novel, once-daily, oral small molecule
being developed to treat nonalcoholic steatohepatitis, or NASH, with fibrosis. MSDC-0602K selectively modulates the mitochondrial pyruvate carrier, or MPC, which mediates at the cellular level the effects of overnutrition, a major cause of NASH and
other metabolic disorders. We are conducting a Phase 2b clinical trial of MSDC-0602K, which we have fully enrolled with 402 patients diagnosed with NASH with fibrosis. In October 2018, we reported positive interim results from the first 328 subjects
reaching their six-month follow-up visit, which demonstrated improvements in liver enzymes and glycemic control. The overall rate of treatment emergent adverse events was similar across placebo and all dose cohorts, and we saw no signal for
peripheral edema, a safety concern associated with first generation thiazolidinediones, or TZDs. We expect to report final data from this clinical trial in the second half of 2019. NASH is the liver manifestation of metabolic syndrome, a constellation of disorders that includes insulin resistance, Type 2 diabetes and
obesity. Overnutrition is a result of excessive caloric intake, relative to energy needs, and is a major driver of metabolic syndrome leading to an unhealthy imbalance in metabolic signals. Studies have shown that the effects of overnutrition are
mediated by a newly identified mitochondrial target, the MPC. In the setting of overnutrition, an excess of pyruvate, an energy source for cells, is rapidly transported into the mitochondria of cells through the MPC, leading to the modification of
multiple downstream pathways including transcription factors. The effects of these modifications include insulin resistance, increased fat storage, decreased fat oxidation, inflammation, cell damage and fibrosis. NASH is characterized by a high
degree of liver damage and can lead to cirrhosis, hepatocellular carcinoma, liver failure and the need for liver transplant and, potentially, liver-related death. There are currently no approved therapies for the treatment of NASH.",THERAPEUTICS,2019-01-11,,,,2834.0,Pharmaceutical Preparations,s1_filing_date_proxy,
"Deciphera Pharmaceuticals, Inc.",0001654151,https://www.sec.gov/Archives/edgar/data/1654151/000119312517275379/d364141ds1.htm,9/1/2017,"Immediately prior to the
completion of this offering, we will complete a series of transactions pursuant to which Deciphera Pharmaceuticals, LLC will become a wholly owned subsidiary of Deciphera Pharmaceuticals, Inc., a newly formed Delaware corporation. See
“Conversion.” Except where the context otherwise requires or where otherwise indicated, the terms “Deciphera,” “we,” “us,” “our,” “our company,” “the company,” and “our
business” refer, prior to the Conversion discussed below, to Deciphera Pharmaceuticals, LLC and, after the Conversion, to Deciphera Pharmaceuticals, Inc. and its consolidated subsidiaries. We are
a clinical-stage biopharmaceutical company developing new drugs to improve the lives of cancer patients by addressing key mechanisms of drug resistance that limit the rate and durability of response of many cancer therapies. Our targeted, small
molecule drug candidates, designed using our proprietary kinase switch control inhibitor platform, inhibit the activation of kinases, an important family of enzymes, that, when mutated or over expressed, are known to be directly involved in the
growth and spread of many cancers. We have built a diverse pipeline of wholly owned, orally administered drug candidates that include three clinical-stage and two research-stage programs. We have designed our lead drug candidate DCC-2618 to inhibit
the full spectrum of mutant or amplified KIT and PDGFRα kinases that drive cancers such as gastrointestinal stromal tumors, or GIST. We are studying DCC-2618 in an ongoing Phase 1 trial in patients with advanced malignancies. We presented
results from the dose escalation stage of this Phase 1 trial in June 2017 at the 2017 American Society of Clinical Oncology Annual Meeting, or the 2017 ASCO Meeting, that demonstrate clinical proof-of-concept at well tolerated doses in 38 heavily
pre-treated patients with KIT- or PDGFRα-driven GIST. As presented at the 2017 ASCO Meeting, in GIST patients shown to harbor a broad range of KIT and PDGFRα mutations who received at least 100 mg of DCC-2618 daily, we observed a disease
control rate, or DCR, of 85% at eight weeks in 27 patients, 78% at 12 weeks in 23 patients and 60% at 24 weeks in 15 patients. We are also developing two other clinical-stage, small molecule drug candidates, DCC-3014 and rebastinib, as
immuno-oncology kinase, or immunokinase, switch control inhibitors targeting colony stimulating factor receptor 1, or CSF1R, and the TIE2 kinase, respectively. We currently ret",THERAPEUTICS,2017-09-28,,,,2834.0,Pharmaceutical Preparations,424b_filing,
"Jounce Therapeutics, Inc.",0001640455,https://www.sec.gov/Archives/edgar/data/1640455/000104746916017325/a2230513zs-1.htm,12/30/2016,"We are a clinical stage immunotherapy company dedicated to transforming the treatment of cancer by developing therapies that enable
the immune system to attack tumors and provide long-lasting benefits to patients. Through the use of our Translational Science Platform, we first focus on specific cell types within tumors to
prioritize targets, and then identify related biomarkers designed to match the right therapy to the right patient. Our strategy is to create immunotherapies targeting a variety of the diverse cellular
components of the immune system, as well as non-immune cells resident within the tumor, all of which can vary greatly among tumors within and across indications. This may provide benefit to patients
with tumors across the spectrum from highly inflamed, or hot, to poorly inflamed, or cold, and especially those not well served by current therapies. We believe the early identification of potential
predictive biomarkers to prospectively enrich for biomarker positive cancer patients, from across many indications, may lead to shortened development timelines for our new immunotherapies. Our
approach is designed to lead to a larger effect size by first identifying and then focusing on a smaller biomarker positive study population. Through this two-pronged approach, we believe our
Translational Science Platform enables us to effectively and efficiently identify and develop new cancer immunotherapies. Our
ability to prioritize targets and potential predictive biomarkers using our Translational Science Platform was a key component leading to our recently announced strategic collaboration with
Celgene Corporation, or Celgene. This global strategic collaboration, which included a $225.0 million upfront payment and a $36.1 million equity investment, is primarily focused on
co-developing and co-commercializing innovative biologic immunotherapy treatments for patients with cancer. Under the agreement, we granted Celgene exclusive options to develop and commercialize our
lead product candidate, JTX-2011, and up to four early-stage programs consisting of targets to be selected from a pool of certain B cell, T regulatory cell and tumor-associated macrophage targets.
Additionally, Celgene has an exclusive option to develop and commercialize our product candidate JTX-4014, which, upon exercise of such option, will be a shared program that may be used by both
parties in and outside of the collaboration. Under the terms of the agreement, if Celgene exercises all o",THERAPEUTICS,2017-01-27,,,,2836.0,"Biological Products, (No Diagnostic Substances)",424b_filing,
"Lumena Pharmaceuticals, Inc.",0001513157,https://www.sec.gov/Archives/edgar/data/1513157/000119312514128233/d668581ds1.htm,4/2/2014,"Entities affiliated with certain of our existing stockholders
and directors have indicated an interest in purchasing up to an aggregate of approximately $         million in shares of our common stock in this offering at the initial public offering price. However,
because indications of interest are not binding agreements or commitments to purchase, the underwriters could determine to sell more, less or no shares to any of these potential investors and any of these potential investors could determine to
purchase more, less or no shares in this offering. We are a biopharmaceutical company focused on the development
and commercialization of novel products for rare cholestatic liver diseases and serious metabolic disorders, such as nonalcoholic steatohepatitis, or NASH, where there is a high unmet medical need. We are developing two clinical-stage product
candidates, LUM001 and LUM002, that inhibit the apical sodium-dependent bile acid transporter, or ASBT, which is primarily responsible for recycling bile acids from the intestine to the liver. Our product candidates have the potential to treat
orphan and more prevalent liver diseases for which there currently are limited therapeutic options. Preclinical and clinical data suggest that blocking bile acid transport and reducing bile acid reabsorption with ASBT inhibitors, such as LUM001 and
LUM002, has the potential to slow disease progression, improve liver function and enhance the quality of life for patients suffering from cholestatic liver diseases and NASH.",THERAPEUTICS,2014-04-02,,,,2834.0,Pharmaceutical Preparations,s1_filing_date_proxy,
"RAPT Therapeutics, Inc.",0001673772,https://www.sec.gov/Archives/edgar/data/1673772/000119312519189775/d723949ds1.htm,7/5/2019,"We are a clinical-stage
immunology-based biopharmaceutical company focused on discovering, developing and commercializing oral small molecule therapies for patients with significant unmet needs in oncology and inflammatory diseases. Utilizing our proprietary drug discovery
and development engine, we are developing highly selective small molecules designed to modulate the critical immune responses underlying these diseases. In our first four years since inception, we have discovered and advanced two unique drug
candidates each targeting C-C motif chemokine receptor 4 (“CCR4”). Our lead oncology drug candidate, FLX475, reached the clinic in just two and a half years and we expect our lead inflammation drug
candidate, RPT193, to enter the clinic in the second half of 2019. We are also pursuing a range of targets, including general control nonderepressible 2 (“GCN2”) and hematopoietic progenitor kinase 1 (“HPK1”), that are in
the discovery stage of development. Our proprietary drug discovery and development engine has identified the cell surface receptor CCR4 as a drug target that potentially has
broad applicability in oncology and inflammatory diseases. Receptors such as CCR4 bind to chemoattractant molecules called chemokines that orchestrate migration and homing of immune cells to specific tissues throughout the body. Chemokines specific
for CCR4 are secreted from tumors and from allergically-inflamed tissues, but are not highly expressed in healthy tissues. Our approach is designed to enable selective restoration of the immune response within tumor and allergically inflamed tissues
without systemically depleting immune cells and broadly suppressing the immune system, a side effect experienced with other approaches. Each of our two unique drug candidates, FLX475 and RPT193, target CCR4 in a manner we believe is well suited for
cancer and inflammatory disease, respectively.",THERAPEUTICS,2019-11-01,,,,2834.0,Pharmaceutical Preparations,424b_filing,
"Rubius Therapeutics, Inc.",0001709401,https://www.sec.gov/Archives/edgar/data/1709401/000104746918004710/a2236053zs-1.htm,6/22/2018,"We are pioneering the development of a new class of medicines, Red Cell Therapeutics, or RCTs. Based on our vision that human red blood cells
are the foundation of the next significant innovation in medicine, we have designed a proprietary platform to genetically engineer and culture RCTs that are selective, potent and ready-to-use cellular
therapies. We believe that our RCTs will provide life-changing or life-saving benefits for patients with severe diseases across multiple therapeutic areas. We
have generated hundreds of RCTs using our highly versatile and proprietary cellular therapy platform, the Rubius Erythrocyte Design, or RED, Platform. We are utilizing our universal engineering and
manufacturing processes to advance a broad pipeline of RCT product candidates into clinical trials in rare diseases, cancer and autoimmune diseases. We plan to file an investigational new drug
application, or IND, for our first product candidate in the first quarter of 2019 and INDs for additional RCT product candidates during 2019, 2020 and thereafter. Since our founding by Flagship
Pioneering in 2013, we have raised approximately $240 million in capital and attracted a talented group of seasoned leaders to execute our strategy.",THERAPEUTICS,2018-07-18,,,,2836.0,"Biological Products, (No Diagnostic Substances)",424b_filing,
Blueprint Medicines Corp,0001597264,,,"EXTRACTION FAILED, open s1_url directly",THERAPEUTICS,2015-04-30,,,,2834.0,Pharmaceutical Preparations,424b_filing,
"Dova Pharmaceuticals, Inc.",0001685071,https://www.sec.gov/Archives/edgar/data/1685071/000104746917003801/a2232291zs-1.htm,6/2/2017,"We are a pharmaceutical company focused on acquiring, developing and commercializing drug candidates for diseases that are treated by
specialist physicians, with an initial focus on addressing thrombocytopenia, a disorder characterized by a low blood platelet count. Our drug candidate, avatrombopag, which we acquired from
Eisai, Inc., or Eisai, in March 2016, is an orally administered thrombopoietin receptor agonist, or TPO-RA, that we are developing for the treatment of thrombocytopenia. We have recently
completed two identically designed pivotal Phase 3 clinical trials that evaluated avatrombopag for the treatment of thrombocytopenia in patients with chronic liver disease, or CLD, undergoing
non-emergent minimally to moderately invasive medical procedures. Avatrombopag met the primary and secondary endpoints in each of these clinical trials with high statistical significance. Based on
these results, a new drug application, or NDA, is planned for submission to the U.S. Food and Drug Administration, or FDA, for this initial indication in the third quarter of 2017. We
believe that avatrombopag's efficacy and safety profile in combination with its convenient oral dosing could provide advantages over other treatments for patients with thrombocytopenia. We believe
avatrombopag's pharmacokinetic, or PK, profile and pharmacodynamic, or PD, profile as well as its metabolic characteristics are the core attributes that differentiate it from the currently marketed
TPO-RAs and make it a compelling treatment option for patients with thrombocytopenia. To date, avatrombopag has been evaluated in more than 20 clinical trials involving more than 1,100 subjects and
has been observed to
be generally well tolerated. We believe that avatrombopag may, therefore, have the potential to be used more broadly for patients with thrombocytopenia, including patients without CLD, and we are
exploring regulatory and clinical development strategies that would support this expanded use.",THERAPEUTICS,2017-06-30,,,,2834.0,Pharmaceutical Preparations,424b_filing,
"Inpellis, Inc.",0001638851,https://www.sec.gov/Archives/edgar/data/1638851/000119312515373784/d901076ds1.htm,11/12/2015,"Inpellis is a specialty
pharmaceutical company developing transdermal product candidates for treating pain resulting from musculoskeletal disorders and peripheral neuropathy. Inpellis has acquired from BioChemics, Inc. (“BioChemics”) full or joint ownership of
transdermal formulations which utilize the endel ™ (vasoactive lipid encapsulated) transdermal drug delivery system for non-dermal pain, and to patents, patent applications, and know how
related to the transdermal delivery system. Our goal is to apply this transdermal technology to provide rapid, safe and effective absorption of drugs for pain relief—through the skin—to the target tissues. endel transdermal technology employs a transdermal delivery system that combines vasodilators, permeation enhancers, and active ingredients.
Transdermal delivery has the potential to provide increased concentrations of the specified drug to target tissues, and avoid some of the acknowledged limitations of oral formulations including absorption, gastric issues, drug distribution, high
serum concentrations and/or first-pass hepatic metabolism. endel technology also provides the potential to effectively transport molecules that were previously difficult to deliver transdermally. In addition, transdermal delivery, depending on the
specific molecule, may result in increased safety, efficacy and/or convenience. The potential for mitigated development risk exists if the drugs that are selected for development are eligible for the streamlined 505(b)(2) regulatory-development
pathway. 505(b)(2) provides an abbreviated regulatory path to US Food and Drug Administration or FDA approval for new or improved formulations, or new uses of previously approved products, by enabling an applicant to rely, in part, on the FDA’s
findings of safety and efficacy for an existing product, or published literature, in support of the New Drug Application or NDA, translating into decreased regulatory costs and time to market. We believe the transdermal ibuprofen product we have in
development, as described further below, may be eligible for the 505(b)(2) pathway, but until we formally seek to use 505(b)(2) we cannot be certain that it will be available to us.",THERAPEUTICS,2015-11-12,,,,2834.0,Pharmaceutical Preparations,s1_filing_date_proxy,
SteadyMed Ltd.,0001619087,https://www.sec.gov/Archives/edgar/data/1619087/000104746915000653/a2222892zs-1.htm,2/6/2015,"We are a specialty pharmaceutical company focused on the development and commercialization of therapeutic product candidates that
address the limitations of market-leading products in certain orphan and other well-defined, high-margin specialty markets. Orphan markets involve rare diseases or conditions and, in the United
States, orphan drug designation may be available for a drug intended to treat a rare disease that affects fewer than 200,000 individuals in the United States. Our
primary focus is to obtain approval for the sale of Trevyent® for the treatment of pulmonary arterial hypertension, or PAH. We are also developing two product candidates
for the treatment of post-surgical and acute pain in the home setting. Our product candidates are enabled by our proprietary PatchPump®, which is a discreet, water-resistant and disposable
drug administration technology that is aseptically pre-filled with liquid drug at the site of manufacture and pre-programmed to deliver an accurate, steady flow of drug to a patient, either
subcutaneously or intravenously.",THERAPEUTICS,2015-03-20,,,,2834.0,Pharmaceutical Preparations,424b_filing,
"Dermira, Inc.",0001557883,https://www.sec.gov/Archives/edgar/data/1557883/000104746914007229/a2221236zs-1.htm,8/27/2014,"This is an initial public offering of shares of our common stock. We are
selling                        shares of common stock in this offering. We
currently expect the initial public offering price to be between $            and $            per share of common stock.
Concurrently with the closing of this offering, entities affiliated
with UCB Pharma S.A. will purchase from us in a private placement                        shares of our common stock with an
aggregate purchase price of approximately $7.5 million, at a price
per share equal to the initial public offering price. We are a specialty biopharmaceutical company focused on bringing innovative and differentiated medical dermatology products to
dermatologists and their patients. Our management team has extensive experience in product development and commercialization, having served in leadership roles at several leading dermatology
companies. Our strategy is to leverage this experience to in-license, acquire, develop and commercialize products that we believe can be successful in the dermatology marketplace. Our portfolio of
five product candidates targets significant market opportunities and includes three late-stage product candidates, Cimzia (certolizumab pegol), which we are developing in collaboration with UCB
Pharma S.A. for the treatment of moderate-to-severe plaque psoriasis, DRM04, which we are developing for the treatment of hyperhidrosis, or excessive sweating, and DRM01, which we are
developing for the treatment of acne.",THERAPEUTICS,2014-10-03,,,,2834.0,Pharmaceutical Preparations,424b_filing,
"Cidara Therapeutics, Inc.",0001610618,https://www.sec.gov/Archives/edgar/data/1610618/000119312515091277/d843130ds1.htm,3/13/2015,"We are a biotechnology company focused on the discovery, development and commercialization of novel anti-infectives for the treatment of diseases that are inadequately
addressed by current standard of care therapies. Our initial proprietary product candidates are formulations of our novel compound, CD101, for the treatment of serious fungal infections. CD101 is an echinocandin—a proven class of antifungals.
Our first product candidate is CD101 intravenous, formerly biafungin, a potential once-weekly intravenous, or IV, therapy being developed for the treatment and prevention of systemic fungal infections. Our second product candidate, CD101 topical,
formerly topifungin, is a topical formulation of CD101 for the treatment of vulvovaginal candidiasis, or VVC, a prevalent mucosal infection. CD101 topical is the first topical application of the echinocandin class of antifungals. In addition, we
have developed a proprietary immunotherapy technology platform, Cloudbreak TM , which we use to create compounds designed to direct a patient’s immune cells to attack and eliminate pathogens
that cause infectious disease. We are developing our first Cloudbreak development candidate, C001, for the treatment of invasive aspergillosis, an infection caused by the fungal pathogen, Aspergillus . We are also evaluating additional
opportunities to expand our Cloudbreak immunotherapy platform to other areas of infectious disease. We estimate that the worldwide annual sales of prescription systemic antifungals are approximately $3.7 billion. This includes therapies used as
prophylaxis (preventive) in the outpatient setting, therapies used for the treatment of hospitalized patients, and therapies used for the treatment of patients who are being discharged from the hospital. The majority of hospital infections are
caused by two fungi, Candida and Aspergillus . These fungi are responsible for over 90% of the approximately 97,000 annual deaths in the United States that we estimate are associated with fungal infections. Physicians’ options for
the treatment of fungal infections are limited by a lack of innovative therapies. The last new class of antifungals introduced into the market was launched in 2001.",THERAPEUTICS,2015-04-15,,,,2836.0,"Biological Products, (No Diagnostic Substances)",424b_filing,
"resTORbio, Inc.",0001720580,https://www.sec.gov/Archives/edgar/data/1720580/000119312517383712/d475892ds1.htm,12/29/2017,"We are a clinical-stage
biopharmaceutical company focused on the development and commercialization of novel therapeutics for the treatment of aging-related diseases. Our lead program has demonstrated in several clinical trials, including a randomized, placebo-controlled
trial, the potential to treat multiple diseases of aging for which there are no approved therapies. The decline in immune function that occurs during aging, or immunosenescence, increases susceptibility to a variety of diseases, including
respiratory tract infections, or RTIs, that significantly contribute to morbidity and mortality in the elderly. Our approach focuses on the mechanistic target of rapamycin, or mTOR, pathway, an evolutionarily conserved pathway that regulates aging,
and specifically on selective inhibition of the target of rapamycin complex 1, or TORC1. Our initial focus is on the development of RTB101, an orally administered, small molecule, potent TORC1 inhibitor, alone and in combination with other mTOR
inhibitors such as everolimus—as a first-in-class immunotherapy program designed to improve immune function and thereby reduce the incidence of RTIs in the elderly
regardless of the causative pathogen. We licensed the worldwide rights to our TORC1 program, including RTB101 alone or in combination with everolimus or other mTOR inhibitors, from Novartis International Pharmaceutical Ltd., or Novartis, in March
2017. Our TORC1 immunotherapy approach is supported by a randomized, placebo-controlled Phase 2a clinical trial in 264 elderly subjects
that provided statistically significant and clinically meaningful results. This trial demonstrated that treatment with RTB101 alone and in combination with everolimus can enhance the ability of the aging immune system to fight infectious pathogens
and consequently reduce the incidence of all infections, including RTIs in elderly subjects. Six weeks of treatment with RTB101 alone and in combination with everolimus met a prespecified endpoint of reducing the incidence of infections by 33% and
38%, respectively, during a period of one year following initiation of therapy. We are evaluating RTB101 alone and in combination with everolimus in a Phase 2b clinical trial for the reduction in the incidence of RTIs in the elderly and expect to
report top-line data from this trial in the second half of 2018.",THERAPEUTICS,2018-01-29,,,,2834.0,Pharmaceutical Preparations,424b_filing,
"Aimmune Therapeutics, Inc.",0001631650,https://www.sec.gov/Archives/edgar/data/1631650/000119312515245362/d932346ds1.htm,7/6/2015,"We are a clinical-stage biopharmaceutical company advancing a new therapeutic approach, including the development of proprietary
product candidates, for the treatment of peanut and other food allergies. It is estimated that over 30 million people in the United States and Europe have a food allergy, with peanut allergy being the most prevalent and most commonly associated
with severe outcomes and life-threatening events. Our therapeutic approach, which we refer to as Characterized Oral Desensitization Immunotherapy, or CODIT, is a system designed to desensitize patients to food allergens using rigorously
characterized biologic products, defined treatment protocols and tailored support services. In ARC001, our recently completed Phase 2 study of our lead CODIT product candidate, AR101, all of the 23 patients who completed the AR101 treatment regimen
were desensitized to a clinically meaningful level of peanut protein of at least 443 mg, a level that substantially exceeds the amount of peanut protein typically encountered in an accidental exposure, which we believe to be approximately
100 mg or less. We intend to initiate a Phase 3 registration trial of AR101 in early 2016 and Phase 2 studies of other CODIT product candidates for two additional food allergies in 2016. AR101 has been granted Fast-Track designation
and Breakthrough Therapy designation by the U.S. Food and Drug Administration, or FDA, and, if our planned Phase 3 program is successful, we intend to file a Biologics License Application with the FDA and a Marketing Authorization Application with
the European Medicines Agency. We have worldwide commercial rights to all of our product candidates and, if approved, intend to commercialize in the United States and Europe with our own specialty sales force. Food allergies are a severe and growing health problem in the United States, Europe and throughout the developed world. Peanut is the most
common food allergy, and we estimate that there are over five million people in the United States and Europe with peanut allergy, including over two million children. The prevalence of peanut allergy in children in the United States is
estimated to have increased at a constant annual growth rate of approximately 10% between 1997 and 2008, and experts believe it has continued to rise since 2008. Food-related allergic reactions are estimated to result in approximately 200,000
emergency room visits and over 10,000 hospital admissions each year in the United States.",THERAPEUTICS,2015-08-06,,,,2834.0,Pharmaceutical Preparations,424b_filing,
"Harpoon Therapeutics, Inc.",0001708493,https://www.sec.gov/Archives/edgar/data/1708493/000119312518359160/d630873ds1.htm,12/27/2018,"We are a
clinical-stage immunotherapy company developing a novel class of T cell engagers that harness the power of the body’s immune system to treat patients suffering from cancer and other diseases. T cell engagers are engineered proteins that direct
a patient’s own T cells to kill target cells that express specific proteins, or antigens, carried by the target cells. Using our proprietary Tri-specific T cell Activating Construct, or TriTAC, platform,
we are developing a pipeline of novel T cell engagers, or TriTACs, initially focused on the treatment of solid tumors and hematologic malignancies. Since commencing operations in 2015, we have created four TriTAC product candidates, and we expect to
have four TriTACs in clinical development by the end of 2020. Our lead TriTAC product candidate, HPN424, is currently in a Phase 1 clinical trial for the treatment of metastatic castration-resistant prostate cancer, or mCRPC, from which we expect to
provide preliminary data in 2019. Our second TriTAC product candidate, HPN536, is expected to enter clinical development in the first half of 2019 for the treatment of ovarian cancer and other mesothelin, or MSLN, expressing solid tumors. Our TriTACs are designed to advance the therapeutic potential of T cell engagers, an established and meaningful mechanism of action. The first
approved bispecific T cell engager, or BiTE, Amgen’s Blincyto, was approved in 2014 as a monotherapy for the treatment of acute lymphoblastic leukemia, and other BiTEs have since shown promising therapeutic potential in clinical trials. With
our proprietary TriTAC platform, we set out to design a T cell engager that incorporates the strengths of BiTEs and improves upon their critical shortcomings. We believe our TriTAC platform offers the following features for the discovery and
development of novel immunotherapies for the treatment of a wide array of diseases, including cancer:",THERAPEUTICS,2019-02-08,,,,2836.0,"Biological Products, (No Diagnostic Substances)",424b_filing,
Nexvet Biopharma plc,0001618561,https://www.sec.gov/Archives/edgar/data/1618561/000119312514457127/d775834ds1.htm,12/30/2014,"We are a clinical-stage biopharmaceutical company focused on transforming the therapeutic market for companion animals by developing and
commercializing novel, species-specific biologics based on human biologics. Biologics are therapeutic proteins derived from biological sources. As a class, biologics have transformed human medicine in recent decades and represent some of the
top-selling therapies on the market today. Our proprietary platform, which we refer to as “PETization,” is an algorithmic approach that enables us to rapidly create monoclonal antibodies that are designed to be recognized as
“self” or “native” by an animal’s immune system, a property we refer to as “100% species-specificity.” PETization is also designed to build upon the safety and efficacy data from clinically tested human therapies
to create new therapies for companion animals, thereby reducing clinical risk and development cost. Biologics generally include
monoclonal antibodies, or mAbs, which are targeted antibodies derived from identical, or clonal, cells, and fusion proteins, which are proteins created by joining two or more genes coded for separate proteins. Our first product candidate, NV-01, is a mAb that is a nerve growth factor, or NGF, inhibitor for the control of pain associated with osteoarthritis in dogs. NGF is a protein involved in growing and maintaining neural pathways and in neural
signaling, including pain signals. NGF inhibitors seek to interrupt those signals to reduce pain. Our second product candidate, NV-02, is a mAb that is an NGF inhibitor for the control of pain associated with
degenerative joint disease in cats. We expect data from our pivotal safety and efficacy studies for NV-01 by the end of 2015 and for NV-02 in 2016. Our third product
candidate, NV-08, is a fusion protein that is a tumor necrosis factor, or TNF, inhibitor for the treatment of chronic inflammatory diseases, including atopic dermatitis, in dogs. TNF is a protein that causes
inflammation, and TNF inhibitors suppress this inflammation. If our proof-of-concept safety and efficacy studies for NV-08 are successful, we will progress this product into formal development. In addition,
using PETization, we are seeking to advance one new product candidate into development per year, commencing in the second half of 2015.",THERAPEUTICS,2015-02-05,,,,2834.0,Pharmaceutical Preparations,424b_filing,
"Neon Therapeutics, Inc.",0001694187,https://www.sec.gov/Archives/edgar/data/1694187/000104746918004205/a2235870zs-1.htm,5/31/2018,"We are a clinical-stage immuno-oncology company and a leader in the field of neoantigen-targeted therapies, dedicated to transforming the
treatment of cancer by directing the immune system towards neoantigens. Genetic mutations, which are a hallmark of cancer, can result in specific immune targets called neoantigens. The presence of
neoantigens in cancer cells and their absence in normal cells makes them compelling, untapped targets for cancer therapy. By directing the immune system towards these targets, we believe our
neoantigen-targeted therapies will offer a new level of patient and tumor specificity in the field of cancer immunotherapy that will drive a strong risk-benefit profile to dramatically improve patient
outcomes. Our
ambition is to lead a paradigm shift in the treatment of cancer patients towards an era of truly personal immuno-oncology therapies. Our founders have done pioneering work in
immuno-oncology, including work that resulted in a class of immunotherapy known as checkpoint inhibitors, which aim to reactivate the immune system to kill cancer cells. Checkpoint inhibitors have
demonstrated potent efficacy in cancers with higher rates of genetic mutations, or mutational burden, which provide a greater diversity of neoantigen targets. However, even in these tumor types, the
majority of patients do not respond to treatment. Our development strategy leverages multiple neoantigen modalities, including vaccines and T cell therapies, to maximize the potential reach of our
therapies. By directing the immune system against neoantigen targets, our vaccines have the potential to improve patient outcomes across both checkpoint-responsive and unresponsive disease, and our T
cell therapies have the potential to unlock the potency of cell therapies in solid tumors.",THERAPEUTICS,2018-06-28,,,,2836.0,"Biological Products, (No Diagnostic Substances)",424b_filing,
Myovant Sciences Ltd.,0001679082,https://www.sec.gov/Archives/edgar/data/1679082/000119312516727309/d221801ds1.htm,9/30/2016,"We are a clinical-stage biopharmaceutical company focused on
developing and commercializing innovative therapies for women’s health diseases and other endocrine-related disorders. Our lead product candidate is relugolix, an oral, once-daily, small molecule that acts as a gonadotropin-releasing hormone,
or GnRH, receptor antagonist. We are advancing relugolix for the treatment of heavy menstrual bleeding associated with uterine fibroids, endometriosis-associated pain and advanced prostate cancer. Relugolix has been evaluated in over 1,300 subjects to date,
in Phase 1 and multiple large, randomized Phase 2 clinical trials, some of which are ongoing. These trials have produced favorable results in each indication. In these trials, relugolix was shown to be generally well tolerated and to successfully
suppress estrogen and progesterone levels in women and testosterone levels in men. The suppression of estrogen and progesterone levels in women has been shown to effectively treat the symptoms of uterine fibroids and endometriosis, and the
suppression of testosterone levels in men has been shown to effectively treat advanced prostate cancer.",THERAPEUTICS,2016-10-27,,,,2834.0,Pharmaceutical Preparations,424b_filing,
"Satsuma Pharmaceuticals, Inc.",0001692830,https://www.sec.gov/Archives/edgar/data/1692830/000119312519223576/d764780ds1.htm,8/16/2019,"We are a
clinical-stage biopharmaceutical company developing a novel therapeutic product for the acute treatment of migraine. Our product candidate, STS101, is a drug-device combination of a proprietary dry-powder formulation of dihydroergotamine mesylate, or DHE, which can be quickly and easily self-administered with a proprietary pre-filled, single-use, nasal delivery device.
DHE products have long been recommended as a first-line therapeutic option for the acute treatment of migraine and have significant advantages over other therapeutics for many patients. However, broad use has been limited by invasive and burdensome
administration and/or sub-optimal clinical performance of available injectable and liquid nasal spray products. STS101 is specifically designed to deliver the advantages of DHE while overcoming these
shortcomings. We have completed a Phase 1 clinical trial in 42 healthy volunteers, in which STS101 demonstrated rapid and sustained DHE plasma concentrations, low pharmacokinetic variability, and a favorable safety and tolerability profile. In July
2019, we initiated our Phase 3 EMERGE efficacy trial of STS101 and expect to report topline data in the second half of 2020. Migraine is
a chronic and debilitating neurological disorder characterized by attacks of often severe headache and accompanying neurological symptoms lasting four to 72 hours. Based on reported prevalence data, approximately 39 million individuals in the
United States and over 100 million individuals in Europe suffer from migraine. Migraine is most prevalent among adults ages 18 to 44 and disproportionately affects women over men on a three-to-one basis. It has been estimated that migraine results in up to $36 billion in healthcare and lost productivity costs and up to 157 million lost
workdays annually in the United States. Despite its high prevalence and burden, migraine remains a highly underdiagnosed and undertreated illness due to lack of awareness, stigma and the inherent limitations of currently available therapies.",THERAPEUTICS,2019-09-13,,,,2834.0,Pharmaceutical Preparations,424b_filing,
"bluebird bio, Inc.",0001293971,,,"EXTRACTION FAILED, open s1_url directly",THERAPEUTICS,2013-06-24,,,,2836.0,"Biological Products, (No Diagnostic Substances)",manual_verified,
"Menlo Therapeutics, Inc.",0001566044,https://www.sec.gov/Archives/edgar/data/1566044/000162828017012730/menlos-1.htm,12/28/2017,"We expect that the initial public offering price will be between $        and $        per share. Currently, no public market exists for our common stock. We have applied to have our common stock approved for listing on the Nasdaq Global Market under the symbol “MNLO.” Delivery of the shares of common stock is expected to be made on or about        , 2018 through the book-entry facilities of The Depository Trust Company. We have granted the underwriters an option for a period of 30 days to purchase up to an additional         shares of our common stock. If the underwriters exercise the option in full, the total underwriting discounts and commissions payable by us will be $       , and the total proceeds to us, before estimated expenses, will be $       .",THERAPEUTICS,2018-01-26,,,,2834.0,Pharmaceutical Preparations,424b_filing,
"Oyster Point Pharma, Inc.",0001720725,https://www.sec.gov/Archives/edgar/data/1720725/000119312519262771/d637051ds1.htm,10/4/2019,"We are a clinical stage
biopharmaceutical company focused on the discovery, development and commercialization of first-in-class pharmaceutical therapies to treat ocular surface diseases. Our
lead product candidate OC-01 (varenicline), a highly selective nicotinic acetylcholine receptor (nAChR) agonist, is being developed as a nasal spray to treat the signs and symptoms of dry eye disease (DED). OC-01’s novel mechanism of action is designed to re-establish tear film homeostasis by activating the trigeminal parasympathetic pathway and stimulating the glands and
cells responsible for natural tear film production. In our Phase 2b clinical trial (ONSET-1) in 182 subjects, OC-01 demonstrated statistically significant improvements
(as compared to placebo) in both signs and symptoms of DED in a single registrational clinical trial—we are not aware of any other therapy that has accomplished this in a single registrational clinical trial. Based on OC-01’s clinical trial results, and its rapid onset of action, we believe OC-01, if approved, has the potential to become the new standard of care and redefine how DED is
treated for millions of patients. We initiated a Phase 3 clinical trial (ONSET-2) in July 2019 and expect to report top-line results in mid-2020. Based on the results
from this second registrational trial, we plan to submit a New Drug Application (NDA) to the U.S. Food and Drug Administration (FDA) in the second half of 2020. We believe that targeting the parasympathetic nervous system through the use of locally
administered cholinergic agonists has the potential to treat a wide range of diseases and disorders. We have identified several indications, including several outside of ophthalmology, where we believe this approach could provide a meaningful
benefit to patients. DED is a multifactorial chronic disease of the ocular surface characterized by the loss of tear film homeostasis,
resulting in pain, visual impairment, tear film hyperosmolarity and instability, inflammation and corneal wounding. More than 340 million adults globally and approximately 34 million adults in the United States are estimated to suffer from
DED. In the United States, DED is most commonly treated with a variety of over-the-counter eye drops, often referred to as “artificial tears,” and three FDA-approved prescription eye drop therapies: Restasis, Xiidra and Cequa. Artificial tears are intended to supplement insufficient tear production or improve tear film instability, but are p",THERAPEUTICS,2019-10-31,,,,2836.0,"Biological Products, (No Diagnostic Substances)",424b_filing,
"Kaleido Biosciences, Inc.",0001751299,https://www.sec.gov/Archives/edgar/data/1751299/000119312519007301/d624275ds1.htm,1/11/2019,"“Non-IND human clinical studies” is used to refer to clinical studies conducted in humans with our
product candidates under regulations supporting research with food (prior to electing whether to develop a product candidate as a drug or a non-drug, and prior to filing an IND for such a product candidate). We have determined that our initial
product candidates are safe for non-IND human clinical studies based on initial safety assessments conducted by qualified experts from third-party scientific consulting organizations and because they are related to a class of compounds that is
“Generally Recognized as Safe,” or GRAS, based on their history of safe human exposure when utilized for particular uses as food substances. This regulatory class of food substances does not need to be evaluated by the U.S. Food and
Drug Administration’s, or FDA’s, Office of Food Additive Safety prior to human use in food safety and tolerability studies. Our determination that our initial product candidates are safe for non-IND human clinical studies applies in the
context of food, unless it is considered by the FDA as acceptable to support safety used in the context of an IND and future approval. We are a clinical-stage healthcare company with a differentiated, chemistry-driven approach focused on leveraging the potential of the microbiome organ
to treat disease and improve human health. We have built a human-centric proprietary product platform for discovery and development that we believe will enable the rapid advancement of a broad portfolio of novel product candidates into non-IND human
clinical studies under regulations supporting research with food. Our product candidates are Microbiome Metabolic Therapies, or MMTs, which are designed to modulate the metabolic output and profile of the microbiome by driving the function and
distribution of the organ’s existing microbes. We have an industrialized approach to the discovery and development of MMTs, and our initial MMTs are targeted glycans. Each targeted glycan is an ensemble of complex carbohydrates that is intended
to modulate microbial metabolism to drive a specific biological response. We believe our MMTs have the potential to be novel treatments across a variety of diseases and conditions.",THERAPEUTICS,2019-03-01,,,,2836.0,"Biological Products, (No Diagnostic Substances)",424b_filing,
Applied Therapeutics Inc.,0001697532,https://www.sec.gov/Archives/edgar/data/1697532/000104746919002204/a2238428zs-1.htm,4/12/2019,"We are a clinical-stage biopharmaceutical company developing a pipeline of novel product candidates against validated molecular targets in
indications of high unmet medical need. We focus on molecules and pathways whose role in the disease process is well known based on prior research, but have previously failed to yield successful
products due to poor efficacy and tolerability. Our unique approach to drug development leverages recent technological advances to design improved drugs, employs early use of biomarkers to confirm
biological activity and focuses on abbreviated regulatory pathways. We develop product candidates with increased potency and selectivity by leveraging recent technological advances in high throughput
crystallography and in situ structural design. Our strategy is also informed by early use of biomarkers to confirm biological activity and target engagement. The result of this unique multifaceted
approach to drug development is a portfolio of highly specific and selective product candidates that we believe are significantly de-risked and can move quickly through the development process. Our
first molecular target is aldose reductase, or AR, the first enzyme and rate-limiting step in the polyol pathway, an alternative glucose metabolism pathway. AR is a redox-regulated
enzyme that is activated by an altered redox state within the cell, such as oxidative stress, which occurs during hyperglycemia and ischemia. AR activity produces excess sorbitol, which causes osmotic
dysregulation within cells and tissues, and is implicated in multiple diseases. The detrimental consequences of aberrent AR activation include broad effects, such as mitochondrial dysfunction and cell
death, as well as tissue-specific changes, such as neuronal degeneration in peripheral nerves, collagen crosslinking and fibrosis in cardiac tissue, and damage to blood vessels in the lens of the eye.
Prior attempts to inhibit this enzyme were hindered by nonselective, nonspecific inhibition, which resulted in limited efficacy and significant off-target safety effects. Our AR inhibitor, or ARI,
program currently includes three small molecules, which are all designed to be potent and selective ARIs, and are engineered to have unique tissue permeability profiles to target different disease
states, including diabetic complications, heart disease and a rare pediatric metabolic disease.",THERAPEUTICS,2019-05-14,,,,2834.0,Pharmaceutical Preparations,424b_filing,
"Dimension Therapeutics, Inc.",0001592288,https://www.sec.gov/Archives/edgar/data/1592288/000104746915007279/a2225919zs-1.htm,9/14/2015,"We are a leading gene therapy platform company focused on discovering and developing new therapeutic products for people living with
rare diseases associated with the liver and caused by genetic mutations. Our initial programs address hemophilia B, hemophilia A, ornithine transcarbamylase, or OTC, deficiency, and glycogen storage
disease type Ia, or GSDIa. In August 2015, we submitted an Investigational New Drug application, or IND, with the U.S. Food and Drug Administration, or FDA, for our lead product candidate, DTX101 for
the treatment of hemophilia B. In September 2015, we received notification allowing us to proceed with our Phase I/II clinical trial of DTX101. DTX101 was also granted Orphan Drug
Designation in the United States in August 2015 and Fast Track Designation in September 2015 for the treatment of hemophilia B. We plan to initiate clinical trials for DTX101 by the end of
2015. We retain the global rights to all of our programs, with the exception of our hemophilia A program, which is partnered with Bayer HealthCare LLC, or Bayer. We
have developed a robust scientific platform that brings together deep expertise in rare genetic diseases, liver biology, adeno-associated virus, or AAV, gene therapy and vector
manufacturing. We believe that by leveraging the expertise created by our platform we will be able to accelerate the research and development of our pipeline of programs while continuing to discover
and develop the next generation of products in this field. We have made and continue to make significant investments in order to develop manufacturing processes designed to reliably produce high
quality AAV vectors at commercial scale. We believe that our manufacturing processes, methods and expertise will ultimately give us the most comprehensive manufacturing platform developed to date for
AAV-based gene therapy product candidates.",THERAPEUTICS,2015-10-22,,,,2836.0,"Biological Products, (No Diagnostic Substances)",424b_filing,
"Homology Medicines, Inc.",0001661998,https://www.sec.gov/Archives/edgar/data/1661998/000119312518068882/d503245ds1.htm,3/2/2018,"We are a genetic medicines company dedicated to transforming the lives of patients suffering from rare genetic diseases with significant unmet
medical needs by curing the underlying cause of the disease. Our proprietary platform is designed to utilize our human hematopoietic stem cell derived adeno-associated virus vectors, or AAVHSCs, to precisely and efficiently deliver genetic medicines in vivo either through a gene therapy or nuclease-free gene editing modality across a broad range of genetic disorders. The unique properties of our proprietary suite of 15 novel AAVHSCs enable us to focus on a method of gene editing called
gene correction, either through the replacement of an entire diseased gene in the genome with a whole functional copy or the precise repair of individual mutated nucleotides, by harnessing the naturally occurring deoxyribonucleic acid, or DNA,
repair process of homologous recombination, or HR. We believe our HR-driven gene editing approach will allow us to efficiently perform gene correction at therapeutic levels without unwanted on- and off-target modifications, and to directly measure and confirm those modifications in an unbiased manner to ensure only the intended changes are made. By utilizing a
natural mechanism of correcting gene defects, we also avoid the need for exogenous nucleases, or bacteria-derived enzymes used in other gene editing approaches to cut DNA, which are known to significantly increase the risk of unwanted modifications.
Our diverse set of AAVHSCs allows us to precisely target, via a single intravenous injection, a wide range of disease-relevant tissues, including the liver, central nervous system, or CNS, bone marrow, lung, muscle and eye, across both
modalities—gene editing and gene therapy. We believe these advantages will potentially allow us to safely provide transformative cures using either modality. We have generated compelling preclinical data for our first and lead product candidate, HMI-102, a
gene therapy for the treatment of phenylketonuria, or PKU, and are advancing HMI-102 into a Phase 1/2 clinical trial. We expect to initiate the Phase 1/2 trial in PKU patients and to receive initial
clinical data in 2019. We continue to advance our gene editing modality and have generated in vivo preclinical data showing gene correction efficiencies that are significantly greater than both nuclease-based and other adeno-associated virus,
or AAV, based approaches. We expect to nominate a lead gene editing produc",THERAPEUTICS,2018-03-29,,,,2834.0,Pharmaceutical Preparations,424b_filing,
"Akero Therapeutics, Inc.",0001744659,https://www.sec.gov/Archives/edgar/data/1744659/000104746919003314/a2238823zs-1.htm,5/24/2019,"We are a clinical-stage biotechnology company focused on developing and commercializing transformative treatments for serious metabolic
diseases with high unmet medical need. Our initial focus is nonalcoholic steatohepatitis, or NASH, a disease without any approved therapies. NASH is a severe form of nonalcoholic fatty liver disease,
or NAFLD, characterized by inflammation and fibrosis in the liver that can progress to cirrhosis, liver failure, cancer and death. NASH is a leading cause for liver transplantation. Our lead product
candidate, AKR-001, which we are developing as a potential treatment for patients with NASH, is an analog of fibroblast growth factor 21, or FGF21. FGF21 is an endogenously-expressed hormone that
regulates metabolism of lipids, carbohydrates and proteins throughout the body. FGF21 also plays a critical role in protecting many types of cells from various forms of stress. FGF21 analogs have
shown evidence of therapeutic benefit in clinical trials of patients with NASH, many of whom are dyslipidemic and insulin resistant. In previous clinical trials in patients with type 2
diabetes, or T2D, administration of AKR-001 was associated with substantial improvements in lipid metabolism and insulin sensitivity. On May 24, 2019, the U.S. Food and Drug Administration, or
FDA, Division of Gastroenterology and Inborn Errors Products cleared our Investigational New Drug application, or IND, to conduct a Phase 2a clinical trial evaluating AKR-001 in the treatment
of NASH patients. We plan to begin screening patients in our Phase 2a clinical trial in May 2019. NASH
is primarily driven by chronic excess caloric intake, which results in people becoming overweight and obese. Nearly half of NASH patients have T2D and nearly three-quarters have metabolic
syndrome. The underlying insulin resistance among these patients contributes to accumulation of excess fat in the liver, which leads to stress on hepatocytes. This cellular stress triggers localized
inflammation and can ultimately
lead to fibrosis and scarring in the liver, or cirrhosis. As NASH progresses, cardiovascular-related morbidity and mortality also increase. The most frequent cause of death in patients with NASH is
cardiovascular disease.",THERAPEUTICS,2019-06-20,,,,2834.0,Pharmaceutical Preparations,424b_filing,
"Allena Pharmaceuticals, Inc.",0001624658,https://www.sec.gov/Archives/edgar/data/1624658/000119312517305872/d431688ds1.htm,10/6/2017,"We are a late-stage clinical
biopharmaceutical company dedicated to developing and commercializing first-in-class, oral enzyme therapeutics to treat patients with rare and severe metabolic and kidney disorders. We are focused on metabolic disorders that result in excess
accumulation of certain metabolites, such as oxalate and urate, that can cause kidney stones, damage the kidney, and potentially lead to chronic kidney disease, or CKD, and end-stage renal disease. Our lead product candidate, ALLN-177, is a
first-in-class, oral enzyme therapeutic that we are developing for the treatment of hyperoxaluria, a metabolic disorder characterized by markedly elevated urinary oxalate levels and commonly associated with kidney stones, CKD and other serious
kidney diseases. There are currently no approved therapies for the treatment of hyperoxaluria. We have conducted a robust clinical development program of ALLN-177, including three Phase 2 clinical trials, and we expect to initiate the first of two
planned pivotal Phase 3 clinical trials for ALLN-177 in the first quarter of 2018, with topline data anticipated in the second half of 2019. Using our proprietary technological approach, we developed ALLN-177, a crystalline formulation of the enzyme oxalate decarboxylase, to
specifically degrade oxalate within the GI tract, allowing for its removal from the body through the bowel. This mechanism of action reduces the accumulation of oxalate in the body and therefore limits the burden on the kidney to filter and then
excrete it in the urine. The data from our clinical trials and numerous academic studies suggest the potential for GI elimination of oxalate to reduce the chronic disease burden on the kidney and other organ systems.",THERAPEUTICS,2017-11-02,,,,2836.0,"Biological Products, (No Diagnostic Substances)",424b_filing,
"Audentes Therapeutics, Inc.",0001628738,https://www.sec.gov/Archives/edgar/data/1628738/000119312516419797/d892618ds1.htm,1/4/2016,"We are a biotechnology company
focused on developing and commercializing gene therapy products for patients suffering from serious, life-threatening rare diseases caused by single gene defects. We believe that gene therapy has powerful potential to treat these diseases through
delivery of a functional copy of the affected gene to cells, resulting in production of the normal protein. We have identified and built a compelling portfolio, including AT132 for the treatment of X-Linked Myotubular Myopathy, or XLMTM, AT342 for
the treatment of Crigler-Najjar Syndrome Type 1, or CN Type 1, AT307 for the treatment of the CASQ2 subtype of Catecholaminergic Polymorphic Ventricular Tachycardia, or CASQ2-CPVT, and AT982 for the treatment of Pompe disease. We expect our first
two product candidates, AT132 and AT342, to enter clinical development in 2016. We maintain full global rights to all of our product candidates. Our vision is to become a fully integrated biotechnology company. In pursuit of this goal, we are executing on our core strategic initiatives,
which include the expansion of our pipeline and the development of proprietary in-house manufacturing capabilities. We have assembled a world-class team with expertise in gene therapy, rare disease drug development and commercialization, and
biologics manufacturing.",THERAPEUTICS,2016-07-20,,,,2836.0,"Biological Products, (No Diagnostic Substances)",424b_filing,
"IASO BioMed, Inc.",0001662907,https://www.sec.gov/Archives/edgar/data/1662907/000147793216014061/iaso_s1.htm,12/14/2016,"We are developing a drug that we believe will be a safer alternative to currently available testosterone replacement therapy by stimulating the body's own production of testosterone rather than using synthetic steroid hormones. We are also developing an out of body test to identify Alzheimer's disease by developing a process, or method, which we believe will be the basis for developing an early stage blood or fluid test for Alzheimer's disease. Our initial research and development activities will be conducted in a world class facility located at the Research Institute of the McGill University Health Centre, or RIMUHC. The research team is led by Dr. Vassilios Papadopoulos, one of our founders and directors, who specializes in the biochemistry of steroids and their impact on human disease and use as biomarkers for detection of disease. He also serves as Executive Director and Chief Scientific Officer of the RIMUHC. His 30 years of research provides the foundation for our initial products. Dr. Papadopoulos has been named dean of the USC School of Pharmacy and will hold the John Stauffer Dean’s Chair in Pharmaceutical Sciences at USC, effective October 1, 2016, at which time he will leave McGill and RIMUHC. We expect that our research will continue at RIMUHC under his supervision for at least one year from the date of his departure but we may at any time elect to outsource our research to another facility, including the research facilities at USC or to conduct research at our own facilities. We do not believe that Dr. Papadopoulos’ departure from RIMUHC and McGill will materially impact our ongoing research program.",THERAPEUTICS,2017-04-24,,,,2834.0,Pharmaceutical Preparations,424b_filing,
"Insys Therapeutics, Inc.",0001516479,https://www.sec.gov/Archives/edgar/data/1516479/000119312511081792/ds1.htm,3/30/2011,"We are a specialty pharmaceutical company that develops and seeks to commercialize innovative pharmaceutical products that target the
unmet needs of cancer patients, with an initial focus on cancer-supportive care. We have assembled a product pipeline targeting cancer-supportive care and cancer therapy that we believe can be developed cost efficiently and, if approved,
commercialized through a targeted commercial organization. Our supportive care product candidates include Fentanyl SL Spray, a proprietary, fast-acting sublingual fentanyl spray for the treatment of breakthrough cancer pain, or BTCP, and our family
of dronabinol product candidates for the treatment of chemotherapy-induced nausea and vomiting, or CINV, and appetite stimulation in AIDS patients. Our proprietary Fentanyl SL Spray and our generic Dronabinol SG Capsule product candidates are both
under review for marketing approval by the U.S. Food and Drug Administration, or FDA. We are also developing proprietary cancer therapeutics, the most advanced of which is LEP-ETU, an improved formulation of paclitaxel, the active ingredient in the
cancer drugs Taxol and Abraxane. We focus our research and development efforts on product candidates that utilize innovative
formulations to address the clinical shortcomings of existing commercial pharmaceutical products. We intend to build a capital-efficient commercial organization to market Fentanyl SL Spray and our other proprietary products, if approved. We expect
to utilize an incentive-based sales model similar to that employed by Sciele Pharma, Inc. and other companies previously led by members of our board, including our founder and Executive Chairman.",THERAPEUTICS,2013-05-02,,,,2834.0,Pharmaceutical Preparations,424b_filing,
"Karuna Therapeutics, Inc.",0001771917,https://www.sec.gov/Archives/edgar/data/1771917/000119312519162773/d709743ds1.htm,5/31/2019,"We are an innovative clinical-stage
biopharmaceutical company primarily focused on developing novel therapies to address disabling neuropsychiatric conditions characterized by significant unmet medical need. Our pipeline is built on the broad therapeutic potential of our lead product
candidate, KarXT, an oral modulator of muscarinic receptors that are located both in the central nervous system, or CNS, and various peripheral tissues. KarXT is our proprietary product candidate that combines xanomeline, a novel muscarinic agonist,
with trospium, an approved muscarinic antagonist, to preferentially stimulate muscarinic receptors in the CNS. We are currently conducting a Phase 2 clinical trial of KarXT for the treatment of acute psychosis in patients with schizophrenia and
expect topline results in late 2019. We also plan to initiate clinical trials of KarXT to evaluate its potential therapeutic benefit in other CNS disorders, including psychosis in Alzheimer’s disease, or AD, as well as pain. We have assembled
members of a team who have extensive expertise in the research, development and commercialization of numerous CNS agents, as well as deep familiarity with the biology of neuropsychiatric disorders, such as schizophrenia and AD, including the role of
muscarinic receptors in their potential treatment. We plan to leverage this expertise to develop a pipeline of product candidates targeting a broad range of psychiatric and neurological conditions. Psychosis is a prominent and debilitating symptom that occurs in many neuropsychiatric disorders, including schizophrenia, AD, bipolar disorder,
Parkinson’s disease, major depressive disorder and inflammatory neurological diseases, such as multiple sclerosis. Patients with schizophrenia experience psychotic symptoms, also known as positive symptoms, such as hallucinations and delusions.
Schizophrenia is a chronic disabling disorder that is typically diagnosed in late teenage years or early adulthood and is characterized by recurring episodes of psychosis requiring long-term treatment with antipsychotic drugs in most patients. The
World Health Organization ranks psychosis as the third-most disabling medical condition in the world. In 2017, an estimated 2.7 million Americans, or approximately 0.5% to 1.0% of the United States population, had schizophrenia. Additionally,
up to 50% of the estimated 5.7 million patients with AD in the United States experience psychosis at some point during the course of their disease, ",THERAPEUTICS,2019-06-28,,,,2834.0,Pharmaceutical Preparations,424b_filing,
"Magenta Therapeutics, Inc.",0001690585,https://www.sec.gov/Archives/edgar/data/1690585/000119312518173570/d549494ds1.htm,5/24/2018,"For more than 50 years,
doctors and patients have had difficult conversations about bone marrow transplant: the procedure can save lives and cure patients, however the risks of toxicity and death often deter its use. At Magenta, we believe we can refocus that conversation
on the cure and enable many more patients with devastating diseases such as severe autoimmune disorders, including multiple sclerosis; blood cancers, including leukemia; and genetic diseases such as sickle cell disease to benefit from advances in
transplant medicine. Transplant is a well-established and often curative medical procedure, and emerging data on stem cell gene therapy, which is bone
marrow transplant using gene-modified stem cells, suggest the potential for meaningful benefit with this newer form of transplant. Bone marrow transplant and stem cell gene therapies use the same widely-adopted decades-old transplant process. As it exists today, bone marrow transplant is a large market opportunity, and improvements to the current approaches could extend bone marrow transplant to more patients. The
ability to treat patients with a bone marrow transplant is limited by the challenge of obtaining sufficient cells to perform the procedure, the inherent morbidity and mortality of current methods used to prepare patients for transplant, and
complications following transplant.",THERAPEUTICS,2018-06-21,,,,2834.0,Pharmaceutical Preparations,424b_filing,
"Novan, Inc.",0001467154,https://www.sec.gov/Archives/edgar/data/1467154/000119312516689866/d106401ds1.htm,8/24/2016,"We are a late-stage pharmaceutical company focused on redefining the standard of care in dermatology through the development and commercialization of
innovative therapies using our nitric oxide platform. Nitric oxide plays a vital role in the natural immune system response against microbial pathogens and is a critical regulator of inflammation. Our ability to harness nitric oxide and its multiple
mechanisms of action has enabled us to create a platform with the potential to generate differentiated, first-in-class product candidates. The two key components of our nitric oxide platform are our proprietary Nitricil technology, which drives the
creation of new chemical entities, or NCEs, and our topical formulation science, both of which we use to modulate, or “tune,” our product candidates for specific indications. We are using our platform to transform a useful, naturally
occurring molecule into a therapeutic pipeline for a host of skin diseases. We are rapidly advancing programs in five dermatological conditions
with significant unmet medical need. These are some of the most prevalent diseases in dermatology and together represent a large market opportunity with a patient population surpassing 150 million Americans and 1.5 billion individuals globally.",THERAPEUTICS,2016-09-22,,,,2834.0,Pharmaceutical Preparations,424b_filing,
PDS Biotechnology Corp,0001472091,https://www.sec.gov/Archives/edgar/data/1472091/000156761915001095/s000911x3_s1.htm,8/14/2015,"We are a clinical-stage biotechnology company that discovers, develops and seeks to commercialize novel, hospital-based therapies capable of transforming treatment paradigms in the management of acute, life-threatening conditions. Our initial product candidates target rare, acute life-threatening neurological conditions for which we believe the approved existing therapies are inadequate. We believe EG-1962, our lead product candidate, can fundamentally improve patient outcomes and transform the management of aneurysmal subarachnoid hemorrhage, or aSAH, which is bleeding around the brain due to a ruptured brain aneurysm. A single dose of EG-1962 is designed to deliver high concentrations of nimodipine, the current standard of care, directly to the brain with sustained drug exposure over 21 days. EG-1962 utilizes our proprietary, programmable, biodegradable polymer-based development platform, or our Precisa® development platform, a novel delivery mechanism that enables targeted and sustained drug exposure while potentially avoiding the dose-limiting side effects associated with currently available formulations of nimodipine. On May 28, 2015, the U.S. Food and Drug Administration, or the FDA, granted us orphan drug designation for EG-1962 for the treatment of patients with aSAH.",THERAPEUTICS,2015-10-02,,,,2834.0,Pharmaceutical Preparations,424b_filing,
"Dipexium Pharmaceuticals, LLC",0001497504,https://www.sec.gov/Archives/edgar/data/1497504/000104746914000623/a2218140zs-1.htm,2/6/2014,"We are a late stage pharmaceutical company focused on the development and commercialization of Locilex™ (pexiganan acetate cream 1%), a
novel, first-in-class, broad spectrum, topical antibiotic. Locilex™ is a chemically synthesized, 22-amino acid peptide isolated from the skin of the African Clawed Frog. Its novel
mechanism of action kills microbial targets through disruption of bacterial cell membrane permeability. Locilex™ is initially being targeted for the treatment of mild infections of
diabetic foot ulcers (or Mild DFI). In 2011, the market for diabetic foot infection therapeutics worldwide was $1.46 billion. We recently received a U.S. patent on the formulation of
Locilex™ that expires in June 2032. Our primary objective is to establish Locilex™ as the standard of care for the treatment of patients with Mild DFI. Thereafter, our growth
strategy includes potentially expanding the indications for Locilex™ to include moderate infections of diabetic foot ulcers (or Moderate DFI) and certain other mild or moderate skin
and skin structure infections in superficial wounds. We
believe that we have a clear clinical and regulatory pathway with the potential for near term United States Food and Drug Administration (or FDA) approval of Locilex™. We believe that
Locilex™ may be approved by the FDA within 24 months of commencing the Phase 3 enrollment. We have reached agreement with the FDA through a special protocol assessment (or
SPA) for our Phase 3 program. We intend to conduct and complete two pivotal Phase 3, double blind, placebo-controlled, superiority studies. We expect to begin enrollment in these studies
in the second quarter of 2014, with top line data from the Phase 3 studies anticipated in the first quarter of 2015. Concurrently, we also intend to conduct two separate Phase 1 skin
irritation and skin sensitization studies, which are expected to commence in the first quarter of 2014. If the data from our Phase 3 studies are sufficient to meet the primary endpoints, we
expect to submit our new drug application (or NDA) for Locilex™ in the second half of 2015. We expect to receive a response from the FDA within six months of our NDA submission.",THERAPEUTICS,2014-03-13,,,,2834.0,Pharmaceutical Preparations,424b_filing,
"CEMPRA, INC.",0001461993,https://www.sec.gov/Archives/edgar/data/1461993/000119312511269439/d226593ds1.htm,10/12/2011,"We are a clinical-stage pharmaceutical
company focused on developing antibiotics to meet critical unmet medical needs in the treatment of bacterial infectious diseases, particularly respiratory tract infections and skin and skin structure infections. Our lead program is CEM-101, which we
are developing in intravenous, or IV, and oral formulations for the treatment of community-acquired bacterial pneumonia, or CABP. We recently completed a successful Phase 2 clinical trial in which the oral formulation of CEM-101 demonstrated
comparable efficacy to the current standard of care, levofloxacin (commonly marketed as Levaquin TM ), with an improved safety profile. Our second program is Taksta, which we are developing in the U.S. as an oral treatment for acute bacterial skin and skin structure infections, or ABSSSI, frequently
caused by Staphylococcus aureus , or S. aureus , including methicillin-resistant S. aureus , or MRSA, and beta-hemolytic streptococci. Taksta has successfully completed a Phase 2 clinical trial showing comparable efficacy and
safety to linezolid (sold under the brand name Zyvox ® ), the only oral antibiotic for treatment of MRSA approved
by the U.S. Food and Drug Administration, or FDA. We expect to initiate pivotal Phase 3 trials for both programs in 2012. According to Datamonitor, $19.6 billion was spent on antibiotics in 2009 in the U.S., Japan, and the five major European markets (the
U.K., Germany, France, Italy and Spain) of which $10.2 billion was spent in the U.S. Despite the many antibiotics available and the size of the market for antibiotics, we believe this market has significant unmet needs for several reasons. First,
the effectiveness of many antibiotics has declined worldwide due to bacterial resistance to the currently available antibiotics. The World Health Organization stated in 2010 that antibiotic resistance is one of the three greatest threats to human
health, and the Centers for Disease Control and Prevention estimates that more than 70% of U.S. hospital infections are resistant to at least one of the antibiotics most commonly used to treat them. Second, many existing antibiotics have known side
effects that limit their use. Third, some antibiotics do not adequately fight all of the types of bacteria that could be involved in a particular disease. Finally, many of the existing antibiotics used to treat serious infections are difficult or
inconvenient to administer, often requiring IV treatment in the hospital. The clin",THERAPEUTICS,2012-02-03,,,,2834.0,Pharmaceutical Preparations,424b_filing,
"TESARO, Inc.",0001491576,https://www.sec.gov/Archives/edgar/data/1491576/000104746912003207/a2208385zs-1.htm,3/23/2012,"We are an oncology-focused biopharmaceutical company dedicated to improving the lives of cancer patients. We have
in-licensed and are currently developing two product candidates, rolapitant and TSR-011. We intend to continue to leverage the experience and competencies of our senior
management team to identify, acquire, develop and commercialize cancer therapeutics and oncology supportive care products that are safer and more effective than existing treatments. Upon successful
development and regulatory approval of any of our product candidates we intend to make them available to cancer patients in North America, Europe and China through our own commercialization efforts
and to establish a network of licensees and distributors in other geographic areas Many
marketed products and product candidates in development treat cancer through non-specific damage to cellular components or alter cell metabolism or internal repair mechanisms
leading to the demise of cancer cells. More recently, targeted anti-cancer agents have been designed by scientists to inhibit the action of specific molecules within cancer cells that
drive the aberrant growth responsible for tumor development. Certain of these targeted agents are developed in conjunction with companion diagnostic tests that are used by clinicians to determine if a
patient's cancerous tumor contains these specific molecules and is, therefore, more likely to respond to a particular targeted therapy.",THERAPEUTICS,2012-06-28,,,,2834.0,Pharmaceutical Preparations,424b_filing,
Pfenex Inc.,0001478121,https://www.sec.gov/Archives/edgar/data/1478121/000119312514227132/d576774ds1.htm,6/5/2014,"We are a clinical-stage biotechnology company engaged in the development of difficult to manufacture and high-value proteins, initially
focused on biosimilar therapeutics, or biosimilars. Our lead product candidate is PF582, a biosimilar candidate to Lucentis (ranibizumab). Lucentis, marketed by F. Hoffmann-La Roche Ltd. and Novartis AG, for the treatment of patients with retinal
diseases, achieved approximately $4.3 billion in global product sales in 2013. For PF582, we are currently conducting a Phase 1b/2a trial in patients with wet age-related macular degeneration, or wet AMD, with results expected in the fourth quarter
of 2014. We expect to commence a Phase 3 trial in mid-2015, with results expected in 2017. We intend to commercialize PF582 with our own internal sales and marketing capabilities in North America and Europe. Our next most advanced product candidate
is PF530, a biosimilar candidate to Betaseron (interferon beta-1b) that is marketed by Bayer AG for the treatment of multiple sclerosis and achieved over $1.4 billion in global product sales in 2013. For PF530, we plan to initiate a Phase 1
trial in the second half of 2014. We believe we are the most advanced company in global development of these biosimilar products. In addition to our two most advanced product candidates, our pipeline includes five other biosimilar candidates, as
well as vaccine, generic and next generation biologic candidates. To date, none of our product candidates have received marketing authorization from any regulatory agency, and therefore we have not received revenue from the sale of any of our
product candidates. Our product candidates are enabled by our patented protein production platform, Pf ēnex Expression
Technology ® , which we believe confers several important competitive advantages compared to traditional techniques for protein production, including the ability to produce complex proteins with
higher accuracy and greater degree of protein purity, as well as significant speed and cost advantages. The power of our platform has been demonstrated by our ability to move PF582 from concept to the clinic in just 24 months.",THERAPEUTICS,2014-07-24,,,,2834.0,Pharmaceutical Preparations,424b_filing,
CONTRAFECT Corp,0001478069,https://www.sec.gov/Archives/edgar/data/1478069/000119312514149004/d609128ds1.htm,4/18/2014,"We are a biotechnology company focused on discovering and developing therapeutic protein and antibody products for
life-threatening, drug-resistant infectious diseases, particularly those treated in hospital settings. Due to drug-resistant and newly emerging pathogens, hospital acquired infections are currently the fourth leading cause of death in the United
States, following heart disease, cancer and stroke. We intend to address drug-resistant infections using our therapeutic product candidates from our lysin and monoclonal antibody platforms to target conserved regions of either bacteria or viruses
(regions that are not prone to mutation). Lysins are enzymes that are produced in the life cycle stage of a bacteriophage, a virus that infects and kills bacteria. Lysins can digest (or “lyse”) bacterial cell walls and are fundamentally
different than antibiotics because they kill bacteria immediately upon contact. We believe the properties of our lysins make them suitable for the treatment of antibiotic-resistant organisms that can cause serious infections such as Staphylococcus
aureus (“Staph aureus”) bacteremia, pneumonia and osteomyelitis (infection of a bone), and the treatment of biofilm-related indications for infected prosthetic joints, indwelling devices and catheters (biofilms are protective coatings
produced by pathogenic bacteria). In addition to our lysins, we are exploring therapies using monoclonal antibodies (“mAbs”) that block and disarm virulence factors of bacteria and viruses, rendering them vulnerable to the body’s
natural immune response. Our product candidates have not yet entered clinical trials. Our most advanced product candidates are CF-301, a lysin for the treatment of Staph aureus bacteremia, and CF-404, a combination of mAbs for the treatment of
life-threatening seasonal and pandemic varieties of influenza. Drug-resistant and newly emerging pathogens have become a significant threat both inside and outside the hospital. While bacteria and viruses
are typically treated with antibiotics and antiviral drugs, many of these microbes have developed resistance mechanisms that arise from mutation and cause current treatments to be ineffective. As a result, we believe that individual antibiotics will
eventually become less active or inactive as drug-resistant bacteria continue to develop. For example, over 60% of Staph infections are caused by methicillin-resistant Staph aureus (“MRSA”) bacteria that are often resistant to the primary
anti",THERAPEUTICS,2014-07-29,,,,2834.0,Pharmaceutical Preparations,424b_filing,
"HEAT BIOLOGICS, INC.",0001476963,https://www.sec.gov/Archives/edgar/data/1476963/000155335013000103/heat_s1.htm,5/6/2013,"We are a clinical-stage biopharmaceutical company engaged in the development of novel allogeneic, “off-the-shelf” cellular therapeutic vaccines to combat a wide range of cancers and infectious diseases. Our proprietary ImPACT™ I mmune P an A ntigen C ytotoxic T herapy is being designed to deliver live, genetically-modified, irradiated human cells which are reprogrammed to “pump out” a broad spectrum of cancer associated antigens together with a potent immune adjuvant called “gp96” to educate and activate a cancer patient’s immune system to recognize and kill cancerous cells. We intend for our ImPACT cells to secrete an antigen-adjuvant complex that generates anti-cancer immune responses in patients by mobilizing and activating cytotoxic “killer” T cells that target multiple cancer antigens, thus harnessing a patient’s own immune system to fight cancer. Unlike “autologous” or “personalized” therapeutic vaccine approaches which require extraction and processing of cancer or blood from each individual patient, our ImPACT therapeutic vaccine uses a common master cell line to mass-produce a single vaccine product applicable to all patients for each particular cancer type. We believe our off-the-shelf, allogenic immunotherapy offers logistical, manufacturing and cost of goods benefits compared to autologous patient-specific approaches.",THERAPEUTICS,2013-07-24,,,,2834.0,Pharmaceutical Preparations,424b_filing,
"Calithera Biosciences, Inc.",0001496671,https://www.sec.gov/Archives/edgar/data/1496671/000119312514320232/d729625ds1.htm,8/25/2014,"We are
offering                  shares of our common stock. Prior to this offering, there has been no public market for our common stock. We currently expect the initial
public offering price to be between $         and $         per share of common stock. We intend to apply to list our common stock on the NASDAQ Global Market
under the symbol “CALA.” We are a clinical-stage pharmaceutical company focused on discovering and developing novel small molecule drugs directed against tumor
metabolism and tumor immunology targets for the treatment of cancer. Tumor metabolism and tumor immunology have emerged as promising new fields for cancer drug discovery, and recent clinical successes with therapeutic agents in each field have
demonstrated the potential to create fundamentally new therapies for cancer patients. Our lead product candidate, CB-839, is an internally discovered, first-in-class inhibitor of glutaminase, a critical enzyme in tumor metabolism. We are currently
evaluating CB-839 in three Phase 1 clinical trials in solid and hematological tumors. Our lead preclinical program in tumor immunology is directed at developing inhibitors of the enzyme arginase and may
provide a first-in-class therapeutic agent for this novel target. Our ongoing research efforts are focused on discovering additional product candidates against novel tumor metabolism and immunology targets.",THERAPEUTICS,2014-10-02,,,,2834.0,Pharmaceutical Preparations,424b_filing,
"Clovis Oncology, Inc.",0001466301,https://www.sec.gov/Archives/edgar/data/1466301/000095012311061021/d82988sv1.htm,6/23/2011,"This is the initial public offering of common stock of Clovis
    Oncology, Inc. We are
    selling           shares
    of common stock. Prior to this offering, there has been no
    public market for our common stock. The initial public offering
    price of our common stock is expected to be between
    $     and
    $      per share. Until          ,
    2011 (25 days after the commencement of this offering), all
    dealers that buy, sell or trade shares of our common stock,
    whether or not participating in this offering, may be required
    to deliver a prospectus. This delivery requirement is in
    addition to the dealers’ obligation to deliver a prospectus
    when acting as underwriters and with respect to their unsold
    allotments or subscriptions.",THERAPEUTICS,2011-11-16,,,,2834.0,Pharmaceutical Preparations,424b_filing,
"OptiNose, Inc.",0001494650,https://www.sec.gov/Archives/edgar/data/1494650/000104746917005928/a2233286zs-1.htm,9/18/2017,"We are a specialty pharmaceutical company focused on the development and commercialization of products for patients treated by ear, nose and throat, or ENT,
and allergy specialists. Our lead product, XHANCE, is a therapeutic utilizing our proprietary Breath Powered exhalation delivery system, or EDS, that delivers a topically-acting and potent
anti-inflammatory corticosteroid for the treatment of chronic rhinosinusitis with and without nasal polyps. Chronic rhinosinusitis is a serious nasal inflammatory disease that is currently treated
using therapies, such as intranasal steroids, or INS, that have significant limitations. We believe XHANCE has a differentiated clinical profile with the potential to become part of the standard of
care for this disease because it is able to deliver medication to the primary site of inflammation high and deep in the nasal passages in regions not adequately reached by current INS. We also believe
that payors will respond favorably to XHANCE's clinical, cost and quality-of-care profile, as compared to current and potential future costly drug therapy and surgical treatment options. On
September 18, 2017, the U.S. Food and Drug Administration, or FDA, approved our new drug application, or NDA, for XHANCE for the treatment of nasal polyps in adults. We expect to launch
XHANCE in the second quarter of 2018 with a dedicated sales force targeting a specialty prescriber base comprised of approximately 15,000 physicians in the United States. We expect our sales force
will initially consist of approximately 75 representatives. We plan to initiate additional clinical trials of XHANCE in the second half of 2018 to seek a follow-on indication for the treatment of
chronic sinusitis to broaden our market opportunity.",THERAPEUTICS,2017-10-13,,,,2834.0,Pharmaceutical Preparations,424b_filing,
"Revance Therapeutics, Inc.",0001479290,https://www.sec.gov/Archives/edgar/data/1479290/000119312513488614/d513724ds1.htm,12/31/2013,"We are a clinical stage specialty biopharmaceutical company focused on the development, manufacturing and commercialization of novel botulinum toxin products for multiple aesthetic and therapeutic
applications. Botulinum toxin is a well-characterized protein currently used in numerous aesthetic and therapeutic indications and represents a multi-billion dollar market in the United States and other countries. All currently approved and
commercially available botulinum toxin products are administered by injection. Our lead product candidate, RT001, is a topical formulation of botulinum toxin type A, which we believe has significant advantages over existing injectable products and
could significantly expand the botulinum toxin market beyond existing users. Our second product candidate, RT002, is a novel injectable formulation of botulinum toxin type A designed to be more targeted and longer lasting than currently available
botulinum toxin injectable products. Both of our product candidates combine our purified botulinum toxin with our proprietary TransMTS ® peptide delivery system. We own the worldwide rights to both of our product candidates. We are evaluating RT001 in a broad clinical program that includes aesthetic indications such as lateral canthal lines, the wrinkles around the eyes which are commonly referred to as crow’s feet
lines, and therapeutic indications such as hyperhidrosis, or excessive sweating, migraine headache and allergic rhinitis, or inflammation of the mucous membrane inside the nose. RT001 is currently in a Phase 3 clinical development program in the
United States for the treatment of crow’s feet lines and has the potential to be the first approved non-injectable botulinum toxin product. RT001’s primary advantages include painless topical administration, ease of use and limited
dependence on administration technique by physicians and medical staff. These advantages should improve the experience of patients undergoing botulinum toxin procedures and make RT001 more suitable for many more indications than currently approved
injectable botulinum toxin products.",THERAPEUTICS,2014-02-06,,,,2834.0,Pharmaceutical Preparations,424b_filing,
"Omthera Pharmaceuticals, Inc.",0001477598,https://www.sec.gov/Archives/edgar/data/1477598/000104746913002451/a2213342zs-1.htm,3/11/2013,"We are an emerging specialty pharmaceutical company focused on the development and commercialization of new therapies for
abnormalities in blood lipids, referred to as dyslipidemia, and the treatment of cardiovascular disease. Epanova, currently our sole product candidate, is a late-stage, novel, omega-3 free
fatty acid composition that meaningfully reduces triglycerides, improves other key lipid parameters and is expected to increase patient convenience with 2-gram
once-a-day dosing with or without meals. Epanova is a coated soft gelatin capsule containing a complex mixture of polyunsaturated free fatty acids derived from fish oils,
including multiple long-chain omega-3 and omega-6 fatty acids, with eicosapentaenoic acid, or EPA, docosahexaenoic acid, or DHA, and docosapentaenoic acid being the most
abundant forms of omega-3 fatty acids. We have completed pharmacokinetic and Phase III clinical studies to investigate the safety and efficacy profile of Epanova. In 2012 we
reported positive results from our Phase III EVOLVE and ESPRIT trials, both of which were conducted under Special Protocol Assessment, or SPA, agreements with the U.S. Food and Drug
Administration, or FDA. Based on our clinical experience to date, we expect to submit a New Drug Application, or NDA, with the FDA in mid-2013 to commercialize Epanova in the United States for the
treatment of patients with triglyceride levels greater than or equal to 500 mg/dL, or severe hypertriglyceridemia. We expect to build a U.S.-based sales and marketing infrastructure to support a
launch of Epanova in patients with severe hypertriglyceridemia and anticipate initially targeting specialists, cardiologists and primary care physicians who are the top prescribers of lipid-regulating
therapies. The
EVOLVE trial demonstrated in patients with severe hypertriglyceridemia that Epanova 2-, 3- and 4-gram doses administered once daily significantly
reduced triglyceride levels and improved other lipid parameters and other markers of cardiovascular risk. In addition, the ESPRIT trial demonstrated Epanova's efficacy as an adjunct to a
low-fat diet and statin therapy for the further reduction of non-HDL-Cholesterol, or non-HDL-C, and triglycerides in high cardiovascular
risk patients with triglyceride levels above 200 mg/dL and less than 500 mg/dL, or high triglycerides.",THERAPEUTICS,2013-04-12,,,,2834.0,Pharmaceutical Preparations,424b_filing,
"Otonomy, Inc.",0001493566,https://www.sec.gov/Archives/edgar/data/1493566/000119312514266440/d724113ds1.htm,7/11/2014,"We are a clinical-stage biopharmaceutical company focused on the development and commercialization of innovative therapeutics for the
treatment of diseases and disorders of the ear. To overcome many of the limitations of delivering drugs to the middle and inner ear, we have developed a proprietary technology that is designed to deliver drug that is retained in the ear for an
extended period of time following a single local administration, which we refer to as “sustained-exposure.” Utilizing this technology, we have advanced three product candidates into development. Our lead product candidate, AuriPro, is
a sustained-exposure antibiotic for which we have recently completed two identical Phase 3 clinical trials in 532 pediatric patients with middle ear effusion, or fluid, at the time of tympanostomy tube placement, or TTP, surgery. Top-line results of
these Phase 3 trials demonstrate that AuriPro achieved the primary efficacy endpoint with statistical significance (p<0.001) and that AuriPro was well tolerated. Based on these results, we plan to submit a New Drug Application, or NDA, for
AuriPro to the U.S. Food and Drug Administration, or FDA, in the first half of 2015. Our second product candidate, OTO-104, is a sustained-exposure steroid that is in a Phase 2b clinical trial for patients with Ménière’s disease.
We expect to report results from this trial in the first half of 2015. We also intend to initiate one or more open-label, multiple-dose safety studies for OTO-104 in Ménière’s patients by the end of 2014. Our third product
candidate, OTO-311, is in preclinical development as a treatment for tinnitus. There are no drugs approved by the FDA for the lead indications we are currently pursuing for our product candidates. We estimate that more than 50 million people in the United States are affected by otic disorders and that approximately
20 million patients currently seek treatment each year for the most common conditions, including ear infections, balance disorders, tinnitus and hearing loss. As a result, the existing market for treatments is significant and there also
remains a large population of untreated patients. Despite this large market opportunity, we believe the otic field has generally been overlooked by drug developers at least in part because of challenges in effectively delivering drug to the middle
and inner ear. Our mission is to develop and commercialize novel and best-in-class therapeutics to address unmet medical needs in the emerging",THERAPEUTICS,2014-08-13,,,,2834.0,Pharmaceutical Preparations,424b_filing,
"Arsanis, Inc.",0001501697,https://www.sec.gov/Archives/edgar/data/1501697/000119312517315505/d427310ds1.htm,10/20/2017,"We are a clinical-stage biopharmaceutical company focused on applying monoclonal antibody immunotherapies to address serious infectious
diseases. Monoclonal antibodies, or mAbs, are a well-established therapeutic class across many disease areas; however, they have yet to be broadly utilized for the prevention or treatment of acute bacterial and viral infections, where they hold the
potential to address serious unmet medical needs. Unlike antibiotics that propagate resistance, disrupt both disease-causing and beneficial bacteria and have adverse off-target effects, mAbs have the ability
to precisely bind only to an intended target, thereby avoiding these undesired consequences. Our expertise lies in applying our deep understanding of infectious disease pathogenesis paired with our ability to access some of the most advanced mAb
discovery techniques and platforms available today. We have used this expertise to discover and develop novel mAbs with multiple mechanisms of action and high potency against their intended targets. Our lead product candidate, ASN100, is a first-in-class mAb therapeutic in Phase 2 clinical development for the prevention of Staphylococcus aureus , or S. aureus, pneumonia in high-risk, mechanically
ventilated patients, a potentially life-threatening and costly infection for which there are no approved preventive therapies. ASN100 is a fully human mAb product candidate that we developed specifically to neutralize the six cytotoxins critical to S. aureus pneumonia pathogenesis, a scientific advancement that has not previously been achieved. Given its unique mechanism of action, we believe that ASN100 could improve the standard of care for mechanically ventilated patients who are
heavily colonized with S. aureus and are therefore at high risk of developing life-threatening pneumonia. In addition to ASN100, our preclinical pipeline is comprised of mAbs targeting multiple serious bacterial and viral pathogens, including
respiratory syncytial virus, or RSV.",THERAPEUTICS,2017-11-17,,,,2836.0,"Biological Products, (No Diagnostic Substances)",424b_filing,
"IGM Biosciences, Inc.",0001496323,https://www.sec.gov/Archives/edgar/data/1496323/000119312519224575/d741228ds1.htm,8/19/2019,"We are a biotechnology company pioneering the development of engineered IgM antibodies for the treatment of cancer patients. IgM antibodies have inherent properties
that we believe may enable them to bind more strongly to cancer cells than comparable IgG antibodies. We have created a proprietary IgM antibody technology platform that we believe is particularly well suited for developing T cell engagers, receptor
cross-linking agonists and targeted cytokines. Our lead product candidate, IGM-2323, is a bispecific T cell engaging IgM antibody targeting CD20 and CD3 proteins, and we intend to dose the first patient in a
Phase 1 clinical trial for the treatment of relapsed/refractory B cell Non-Hodgkin’s lymphoma (NHL) patients in 2019. Our second product candidate will be an IgM antibody targeting Death Receptor 5 (DR5)
proteins, and we plan to file an investigational new drug application (IND) for the treatment of patients with solid and hematologic malignancies in 2020. We believe that we have the most advanced research and development program focused on
engineered therapeutic IgM antibodies. We have created a portfolio of patents and patent applications, know-how and trade secrets directed to our platform technology, product candidates and manufacturing
capabilities, and we retain worldwide commercial rights to all of our product candidates and the intellectual property related thereto. We created our IgM platform to
expand upon the inherent properties of IgM antibodies and to allow for the rapid development of engineered therapeutic antibodies. Significantly, our IgM platform allows us to create IgM antibodies with higher affinity and avidity than naturally
occurring IgM antibodies. We believe our platform also allows us to utilize the strong and durable binding of IgM antibodies to kill cancer cells with T cells, induce programmed death of cancer cells or deliver immune stimulating cytokines to the
region of the bound cell.",THERAPEUTICS,2019-09-18,,,,2834.0,Pharmaceutical Preparations,424b_filing,
"Eleven Biotherapeutics, Inc.",0001485003,https://www.sec.gov/Archives/edgar/data/1485003/000119312513487942/d613481ds1.htm,12/30/2013,"We are a clinical-stage biopharmaceutical company with a proprietary protein engineering platform, called AMP-Rx, that we apply to the discovery and development of protein therapeutics to treat diseases
of the eye. Our therapeutic approach is based on the role of cytokines in diseases of the eye, our understanding of the structural biology of cytokines and our ability to rationally design and engineer proteins to modulate the effects of cytokines.
Cytokines are cell signaling molecules found in the body that can have important inflammatory effects. We believe cytokines play a major role in the pathology underlying many eye diseases and that protein therapeutics are an effective means of
modulating the effects of cytokines in diseases of the eye. We have used our AMP-Rx platform to rationally design, engineer and generate a pipeline of innovative protein therapeutic candidates that target cytokines we believe are central to diseases
of the eye. We are conducting research and development programs directed at both diseases of the front of the eye, such as dry eye disease and allergic conjunctivitis, and diseases of the back of the eye, such as diabetic macular edema, or DME, and
uveitis. Our most advanced product candidate is
EBI-005. We designed, engineered and generated EBI-005 using our AMP-Rx platform and are developing EBI-005 as a topical treatment for dry eye disease and allergic conjunctivitis. Our EBI-005 program is based on the role that elevated levels of the
inflammatory cytokine interleukin-1, or IL-1, play in the initiation and maintenance of the inflammation and pain associated with dry eye disease and the redness and itching associated with allergic conjunctivitis. We hold worldwide
commercialization rights to EBI-005.",THERAPEUTICS,2014-02-06,,,,2834.0,Pharmaceutical Preparations,424b_filing,
"Ra Pharmaceuticals, Inc.",0001481512,https://www.sec.gov/Archives/edgar/data/1481512/000104746916015866/a2229876zs-1.htm,9/30/2016,"We
are a clinical-stage biopharmaceutical company using our proprietary peptide chemistry platform to develop novel therapeutics for the treatment of serious diseases that are caused by
excessive or uncontrolled activation of the complement system, a critical component of the immune system. Inappropriate activation of the complement system can quickly turn it from a beneficial
defense system to an aggressor that plays a major role in immune and inflammatory diseases. We are developing our lead product candidate, RA101495, a convenient self-administered subcutaneous, or SC,
injection, which is an injection into the tissue under the skin, for the treatment of paroxysmal nocturnal hemoglobinuria, or PNH. PNH is a rare, chronic, life-threatening, blood disorder where red
blood cells are mistakenly attacked and destroyed by the complement system. We expect to initiate our Phase 2 clinical program for RA101495 in PNH patients in the first quarter of 2017 and
release data in the second half of 2017. We are also developing RA101495, administered SC, to treat other debilitating complement-mediated diseases such as refractory generalized myasthenia gravis, or
rMG, and lupus nephritis, or LN. We expect to initiate a Phase 2 clinical trial with RA101495 for rMG and a Phase 1b clinical trial in LN in the second half of 2017. RA101495
is a synthetic macrocyclic peptide, a ring-shaped chain of amino acids, which is a potent inhibitor of complement component 5, or C5. C5 plays a key role in the rupture and
destruction of red blood cells, or hemolysis, associated with PNH. Inhibition of C5 is a clinically validated target for the control and suppression of complement-induced hemolysis in patients with
PNH. Currently the only drug approved to treat PNH is eculizumab (Soliris), a humanized monoclonal antibody that acts as a C5 inhibitor and is administered biweekly by intravenous, or IV, infusion by
healthcare professionals. Eculizumab had reported annual sales of $2.6 billion in 2015 for its two approved indications, PNH and aHUS. However, loss of hemolysis control, or breakthrough
hemolysis, has been observed in patients treated with eculizumab, particularly towards the end of its two-week administration cycle. If approved for PNH, we believe RA101495 when self-administered SC
on a more frequent basis, will provide sustained and improved disease control, which reduces the risk of breakthrough hemolysis, and offers PNH patients more convenience and flexibility compared with",THERAPEUTICS,2016-10-26,,,,2834.0,Pharmaceutical Preparations,424b_filing,
"Unity Biotechnology, Inc.",0001463361,https://www.sec.gov/Archives/edgar/data/1463361/000119312518108850/d535851ds1.htm,4/5/2018,"Our mission is to extend human healthspan. We define healthspan, or healthy longevity, as the period of one’s life unburdened by the diseases of
aging. Enabled by foundational scientific insights, we have devoted over six years to identifying multiple mechanisms that we believe to be root causes of age-associated disease. We are utilizing these insights to develop a broad portfolio of drug
candidates to treat these diseases of aging, and we plan to initiate our first clinical study of our lead drug candidate in the first half of 2018. Age-associated diseases such as arthritis, vision loss, and cognitive decline cause considerable economic, personal, and societal burden. These diseases
negatively impact quality of life, are typically chronic, and progress from the time of onset until death. It is estimated that providing healthcare for people over the age of 65 costs four to five times more than for younger individuals. According
to the Centers for Disease Control and Prevention, this elderly population of Americans is expected to nearly double by 2050, increasing the economic burden of aging dramatically. Any success increasing longevity without treating underlying diseases
of aging would only serve to increase this burden.",THERAPEUTICS,2018-05-04,,,,2834.0,Pharmaceutical Preparations,424b_filing,
"Receptos, Inc.",0001463729,https://www.sec.gov/Archives/edgar/data/1463729/000104746913003949/a2214242zs-1.htm,4/4/2013,"We are a biopharmaceutical company focused on discovering, developing and commercializing innovative therapeutics for immune disorders.
Our product candidates span three distinct specialty disease areas. Our lead asset, RPC1063, is being developed as an oral therapy for the treatment of Relapsing Multiple Sclerosis (RMS) and
Inflammatory Bowel Disease (IBD). Our second asset, RPC4046, is being developed for the treatment of an allergic/immune-mediated disorder, Eosinophilic Esophagitis (EoE), which is an Orphan Disease.
Our strategy is to develop best-in-class (by mechanism of action) drug candidates and selectively pursue first-in-class (based on projected timing of
approval) market positions. The mechanism of action for each of our product candidates has been validated in one or more immunology indications. RPC1063 was selected for pharmaceutic properties with
potential to demonstrate best-in-class differentiation in RMS. In IBD and EoE, our product candidates RPC1063 and RPC4046, respectively, have the potential to be the first in
their respective classes to be approved. Our
founders and executive management team have held senior positions at leading pharmaceutical and biotechnology companies and possess substantial experience across the spectrum of drug
discovery, development and commercialization. Our CEO was previously the CEO of Facet Biotech, which was developing daclizumab for RMS when Facet was acquired by Abbott Laboratories. Members of our
senior executive team have also played key roles at Biogen Idec, Bristol-Myers Squibb and Genentech in successfully advancing therapeutics, including ocrelizumab in RMS, as well as advancing and
launching therapeutics in immune disease, including Orencia® (abatacept) and Rituxan® (rituximab) for Rheumatoid Arthritis.",THERAPEUTICS,2013-05-09,,,,2834.0,Pharmaceutical Preparations,424b_filing,
"Annovis Bio, Inc.",0001477845,https://www.sec.gov/Archives/edgar/data/1477845/000104746919003982/a2239177zs-1.htm,7/3/2019,"Annovis is a clinical stage, drug platform company addressing neurodegeneration, such as Alzheimer's disease in Down syndrome (AD-DS),
Alzheimer's disease (AD) and Parkinson's disease (PD). We have an ongoing Phase 2a proof-of-concept study in AD patients and have planned to commence a second Phase 2a study in PD
patients. We are developing our lead compound, ANVS-401, for chronic neurodegenerative diseases, such as AD-DS, AD and PD. In a number of studies, ANVS-401 inhibited the synthesis of neurotoxic
proteins—APP/A b (APP), tau/phospho-tau (tau) and a -Synuclein
( a -SYN)—that are the main cause of neurodegeneration. High levels of neurotoxic proteins lead to impaired axonal transport, which is responsible for
the communication between and within nerve cells. When that communication is impaired, the immune system is activated and attacks the nerve cells, eventually killing them. Through our patented product
platform, in clinical studies in mildly cognitive impaired (MCI) patients, ANVS-401 normalized levels of neurotoxic proteins and inflammatory factors. In preclinical studies, the lowering of
neurotoxic proteins also led to the restoration of axonal transport, lowering of inflammation and prevention of nerve cell death. The
industry has encountered challenges in targeting specifically one or the other neurotoxic protein, be it APP, tau or a SYN, indicating that
targeting
one neurotoxic protein alone does not change the course of neurodegeneration. Our goal is to develop a disease modifying drug (DMD) for patients with neurodegeneration by leveraging our clinical and
animal evidence in inhibiting at least the three most relevant neurotoxic proteins.",THERAPEUTICS,2020-01-30,,,,2834.0,Pharmaceutical Preparations,424b_filing,
"Cancer Prevention Pharmaceuticals, Inc.",0001471002,https://www.sec.gov/Archives/edgar/data/1471002/000114420415072415/v427012_s1.htm,12/23/2015,"This is a firm commitment initial public offering of      shares of common stock of Cancer Prevention Pharmaceuticals, Inc. No public market currently exists for our shares. We anticipate that the initial public offering price will be between $    and $    . We are a clinical-stage biopharmaceutical company formed primarily to develop and commercialize therapeutic agents for the treatment and prevention of certain pre-cancerous conditions, orphan diseases (i.e., rare diseases) and gastrointestinal conditions. We are currently enrolling patients in our Phase 3 clinical trial with our product candidate CPP-1X/sul for the treatment of familial adenomatous polyposis (“FAP”), a rare inherited condition that can cause the growth of thousands of colorectal adenomas (i.e., adenomatous polyps), which are recognized as a key risk factor for colon cancer, and we are a regulatory
and commercial collaborator in a Phase 3 clinical trial funded by the National Cancer Institute (the “NCI”) for the study of colon cancer risk reduction and colon adenoma therapy (“CAT”), a preventative treatment approach for survivors of colorectal cancer or those who have high-risk colon polyps. In addition, our therapeutic agent has been used in several investigator-sponsored trials and company-sponsored preclinical trials including: (1) Phase 1 and Phase 2 investigator-sponsored clinical trials for the treatment of Neuroblastoma (“Neuroblastoma” or “NB”), a particularly deadly cancer affecting children, funded by nonprofit organizations; (2) Phase 1 investigator-sponsored clinical trial for the treatment of early-onset type 1 diabetes funded by the Juvenile Diabetes Research Foundation; (3) Phase 2a investigator-sponsored clinical trial expected to be initiated this year for treatment of gastric cancer funded by the NCI; and (4) preclinical
studies that we have sponsored in the orphan disease and cancer fields.",THERAPEUTICS,2015-12-23,,,,2834.0,Pharmaceutical Preparations,s1_filing_date_proxy,
"Neos Therapeutics, Inc.",0001467652,https://www.sec.gov/Archives/edgar/data/1467652/000104746915005592/a2225009zs-1.htm,6/19/2015,"We are a pharmaceutical company focused on developing, manufacturing and commercializing products utilizing our proprietary modified-release drug
delivery technology platform, which we have already used to develop our three branded product candidates for the treatment of attention deficit hyperactivity disorder, or ADHD. Our product candidates
are extended-release, or XR, medications in patient-friendly, orally disintegrating tablets, or ODT, or liquid suspension dosage forms. We have a Prescription Drug User Fee Act, or PDUFA, goal date of
November 9, 2015 for NT-0102, our methylphenidate XR-ODT. A PDUFA goal date is a review performance goal for the FDA to meet in acting on a new drug application, or NDA. Under PDUFA, as amended
by the Food and Drug Administration Safety and Innovation Act, for fiscal year 2015, the FDA agreed to review and act on 90% of standard, non-new molecular entity NDAs, like the one submitted for
NT-0102, within 10 months from the FDA's receipt of the NDA submission. We expect to resubmit an NDA for NT-0202, our amphetamine XR-ODT, by July 2015, and submit an NDA for NT-0201, our
amphetamine XR liquid suspension, in the third quarter of 2015. If approved, we believe our product candidates will address an unmet need by providing more patient- and caregiver-friendly dosing
options not previously available to patients in the $10.7 billion market for ADHD-indicated medications. Our
product candidates incorporate two of the most commonly prescribed medications for the treatment of ADHD, methylphenidate and amphetamine. Our proprietary modified-release drug delivery platform
has enabled us to create novel, extended-release ODT and liquid suspension dosage forms of these medications. If approved, we believe our most advanced product candidates, NT-0102 and NT-0202, will be
the first methylphenidate XR-ODT and the first amphetamine XR-ODT, respectively, for the treatment of ADHD. We expect our patent estate, which we developed internally and which includes
composition-of-matter, method-of-manufacture and method-of-use patents and patent applications, some of which are not scheduled to expire until 2032, will provide additional protection for our three
branded product candidates.",THERAPEUTICS,2015-07-24,,,,2834.0,Pharmaceutical Preparations,424b_filing,
"ZS Pharma, Inc.",0001459266,https://www.sec.gov/Archives/edgar/data/1459266/000119312514199541/d698362ds1.htm,5/15/2014,"We are a biopharmaceutical company focused on the development and commercialization of highly selective, non-absorbed
drugs to treat renal, cardiovascular, liver and metabolic diseases. Our proprietary zirconium silicate technology allows us to create highly selective ion traps that can reduce toxic levels of specific electrolytes without disturbing the balance of
other electrolytes. Our initial focus is on the development of ZS-9, our product candidate in Phase III development for the treatment of hyperkalemia, a life-threatening condition in which elevated levels of potassium in the blood (greater than 5.0
mEq/L) increase the risk of muscle dysfunction, including cardiac arrhythmias and sudden cardiac death. We are advancing ZS-9 through clinical development with the goal of obtaining approval for the treatment of acute and chronic hyperkalemia,
regardless of the underlying disease state. We have designed our development program based on input from the United States Food and Drug Administration, or FDA, and European Medicines Agency, or EMA, and plan to submit our New Drug Application, or
NDA, in the United States and our Marketing Authorization Application, or MAA, in Europe in the first half of 2015. If we receive regulatory approval, we intend to commercialize ZS-9 for the treatment of hyperkalemia in the United States with our
own specialty sales force targeting nephrologists and cardiologists and intend to seek one or more partners for commercialization in markets outside of the United States. We have completed two clinical studies with ZS-9 that together enrolled 843 patients with hyperkalemia, including patients
with chronic kidney disease, or CKD, heart failure, or HF, diabetes and those on renin-angiotensin aldosterone system, or RAAS, inhibitor therapy. Our first in man study, ZS002, was completed in May 2012 and our first Phase III study, ZS003, was
completed in November 2013. Both trials met their pre-specified primary and secondary efficacy endpoints with clinically meaningful and statistically significant results. We initiated a second Phase III study, ZS004, in the first quarter of 2014,
and will initiate a long term safety study, ZS005, in the second quarter of 2014. Upon successful completion of ZS004, we expect to file our NDA with the FDA and our MAA with the EMA.",THERAPEUTICS,2014-06-18,,,,2834.0,Pharmaceutical Preparations,424b_filing,
PORTOLA PHARMACEUTICALS INC,0001269021,https://www.sec.gov/Archives/edgar/data/1269021/000119312513153305/d436765ds1.htm,4/12/2013,"We are a biopharmaceutical company focused on the development and commercialization of novel therapeutics in the areas of thrombosis, other hematologic
disorders and inflammation for patients who currently have limited or no approved treatment options. Our current development-stage portfolio consists of three compounds discovered through our internal research efforts and one discovered by Portola
scientists during their time at a prior company. Our two lead programs address significant unmet medical needs in the area of thrombosis, or
blood clots. Our lead compound Betrixaban is a novel oral once-daily inhibitor of Factor Xa in Phase 3 development for extended duration prophylaxis, or preventive treatment, of a form of thrombosis known as venous thromboembolism, or VTE, in acute
medically ill patients. Currently, there is no anticoagulant approved for extended duration VTE prophylaxis in this population. Our second lead development candidate PRT4445, which has an ongoing Phase 2 proof-of-concept study, is a recombinant
protein designed to reverse the anticoagulant activity in patients treated with a Factor Xa inhibitor who suffer an uncontrolled bleeding episode or undergo emergency surgery. Our third product candidate, PRT2070, is an orally available kinase
inhibitor being developed for hematologic, or blood, cancers and inflammatory disorders. PRT2070 inhibits spleen tyrosine kinase, or Syk, and janus kinases, or JAK, enzymes that regulate important signaling pathways. Subject to regulatory approval,
we plan to initiate a Phase 1/2 clinical study of PRT2070 in 2013 in patients with B-cell hematologic cancers who have failed or relapsed on existing marketed therapies or products in development, including patients with identified mutations. Our
fourth product candidate, PRT2607, is a highly selective inhibitor of Syk, and is being developed by our partner Biogen Idec Inc., or Biogen, for inflammatory disorders.",THERAPEUTICS,2013-05-22,,,,2834.0,Pharmaceutical Preparations,424b_filing,
DiaMedica Therapeutics Inc.,0001401040,https://www.sec.gov/Archives/edgar/data/1401040/000143774918020300/dmtp20181105_s1.htm,11/9/2018,"We are a clinical stage biopharmaceutical company primarily focused on the development of novel recombinant (synthetic) proteins. Our goal is to use our patented and licensed technologies to establish our company as a leader in the development and commercialization of novel recombinant proteins to treat neurological and kidney diseases. Our primary focus is on acute ischemic stroke (“AIS”) and chronic kidney disease (“CKD”). We plan to advance our lead drug candidate, DM199, through clinical trials, as appropriate, to create shareholder value by establishing its clinical and commercial potential as a therapy for AIS and CKD. DM199 is a recombinant form of human tissue kallikrein-1 (“KLK1”). KLK1 is an endogenous serine protease (protein) produced in the kidneys, pancreas and salivary glands, which plays a critical role in the regulation of local blood flow and vasodilation (the widening of blood vessels which decreases blood pressure) in the body, as well as an important role in managing inflammation and oxidative stress (an imbalance between potentially damaging reactive oxygen species, or free radicals, and antioxidants in your body). We believe DM199 has the potential to treat a variety of diseases where healthy functioning requires sufficient activity of KLK1 and its biochemical system, the kallikrein-kinin system (“KKS”).",THERAPEUTICS,2018-12-10,,,,2834.0,Pharmaceutical Preparations,424b_filing,
KOLLTAN PHARMACEUTICALS INC,0001442835,https://www.sec.gov/Archives/edgar/data/1442835/000104746914007587/a2221359zs-1.htm,9/12/2014,"We are a clinical-stage biopharmaceutical company focused on the discovery and development of novel antibody-based drugs targeting
receptor tyrosine kinases, or RTKs, for the treatment of cancer and other diseases with significant unmet need. We are a leader in understanding the mechanism of action and the biomedical roles of
RTKs and their signaling pathways. RTKs are a group of cell-surface receptors that play important signaling roles in a variety of key cellular functions. Genetic mutations and abnormal regulation of
RTKs play critical roles in many diseases. We are employing a systematic investigation of RTKs and applying our insights with the goal of developing important new medicines with novel mechanisms of
action. Our founders and members of our management team have deep expertise and a proven track record in drug discovery, development and commercialization of innovative therapeutics, including drugs
targeting kinases. We have also established an extensive network of relationships with leading academic institutions, clinical and scientific advisors and biopharmaceutical companies to augment our
internal research and development capabilities. Our
lead product candidate, KTN3379, is an antibody targeting the ErbB3 RTK and is currently in Phase 1 clinical development for adult patients with advanced solid tumors. We also
have two preclinical programs targeting the KIT RTK for inflammatory diseases and oncology. We have a robust discovery pipeline directed at a range of RTK targets and have recently acquired rights to
additional technologies to enhance our position in the RTK field. We believe our product candidates are distinct from other antibodies targeting RTKs, offer the potential to improve patient outcomes
and have an opportunity to be first-in-class or best-in-class.",THERAPEUTICS,2014-09-12,,,,2834.0,Pharmaceutical Preparations,s1_filing_date_proxy,
ACCELERON PHARMA INC,0001280600,https://www.sec.gov/Archives/edgar/data/1280600/000104746913008148/a2216187zs-1.htm,8/7/2013,"We are a clinical stage biopharmaceutical company focused on the discovery, development and commercialization of novel protein
therapeutics for cancer and rare diseases. Our research focuses on the biology of the Transforming Growth Factor-Beta (TGF- b ) protein superfamily, a large and
diverse group of molecules that are key regulators in the growth and repair of tissues throughout the human body. We are leaders in understanding the biology of the
TGF- b superfamily and in targeting these pathways to develop important new medicines. By coupling our discovery and development expertise, including our
proprietary knowledge of the TGF- b superfamily, with our internal protein engineering and manufacturing capabilities, we have built a highly productive research
and development platform that has generated innovative clinical and preclinical protein therapeutic candidates with novel mechanisms of action. We
have three internally discovered protein therapeutic candidates that are currently being studied in 12 ongoing Phase 2 clinical trials, focused on cancer and rare diseases.
These differentiated protein therapeutic candidates have the potential to significantly improve clinical outcomes for patients.",THERAPEUTICS,2013-09-19,,,,2836.0,"Biological Products, (No Diagnostic Substances)",424b_filing,
"Novus Therapeutics, Inc.",0001404281,https://www.sec.gov/Archives/edgar/data/1404281/000119312514305049/d705598ds1.htm,8/11/2014,"We are a clinical-stage biopharmaceutical company focused on developing novel proprietary therapies for the treatment of prostate cancer
and other hormonally-driven diseases. Our lead drug candidate, galeterone, is a highly selective, multi-targeted, oral small molecule drug candidate that we believe has advantages over existing prostate cancer therapies. We have administered
galeterone to over 200 prostate cancer patients and healthy volunteers in Phase 1 and Phase 2 clinical trials. In these trials, galeterone was well tolerated and in multiple prostate cancer populations showed clinically meaningful reductions in
levels of prostate specific antigen, or PSA, a biochemical marker used to evaluate prostate cancer patients for signs of response to therapy. Subject to discussions with the U.S. Food and Drug Administration, or FDA, we anticipate initiating a
pivotal clinical trial of galeterone in the first half of 2015. We are focusing our initial development of galeterone on the treatment of patients with castration resistant prostate cancer, or CRPC, whose prostate tumor cells express an altered androgen receptor that
is truncated. We intend to conduct our planned pivotal clinical trial in these patients who we believe may not be effectively treated by the therapies approved by the FDA in recent years. We believe that one of galeterone’s multiple mechanisms
of action, androgen receptor degradation, provides an opportunity to treat this population of patients. In our ongoing Phase 2 clinical trial of galeterone, which we refer to as our ARMOR2 trial, four patients were identified as having altered
androgen receptors that were truncated, all of whom showed clinically meaningful PSA reductions of at least 50%. Although our initial development focus is on galeterone for the treatment of this population of patients, we are conducting our
Phase 2 ARMOR2 trial of galeterone in multiple CRPC patient populations.",THERAPEUTICS,2014-09-18,,,,2834.0,Pharmaceutical Preparations,424b_filing,
"CoLucid Pharmaceuticals, Inc.",0001348649,https://www.sec.gov/Archives/edgar/data/1348649/000119312515111971/d876348ds1.htm,3/30/2015,"We are a Phase 3 clinical-stage biopharmaceutical company that is developing an innovative and proprietary small molecule for the acute treatment of migraine headaches. Our product
candidates utilize the first new mechanism of action in the last twenty years, which we believe could address the unmet needs of migraine patients, including those with cardiovascular risk factors or stable cardiovascular disease and those who are
dissatisfied with existing therapies. Lasmiditan, our lead product candidate, is an oral tablet for the acute treatment of migraine headaches in adults that does not have the clinical limitations associated with the most commonly used therapies. In
our Phase 2b clinical trial of lasmiditan, we met our primary endpoint of headache relief with statistical significance as well as our secondary endpoint of freedom from the associated symptoms of nausea, sensitivity to sound and sensitivity to
light. Headache relief is defined as reducing a moderate or severe headache at baseline to mild or none two hours after dosing. In our completed clinical trials, lasmiditan was well tolerated and had a favorable patient global impression of change,
an indicator of patient satisfaction. We are conducting our first pivotal Phase 3 randomized, double-blind,
placebo-controlled clinical trial of lasmiditan, or SAMURAI, under a special protocol assessment, or SPA, agreement with the U.S. Food and Drug Administration, or FDA, with top-line data expected in the third quarter of 2016. We also plan to
initiate a second pivotal Phase 3 clinical trial of lasmiditan in the first half of 2016. If we successfully complete our two pivotal Phase 3 clinical trials of lasmiditan, we expect to submit a new drug application, or NDA, to the FDA seeking
marketing approval for lasmiditan in the United States with a product label that is differentiated from triptans. Triptan product labels include warnings and precautions against use in patients with cardiovascular risk factors or disease and
triptans are not indicated to provide freedom from the most bothersome associated symptom. We are also developing intravenous lasmiditan, or IV lasmiditan, for the acute treatment of unspecified headache pain in adults in emergency room and
other urgent care settings. We own or have exclusive rights to the intellectual property for lasmiditan and IV lasmiditan, including composition of matter protection. We have commercial exclusivity for lasmiditan and IV lasmiditan in the United
States",THERAPEUTICS,2015-05-06,,,,2834.0,Pharmaceutical Preparations,424b_filing,
MERRIMACK PHARMACEUTICALS INC,0001274792,https://www.sec.gov/Archives/edgar/data/1274792/000104746911006223/a2204593zs-1.htm,7/8/2011,"We are a biopharmaceutical company discovering, developing and preparing to commercialize innovative medicines paired with companion
diagnostics for the treatment of serious diseases, with an initial focus on cancer. Our mission is to provide patients, physicians and the healthcare system with the tools, medicines and information
to transform the approach to care from one based on the identification and treatment of symptoms to one focused on the diagnosis and treatment of illness through a more precise mechanistic
understanding of disease. We seek to accomplish this mission by applying our proprietary systems biology-based approach to biomedical research, which we call Network Biology. Our vision is to apply
Network Biology to become a global healthcare enterprise that is founded on leading science and driven to deliver integrated healthcare solutions that improve both the quality of patient outcomes and
the efficiency of care. Network
Biology is an interdisciplinary approach to drug discovery and development that enables us to build functional and predictive computational models of biological systems based on quantitative,
kinetic, multiplexed biological data. It provides our scientists with insights into how the complex molecular interactions that occur within cell signaling pathways, or networks, regulate cell
decisions and how dysfunction within these networks leads to disease. We apply Network Biology throughout the research and development process, including for target identification, lead compound
design and optimization, diagnostic discovery, in vitro and in vivo predictive development and the
design of clinical trial protocols. We believe that drug discovery and development using Network Biology is more efficient and productive than traditional approaches.",THERAPEUTICS,2012-03-29,,,,2834.0,Pharmaceutical Preparations,424b_filing,
"AQUINOX PHARMACEUTICALS, INC",0001404644,https://www.sec.gov/Archives/edgar/data/1404644/000119312514024524/d619679ds1.htm,1/28/2014,"We are a clinical-stage pharmaceutical company discovering and
developing novel drug candidates to treat inflammation and cancer. Our primary focus is anti-inflammatory product candidates targeting SHIP1, which is a key regulator of an important cellular signaling pathway in immune cells, known as the PI3K
pathway. Our lead product candidate, AQX-1125, is a SHIP1 activator and has demonstrated broad anti-inflammatory activity. AQX-1125 has successfully completed three clinical trials dosed as a once daily oral product with over 100 subjects having
received AQX-1125 to date. We are currently investigating AQX-1125 in two Phase 2 clinical trials, one for Chronic Obstructive Pulmonary Disease, or COPD, and one for Bladder Pain Syndrome/Interstitial Cystitis, or BPS/IC. COPD and BPS/IC are
debilitating chronic inflammatory diseases affecting millions of people worldwide. Inflammation can be reduced by activation of SHIP1 (SH2-containing
inositol-5’-phosphatase 1), which is a natural modulator of the PI3K (P13 kinase) pathway. If the PI3K pathway is overactive, immune cells may produce an abundance of pro-inflammatory signaling molecules and migrate to and concentrate in
tissues, resulting in excessive or chronic inflammation. Drugs activating SHIP1 may reduce the function and migration of immune cells and have an anti-inflammatory effect. In addition, because SHIP1 is predominantly present in immune cells,
off-tissue toxicities may be minimized. Immune cells with lowered levels of SHIP1 cause abnormal inflammation at mucosal surfaces in response to inflammatory stimuli. Accordingly, we are targeting inflammatory diseases that occur at mucosal
surfaces, including those of the respiratory, urinary and gastrointestinal tracts, for which we believe there is broad therapeutic and market potential.",THERAPEUTICS,2014-03-07,,,,2834.0,Pharmaceutical Preparations,424b_filing,
Celladon Corp,0001305253,https://www.sec.gov/Archives/edgar/data/1305253/000119312513396992/d578642ds1.htm,10/11/2013,"We are a clinical-stage biotechnology company applying our leadership position in the field of calcium dysregulation by targeting SERCA enzymes
to develop novel therapies for diseases with tremendous unmet medical needs. Sarco/endoplasmic reticulum Ca 2+ -ATPase, or SERCA, enzymes are a family of enzymes that play an integral part in the
regulation of intra-cellular calcium in all human cells. Calcium dysregulation is implicated in a number of important and complex medical conditions and diseases, such as heart failure, which is a clinical syndrome characterized by poor heart
function, resulting in inadequate blood flow to meet the body’s metabolic needs, as well as diabetes and neurodegenerative diseases. Our therapeutic portfolio for diseases characterized by SERCA enzyme deficiency includes both gene
therapies and small molecule compounds. MYDICAR, our most advanced product candidate, uses gene therapy to target SERCA2a, which is an enzyme that becomes deficient in patients with heart failure. SERCA2a was scientifically validated as a molecular
target for heart failure in the 1990s and became a focus of internal discovery efforts for many large pharmaceutical companies. However, to date, no other company has been successful in targeting SERCA2a using traditional discovery methods. We
believe that our gene therapy approach to modulating SERCA2a overcomes the issues encountered by previous efforts and has the potential to provide transformative disease-modifying effects with long-term benefits in patients with heart failure. In
addition, we have identified a number of potential first-in-class compounds addressing novel targets in diabetes and neurodegenerative diseases with our small molecule platform of SERCA2b modulators. We are the first company to enter clinical development with a product candidate, MYDICAR, that selectively targets SERCA2a. We refer to our
Phase 1 trial and Phase 2a trial of MYDICAR together as our CUPID 1 trial. In Phase 2a of our CUPID 1 trial, 39 patients with systolic heart failure, which is caused by the inability of the heart to pump blood efficiently due to weakening and
enlargement of the ventricles, were enrolled in a randomized, double-blind, placebo-controlled trial, where MYDICAR was found to be safe and well-tolerated, reduced heart failure-related hospitalizations, improved patients’ symptoms, quality of
life and serum biomarkers, and improved key markers of cardiac function predictive of survival, such as end systolic ",THERAPEUTICS,2014-01-30,,,,2836.0,"Biological Products, (No Diagnostic Substances)",424b_filing,
Immune Design Corp.,0001437786,https://www.sec.gov/Archives/edgar/data/1437786/000119312514245706/d698822ds1.htm,6/23/2014,"We are a clinical-stage immunotherapy company with next-generation in vivo approaches designed to enable the body’s immune system to fight disease. We have
engineered our technologies to activate the immune system’s natural ability to create tumor-specific cytotoxic T cells, or CTLs, to fight cancer. We are developing multiple product candidates from our two discovery platforms, DCVex TM and GLAAS TM , which we believe have the potential to treat a broad patient population. Our product candidates, LV305, CMB305 and G100, utilize
multiple immuno-oncology approaches and, we believe, address the shortcomings of existing therapies. The following is our product development pipeline based on our DCVex and GLAAS platforms: Because of its prime-boost approach, we believe CMB305 should be more effective than either of LV305 or G305 alone. Although we currently intend to focus our
development efforts on CMB305 and G100, we plan to conduct a small exploratory trial to compare LV305 and CMB305 in the same tumor types. After reviewing that data, we may elect to separately develop LV305.",THERAPEUTICS,2014-07-24,,,,2834.0,Pharmaceutical Preparations,424b_filing,
"ADURO BIOTECH, INC.",0001435049,https://www.sec.gov/Archives/edgar/data/1435049/000119312515087572/d804420ds1.htm,3/11/2015,"We are a clinical-stage
immuno-oncology company focused on the development of first-in-class technology platforms designed to stimulate robust and durable immune responses against cancer, and our lead product candidate is in a randomized controlled Phase 2b clinical trial
in metastatic pancreatic cancer. Immuno-oncology encompasses a class of therapies that leverage the patient’s immune system to slow the growth and spread of, or eliminate, tumor cells. We believe a critical distinguishing factor in our approach
to immuno-oncology is that our novel therapies initiate powerful innate immune responses and drive targeted, durable adaptive immune responses. The immunotherapy field is rapidly advancing with new immuno-oncology combinations that focus on
strengthening therapeutic efficacy in a wide range of cancers. We intend to pursue a broad strategy of combining our technology platforms with conventional and novel immuno-oncology therapies, based on their mechanisms of action, safety profiles and
versatility. Our pipeline of immuno-oncology product candidates is derived from two proprietary technology platforms: Live, Attenuated, Double-Deleted, or LADD, Listeria monocytogenes and cyclic dinucleotides, or CDNs. Our lead LADD product
candidate, CRS-207, is currently being developed in metastatic pancreatic cancer and unresectable malignant pleural mesothelioma. In a completed randomized controlled Phase 2a clinical trial in metastatic pancreatic cancer patients, CRS-207
demonstrated a statistically significant improvement in overall survival when combined with GVAX Pancreas, a cellular vaccine product candidate. The 93-patient two-arm Phase 2a clinical trial was designed to compare the combination of CRS-207
and GVAX Pancreas versus GVAX Pancreas alone. The trial met the primary efficacy endpoint of overall survival at an interim analysis and was stopped upon recommendation from the Data Monitoring Committee. Based on the data from this study, our lead
immuno-oncology regimen of CRS-207 and GVAX Pancreas was granted Breakthrough Therapy designation by the U.S. Food and Drug Administration, or FDA. Breakthrough Therapy designation is intended to expedite the development and review of products that
treat serious or life-threatening conditions. We have obtained orphan drug designations from the FDA for CRS-207 and GVAX Pancreas for the treatment of pancreatic cancer. Under the Orphan Drug Act, the FDA may grant orphan drug designation to a drug
or biologic intend",THERAPEUTICS,2015-04-15,,,,2834.0,Pharmaceutical Preparations,424b_filing,
Regado Biosciences Inc,0001311596,https://www.sec.gov/Archives/edgar/data/1311596/000119312513181895/d492832ds1.htm,4/29/2013,"We are a biopharmaceutical company focused on the discovery and development of novel, first-in-class, actively controllable antithrombotic
drug systems for acute and sub-acute cardiovascular indications. We are pioneering the discovery and development of two-component drug systems consisting of a therapeutic aptamer and its specific active control agent. Our actively controllable
product candidates have the potential to improve outcomes, enhance the patient experience and reduce overall treatment costs. REG1 is an actively controllable anticoagulant targeting coagulation Factor IXa for use in patients with
a wide variety of acute coronary syndromes, or ACS, undergoing a percutaneous coronary intervention, or PCI, a hospital-based procedure used to mechanically open or widen obstructed coronary arteries. REG1 consists of pegnivacogin, an anticoagulant
aptamer, and its specific active control agent, anivamersen. Pegnivacogin achieves its maximal anticoagulant effect within five minutes of injection. Anivamersen is an oligonucleotide, a biological polymer consisting of a relatively small number of
nucleotides chemically bound in a linear sequence that forms a chain-like structure, or strand, and has no pharmacologic activity other than to bind to pegnivacogin. Anivamersen rapidly and precisely reduces or eliminates the anticoagulant activity
of pegnivacogin. Both pegnivacogin and anivamersen are administered by intravenous bolus injection using weight-based dosing. By adjusting the dose of anivamersen relative to pegnivacogin, the anticoagulant effect of pegnivacogin can be precisely
and rapidly controlled or eliminated. The unprecedented level of control that REG1 provides permits physicians to achieve levels of anticoagulation in patients that would be unsafe to use with existing anticoagulants.",THERAPEUTICS,2013-08-22,,,,2834.0,Pharmaceutical Preparations,424b_filing,
"PROTEOSTASIS THERAPEUTICS, INC.",0001445283,https://www.sec.gov/Archives/edgar/data/1445283/000119312515412641/d918922ds1.htm,12/23/2015,"We are an innovative
biopharmaceutical company committed to the discovery and development of novel therapeutics that treat diseases caused by an imbalance in the proteostasis network, a set of pathways that control protein biosynthesis, folding, trafficking and
clearance. Our initial therapeutic focus is on cystic fibrosis, or CF, which is caused by defects in the cystic fibrosis transmembrane conductance regulator, or CFTR, protein and insufficient CFTR protein function. CF is an orphan disease that
affects an estimated 70,000 to 100,000 patients worldwide, with the vast majority of affected individuals in the United States, Canada, Europe and Australia. CF is the most common fatal inherited disease in Caucasians, and there is presently no
cure. Our founders and scientific advisory board members include many of the world’s foremost proteostasis network experts and serve
as an ongoing resource to complement our internal team’s core competencies. Leveraging our unique and comprehensive expertise of the proteostasis network, we have developed the Disease Relevant Translation, or DRT, technology platform, a
validated drug screening approach for identifying highly translatable therapeutics based on predictive and functionally pertinent phenotypic assays and disease relevant models. Using this proprietary platform, we identified a new class of small
molecules, which we call amplifiers, that modulate proteins in the proteostasis network.",THERAPEUTICS,2016-02-12,,,,2834.0,Pharmaceutical Preparations,424b_filing,
EYEGATE PHARMACEUTICALS INC,0001372514,https://www.sec.gov/Archives/edgar/data/1372514/000114420414045707/v383973_s1.htm,7/30/2014,"We are a clinical-stage specialty pharmaceutical company that is focused on developing and commercializing therapeutics and drug delivery systems for treating diseases of the eye. EGP-437, our first and only product in clinical trials, incorporates a reformulated topically active corticosteroid, dexamethasone phosphate, that is delivered into the ocular tissues though our proprietary innovative drug delivery system, the EyeGate® II Delivery System. EGP-437 is being developed under the 505(b)(2) New Drug Application, or NDA, regulatory pathway for drugs submitted for approval to the U.S. Food and Drug Administration, or
FDA, which enables an applicant to rely, in part, on the FDA’s findings of safety and efficacy for an existing product, or published literature, in support of its NDA. The EyeGate® II Delivery System and EGP-437, are designed to address two major issues in ophthalmic medicine: lack of patient compliance and safety. The EyeGate® II Delivery System features a compact, elegant, and easy-to-use device that we believe has the potential to deliver drugs non-invasively and quickly into the ocular tissues through the use of iontophoresis, which can accelerate the onset of action, dramatically reduce treatment frequency versus eye drops and sustain therapeutic effect. Iontophoresis employs the use of a low electrical current that promotes the migration of a charged drug substance across
biological membranes. The current produces ions, which through electrorepulsion, drive a like-charged drug substance into the tissues. The EyeGate® II Delivery System is easy-to-use, only takes a few minutes to employ and has been utilized to administer more than 1,700 experimental treatments. We hold worldwide commercialization rights to the EyeGate® II Delivery System.",THERAPEUTICS,2015-02-13,,,,2834.0,Pharmaceutical Preparations,424b_filing,
SELECTA BIOSCIENCES INC,0001453687,https://www.sec.gov/Archives/edgar/data/1453687/000104746916013398/a2228672zs-1.htm,5/24/2016,"We are a clinical-stage biopharmaceutical company using our proprietary synthetic vaccine particle, or SVP, technology to discover and develop
targeted therapies that are designed to modulate the immune system to effectively and safely treat rare and serious diseases. Many such diseases are treated with biologic therapies that are foreign to
the patient's immune system and, therefore, elicit an undesired immune response. Of particular concern are anti-drug antibodies, or ADAs, which are produced by the immune system in response to
biologic therapy and can adversely affect the efficacy and safety of treatment. Our proprietary SVP technology encapsulates an immunomodulator in biodegradable nanoparticles to induce antigen-specific
immune tolerance to mitigate the formation of ADAs in response to life-sustaining biologic drugs. We believe our SVP technology has the potential for broad applications to both enhance existing
biologic drugs and enable novel therapies. Our lead product candidate, SEL-212, is a combination of a therapeutic enzyme and our SVP technology designed to be the first biologic treatment for gout
that durably controls uric acid in refractory gout and dissolves and removes harmful deposits of uric acid crystals in chronic tophaceous gout, each a painful and debilitating disease with unmet
medical need. SEL-212 is currently in a comprehensive Phase 1/2 clinical program. The Phase 1/2 clinical program is comprised of two Phase 1 clinical trials and a Phase 2
clinical trial, and is designed to evaluate the ability of SEL-212 to control uric acid levels and mitigate the formation of ADAs. Based on preliminary data from our ongoing Phase 1b clinical
trial, we believe that SEL-212 has the potential to control serum uric acid levels for at least 30 days after a single dose by mitigating the formation of ADAs in response to the therapeutic enzyme.
We expect to receive final data from both Phase 1 clinical trials and initiate the Phase 2 clinical trial in the second half of 2016. Despite
rapid advancement in biologic treatment of rare and serious diseases, many biologic therapies are not broadly effective because they are exogenous proteins that are foreign to the patient's
immune system and, therefore, may elicit an immune response, known as immunogenicity. Undesired immunogenicity includes the formation of ADAs that can compromise the drug's efficacy and cause serious
allergic reactions. The formation of ADAs is known to occur in established treatme",THERAPEUTICS,2016-06-23,,,,2834.0,Pharmaceutical Preparations,424b_filing,
"Mersana Therapeutics, Inc.",0001442836,https://www.sec.gov/Archives/edgar/data/1442836/000104746917003762/a2232278zs-1.htm,6/1/2017,"We are a clinical stage biopharmaceutical company focused on developing antibody drug conjugates, or ADCs, that offer a clinically meaningful
benefit for cancer patients with significant unmet need. We have leveraged 20 years of industry learning in the ADC field to develop proprietary technologies that enable us to design ADCs to
have improved efficacy, safety and tolerability relative to existing ADC therapies. Our most advanced platform, Dolaflexin, has been used to generate a pipeline of proprietary ADC product candidates
to address patient populations that are not currently amenable to treatment with traditional ADC-based therapies. Our lead product candidate, XMT-1522, is a HER2-targeted ADC currently in a
Phase 1 dose escalation study in primarily breast cancer patients, with interim safety results expected by the end of 2017. Upon the completion of dose escalation, we plan to expand clinical
development of XMT-1522 into additional breast cancer, non-small cell lung cancer, or NSCLC, and gastric cancer patient populations, all of which are not addressed by existing HER2 therapies. Our
second product candidate, XMT-1536, is an ADC targeting NaPi2b, an antigen broadly expressed in ovarian cancer and NSCLC. We expect XMT-1536 to enter clinical development in early 2018. Our current
product candidates, all based on our Dolaflexin platform, are summarized in the chart below: Beyond
our two lead product candidates, we continue to invest in our earlier stage product candidates and in our ADC technologies. In addition, we have established a strategic partnership with Takeda
Pharmaceutical Company Limited, or Takeda, under which they obtained rights to XMT-1522 outside of the United States and Canada. We have also established strategic research and development
partnerships with Takeda and Merck KGaA for the development and commercialization of additional ADC product candidates against a limited number of targets selected by our partners based on our
Dolaflexin platform. Takeda has selected four out of a possible seven target antigens and Merck KGaA has selected all six possible target antigens under their strategic research and development
partnerships. The most advanced ADC product candidates being developed in these partnerships are in the lead optimization stage and all of the ADC product candidates are the subject of ongoing
discovery efforts by our partners. We believe the potential of our ADC technologies, supported by our world-class management team a",THERAPEUTICS,2017-06-29,,,,2834.0,Pharmaceutical Preparations,424b_filing,
PhaseBio Pharmaceuticals Inc,0001169245,https://www.sec.gov/Archives/edgar/data/1169245/000119312518280007/d669557ds1.htm,9/21/2018,"We are a clinical-stage
biopharmaceutical company focused on the development and commercialization of novel therapies to treat orphan diseases, with an initial focus on cardiopulmonary indications. Our lead product candidate, PB2452, is a novel reversal agent for the
antiplatelet drug ticagrelor, which we are developing for the treatment of patients on ticagrelor who are experiencing a major bleeding event or those who require urgent surgery. We recently completed a Phase 1 clinical trial of PB2452 in
healthy subjects. Our second product candidate, PB1046, is a once-weekly fusion protein currently in a Phase 2b clinical trial for the treatment of pulmonary arterial hypertension, or PAH. PB1046 utilizes our proprietary half-life extending
elastin-like polypeptide, or ELP, technology, which also serves as the engine for our preclinical pipeline. We retain worldwide rights to all of our product candidates. PB2452 is a novel recombinant human monoclonal antibody antigen-binding fragment, or Fab fragment, designed to reverse the antiplatelet
activity of ticagrelor. Ticagrelor is an antiplatelet therapy widely prescribed to reduce the rates of death, heart attack and stroke in patients with acute coronary syndrome, or ACS, or who have previously experienced a heart attack. The American
College of Cardiology, American Heart Association and European Society of Cardiology guidelines recognize ticagrelor as the preferred antiplatelet therapy for ACS. In 2017, ticagrelor, currently marketed by AstraZeneca plc, or AstraZeneca, under the
brand names Brilinta and Brilique, had worldwide sales of over $1 billion, an increase of 29% over 2016 sales. In the first half of 2018, ticagrelor had worldwide sales of $609 million, an increase of 23% over sales in the first half of
2017. Ticagrelor binds to platelets to prevent them from forming blood clots, which could restrict blood flow to critical organs in these patients, causing heart attacks or strokes. Due to ticagrelor’s antiplatelet activity, patients on
ticagrelor have an elevated risk of spontaneous bleeding. In addition, patients on ticagrelor who need urgent surgery cannot wait the recommended five days for ticagrelor’s effect to dissipate and are at increased risk of major bleeding during
and after surgery. There are currently no known reversal agents approved or in clinical development for ticagrelor or any of the other antiplatelet drugs. In our Phase 1 clinical trial, PB2452 achieved rapid and complete reversal o",THERAPEUTICS,2018-10-19,,,,2834.0,Pharmaceutical Preparations,424b_filing,
"Visterra, Inc.",0001426375,https://www.sec.gov/Archives/edgar/data/1426375/000119312516421460/d98326ds1.htm,1/5/2016,"We are a clinical-stage
biopharmaceutical company focused on applying our novel Hierotope™ platform to identify unique disease targets and to design and engineer innovative antibody-based therapies that are intended to be effective as a single-dose administration. We
believe that our platform enables us to address the significant unmet need for effective therapies to treat infectious diseases caused by organisms that have a high degree of diversity among strains, frequent mutations and a high prevalence of
treatment resistance. Our most advanced product candidate, VIS410, is a monoclonal antibody, or mAb, that we are developing for the treatment of hospitalized patients with influenza A, regardless of the viral strain. We recently conducted a
randomized, placebo-controlled Phase 2a clinical trial of VIS410, which we refer to as our Phase 2a Challenge Study, in healthy subjects who were inoculated with a strain of the influenza A virus. Our Phase 2a Challenge Study achieved its primary
endpoint with statistical significance. In the second half of 2016, we plan to initiate a global Phase 2a clinical trial in ambulatory patients diagnosed with influenza A and a Phase 2b clinical trial in hospitalized patients diagnosed with
influenza A. We have been awarded a contract from the U.S. Biomedical Advanced Research and Development Authority, or BARDA, an agency of the U.S. government’s Department of Health and Human Services, that includes a forty-month base period
with committed funding of $29.1 million for the development of VIS410 and options that, if exercised in full by BARDA, would extend the contract to sixty months and increase the total funding for the development of VIS410 to $204.5 million. Our
second product candidate, VIS513, is a mAb for the treatment of Dengue. The development of VIS513 is being advanced through our strategic relationships with the Agency for Science, Technology and Research, or A*STAR, an agency of the Singapore
government, in Singapore and Serum Institute of India Private Limited, or SIIPL, in select territories. Under our collaboration with A*STAR, we expect that a Phase 1 clinical trial of VIS513 will be initiated in the second half of 2016. Our initial focus is on the treatment and prevention of acute infectious diseases with limited or suboptimal treatment options. Our
therapeutics have the potential to provide broad coverage across strains, including mutated strains and strains that have recently emerged. We believe that our ",THERAPEUTICS,2016-01-05,,,,2834.0,Pharmaceutical Preparations,s1_filing_date_proxy,
"Athenex, Inc.",0001300699,https://www.sec.gov/Archives/edgar/data/1300699/000119312517168575/d201422ds1.htm,5/12/2017,"We are a
global biopharmaceutical company dedicated to the discovery, development and commercialization of novel therapies for the treatment of cancer. Our mission is to improve the lives of cancer patients by creating more effective, safer and tolerable
treatments. We have generated our clinical product candidates through our Orascovery and Src Kinase Inhibition research platforms, which are based on our understanding of human absorption biology and novel approaches to inhibiting kinase activity,
respectively. We believe that our ability to overcome the challenges of oral delivery of chemotherapy and limitations associated with IV delivery, via our P-gp inhibitor, offers significant potential benefits to patient outcomes by allowing patients
to stay on therapy longer and extending the potential opportunities to combine with other agents, including targeted and immunotherapies that would otherwise be too toxic in combination with IV chemotherapy. We have assembled a leadership team and
have established global operations in the U.S. and China across the pharmaceutical value chain to execute our mission to become a global leader in bringing innovative cancer treatments to the market and improve health outcomes. Our Orascovery
platform is based on the novel oral P-glycoprotein, or P-gp, pump inhibitor molecule HM30181A. The P-gp pump is a plasma membrane protein on the cells of the gut which forms a localized drug transport system and limits effective oral absorption of
known and widely used P-gp substrate cancer chemotherapeutic drugs such as paclitaxel, irinotecan and docetaxel, thus restricting current usage to intravenous, or IV, administration. IV chemotherapies’ adverse events are due in part to sharp
increases in the blood concentration levels of the chemotherapeutic drugs, and infusion-related reactions caused in part by dilution agents used to facilitate IV administration. Although clinical trial results with IV chemotherapy have shown that
the dose-limiting side effects are associated with treatment efficacy, these adverse events have limited the duration of treatment with this route of administration. Through sequential co-administration of HM30181A and oral paclitaxel (together,
Oraxol), we are able to facilitate oral absorption of paclitaxel at therapeutic blood levels by blocking the P-gp pump. We believe oral administration of paclitaxel reduces blood concentration level fluctuations and eliminates infusion-related
reactions related to IV admin",THERAPEUTICS,2017-06-15,,,,2834.0,Pharmaceutical Preparations,424b_filing,
TREVENA INC,0001429560,https://www.sec.gov/Archives/edgar/data/1429560/000104746913009574/a2216912zs-1.htm,10/9/2013,"We are a clinical stage biopharmaceutical company that discovers, develops and intends to commercialize therapeutics that use a novel
approach to target G protein coupled receptors, or GPCRs. Using our proprietary product platform, we have identified and advanced two differentiated product candidates into the clinic. We have
completed a Phase 2a clinical trial and plan to initiate a Phase 2b clinical trial of TRV027 for acute heart failure, or AHF. Forest Laboratories Holdings Limited, or Forest, has the
exclusive option to license TRV027 from us. Our other lead program, TRV130, has completed a Phase 1b clinical trial to evaluate its potential to treat moderate to severe acute pain
intravenously and we plan to complete two additional Phase 1 clinical trials and to initiate a Phase 2 trial in the first half of 2014. We have retained all worldwide development and
commercialization rights to TRV130. We plan to develop and commercialize our two lead product candidates initially in the acute care hospital markets and to advance additional product candidates,
including our two most advanced preclinical programs focused on central nervous system, or CNS, indications. GPCRs
are a large family of cell surface receptors that trigger two signaling pathways, G protein and b -arrestin, and are implicated in
cellular function and disease processes. More than 30% of all currently marketed therapeutics target GPCRs. Currently available therapeutics that target GPCRs, or GPCR ligands,
are typically not signal specific, and therefore either inhibit both the G protein and b -arrestin pathways (an antagonist ligand) or activate both pathways (an
agonist ligand). This lack of signal specificity often results in a suboptimal therapeutic profile for these drugs because in many cases one of the pathways is associated with a beneficial therapeutic
effect and the other is associated with an undesirable side effect (see Figure 1). We use our proprietary Advanced Biased Ligand Explorer, or ABLE, product platform to identify ""biased""
ligands, which are compounds that activate one of the two signaling pathways of the GPCR and inhibit the other (see Figure 2). This signaling specificity is the basis for our drug
discovery and development approach, which is to identify and develop therapeutics targeting established GPCRs while offering a differentiated and superior therapeutic profile compared to currently
available GPCR-targeted drugs.",THERAPEUTICS,2014-01-31,,,,2834.0,Pharmaceutical Preparations,424b_filing,
"Auspex Pharmaceuticals, Inc.",0001454189,https://www.sec.gov/Archives/edgar/data/1454189/000119312513481239/d627086ds1.htm,12/20/2013,"We are a biopharmaceutical company focused on the development and commercialization of novel medicines for the
treatment of orphan diseases, which are rare diseases that affect fewer than 200,000 people in the United States and that may often present unmet medical needs. Our pipeline includes product candidates to address unmet medical needs in hyperkinetic
movement disorders, such as chorea associated with Huntington’s disease, an orphan disease, and tardive dyskinesia and Tourette syndrome, subsets of either of which may be deemed to be orphan diseases, as well as other orphan indications. Our lead product candidate, SD-809, is in a Phase 3 registration clinical trial for the treatment of chorea (abnormal
involuntary movements) associated with Huntington’s disease. Tetrabenazine is the only therapy approved by the U.S. Food and Drug Administration, or FDA, for this indication. Using our know-how in deuterium chemistry, we made chemical
modifications at specific positions in the tetrabenazine molecule to create the novel drug candidate SD-809 (dutetrabenazine). Deuterium is a non-toxic, naturally occurring form of hydrogen. The substitution of deuterium ( 2 H) for hydrogen ( 1 H) at specific positions attenuates the breakdown of the drug’s active metabolites resulting in a differentiated
pharmacokinetic profile compared to tetrabenazine. This profile should enable less frequent dosing, improved tolerability, reduced interpatient variability in drug metabolism, as well as reduced drug interactions and reduced need for genotyping for
drug-metabolizing enzymes. We believe that this profile will allow SD-809 to address unmet needs in a variety of hyperkinetic movement disorders.",THERAPEUTICS,2014-02-05,,,,2834.0,Pharmaceutical Preparations,424b_filing,
"Rib-X Pharmaceuticals, Inc.",0001164994,https://www.sec.gov/Archives/edgar/data/1164994/000119312511322087/d255425ds1.htm,11/25/2011,"We are a biopharmaceutical company developing new antibiotics to provide superior coverage, safety and convenience for the treatment of serious and life-threatening infections. Our proprietary drug discovery
platform, which is based on Nobel Prize-winning science, provides an atomic-level, three-dimensional understanding of interactions between drug candidates and their bacterial targets and enables us to systematically engineer antibiotics with
enhanced characteristics. Our most advanced product candidate, delafloxacin, is intended for use as an effective and convenient first-line therapy primarily in hospitals prior to the availability of a specific diagnosis. Unlike currently available
first-line treatments, delafloxacin has the potential to offer broad-spectrum coverage as a monotherapy, including for methicillin-resistant Staphylococcus aureus , or MRSA, with both intravenous and oral formulations. Delafloxacin has
completed three Phase 2 clinical trials, and we have fully enrolled our Phase 2b clinical trial of delafloxacin for the treatment of acute bacterial skin and skin structure infections, or ABSSSI. We expect to receive Phase 2b top-line data at the
end of 2011 and plan to commence Phase 3 development in the second half of 2012. Subject to the results of Phase 3 clinical trials, we anticipate submitting a New Drug Application for delafloxacin for the treatment of ABSSSI as early as 2014
and for additional indications thereafter. Our second product candidate, radezolid, is a next-generation, IV/oral oxazolidinone designed to be a potent antibiotic with a safety profile permitting long-term treatment of resistant infections,
including those caused by MRSA. We have completed two Phase 2 clinical trials of radezolid. We are also pursuing development of RX-04, our preclinical program partnered with Sanofi, S.A., which has produced new classes of antibiotics that target a
novel binding site within the bacterial ribosome and are designed to combat the most difficult-to-treat, multi-drug resistant Gram-positive and Gram-negative bacteria. Because its protein building function is essential for the life of
infection-causing bacterium, the bacterial ribosome is the target of most marketed antibiotics, which work by binding to the ribosome and inhibiting its function. In addition, our pipeline includes RX-05, an antibacterial discovery program, and
RX-06, an antifungal discovery program, both of which target newly discovered binding sites within ribosomes",THERAPEUTICS,2011-11-25,,,,2834.0,Pharmaceutical Preparations,s1_filing_date_proxy,
CATABASIS PHARMACEUTICALS INC,0001454789,https://www.sec.gov/Archives/edgar/data/1454789/000104746915004732/a2223775zs-1.htm,5/13/2015,"Jill C. Milne, Ph.D. President and Chief Executive Officer Catabasis Pharmaceuticals, Inc. One Kendall Square Bldg. 1400E, Suite B14202 Cambridge, Massachusetts 02139 (617) 349-1971 (Name, address, including zip code, and telephone number, including area code, of agent for service) We are a clinical-stage biopharmaceutical company focused on the discovery, development and commercialization of novel therapeutics
based on our proprietary Safely Metabolized And Rationally Targeted, or SMART, linker technology platform. Our SMART linker technology platform is based on the concept of treating diseases by
simultaneously modulating multiple biological targets in one or more related disease pathways. We engineer bi-functional product candidates that are conjugates of two molecules, or bioactives, each
with known pharmacological activity, joined by one of our proprietary SMART linkers. Our SMART linker conjugates are designed for enhanced efficacy and improved safety and tolerability. Our initial
focus is on treatments for rare diseases. We are also developing other product candidates for the treatment of serious lipid disorders. We target therapeutic areas and specific diseases with
significant unmet medical need where we believe we will have a competitive advantage. We seek to develop therapies that modulate multiple targets in the disease pathway.",THERAPEUTICS,2015-06-25,,,,2834.0,Pharmaceutical Preparations,424b_filing,
Acucela Inc,0001400482,https://www.sec.gov/Archives/edgar/data/1400482/000119312513475569/d538257ds1.htm,12/17/2013,"We are a clinical-stage biotechnology company that specializes in discovering and developing novel therapeutics to treat and slow the
progression of sight-threatening ophthalmic diseases impacting millions of individuals worldwide. We focus on developing oral products based on our proprietary visual cycle modulation, or VCM, compounds to address a variety of retinal diseases,
primarily age-related macular degeneration, or AMD, diabetic retinopathy, or DR, and diabetic macular edema, or DME, and potentially Stargardt disease, retinitis pigmentosa and retinopathy of prematurity. Our product candidates are designed to
address the root cause of these diseases by reducing toxic by-products and oxidative damage as well as protecting the retina from light damage. The visual cycle is the biological conversion of a photon into an electrical signal in the retina. Our
approach to treating and slowing the progression of ophthalmic diseases utilizes proprietary compounds that reduce the speed of, or modulate, the visual cycle. We believe that our insight into modulating the visual cycle combined with our deep
expertise in ophthalmic research and development enables us to develop product candidates that, if approved, should preserve vision and provide relief to patients worldwide suffering from the debilitating effects of multiple eye diseases. While we are primarily focused on developing product candidates based on our proprietary VCM compounds, we are in the early
stages of developing a therapy for the treatment of glaucoma. We believe significant market opportunities exist for our lead product candidates based on a large and growing worldwide ophthalmic pharmaceutical market and our belief that currently
available therapies are inadequate. According to visiongain, an independent research firm, the worldwide ophthalmic pharmaceutical market was $17.5 billion in 2011 and is expected to grow to $34.7 billion by 2023, representing a 5.9% compounded
annual growth rate. Our two lead product candidates target segments of this market that collectively represented a majority of its value in 2011.",THERAPEUTICS,2014-02-03,,,,2834.0,Pharmaceutical Preparations,424b_filing,
GLYCOMIMETICS INC,0001253689,https://www.sec.gov/Archives/edgar/data/1253689/000119312513391443/d572031ds1.htm,10/4/2013,"We are a clinical stage biotechnology company focused on the discovery and development of novel glycomimetic drugs to address unmet medical needs
resulting from diseases in which carbohydrate biology plays a key role. Glycomimetics are molecules that mimic the structure of carbohydrates involved in important biological processes. Using our expertise in carbohydrate chemistry and knowledge of
carbohydrate biology, we are developing a pipeline of proprietary glycomimetics that inhibit disease-related functions of carbohydrates, such as the roles they play in inflammation, cancer and infection. We believe this represents an innovative
approach to drug discovery to treat a wide range of diseases. We are focusing our initial efforts on drug candidates for rare diseases that we believe
will qualify for orphan drug designation. We are developing our lead drug candidate, GMI-1070, also known as rivipansel sodium, for the treatment of vaso-occlusive crisis, or VOC, one of the most severe complications of sickle cell disease. VOC is
typically characterized by excruciating, debilitating pain that occurs periodically throughout the life of a person with sickle cell disease. According to the U.S. Centers for Disease Control and Prevention, there were approximately 73,000
hospitalizations related to VOC in the United States in 2010. The standard of care in the United States for people experiencing VOC is to manage its symptoms, which typically includes hospitalization, narcotic pain management and hydration. There
are no approved therapies that interrupt VOC once it has started or that treat the underlying cause of the pain.",THERAPEUTICS,2014-01-10,,,,2834.0,Pharmaceutical Preparations,424b_filing,
"Carbylan Therapeutics, Inc.",0001348911,https://www.sec.gov/Archives/edgar/data/1348911/000119312514455475/d781411ds1.htm,12/29/2014,"This is the
initial public offering of our common stock. Prior to this offering, there has been no public market for our common stock. We currently expect the initial public offering price to be between $         and
$         per share of common stock. We are a
clinical-stage specialty pharmaceutical company focused on the development and commercialization of novel and proprietary combination therapies that address significant unmet medical needs. Our initial focus is on the development of Hydros-TA, our
proprietary, potentially best-in-class intra-articular, or IA, injectable product candidate to treat pain associated with osteoarthritis, or OA, of the knee. Current joint injection, or intra-articular, treatments for OA pain include
corticosteroids, which provide short-term relief, and viscosupplements, which provide relief over the longer-term. In contrast, Hydros-TA utilizes our proprietary cross-linking technology to deliver both rapid pain relief with a low dose
corticosteroid triamcinolone acetonide, or TA, and sustained pain relief from our novel hyaluronic acid viscosupplement. In our Phase 2b study of 98 patients, though not designed to show statistical significance, Hydros-TA demonstrated better
pain reduction at all time points measured than Synvisc-One, the U.S. market-leading viscosupplement.",THERAPEUTICS,2015-04-09,,,,2834.0,Pharmaceutical Preparations,424b_filing,
Dicerna Pharmaceuticals Inc,0001399529,https://www.sec.gov/Archives/edgar/data/1399529/000119312513488587/d622509ds1.htm,12/31/2013,"We are a biopharmaceutical company focused
on the discovery and development of innovative treatments for rare inherited diseases involving the liver and for cancers that are genetically defined. We are using our proprietary RNA interference (RNAi) technology platform, which we believe
improves on existing RNAi technologies, to build a broad pipeline in these therapeutic areas. We intend to discover, develop and commercialize novel therapeutics either on our own or in collaboration with pharmaceutical partners. In indications such
as rare diseases in which a small sales force will suffice, we expect to retain substantially all commercial rights in key markets. In oncology and other more prevalent disease areas, we intend to partner our product candidates while seeking to
retain significant portions of the commercial rights in North America. We have partnered two of our oncology development programs with the global pharmaceutical company Kyowa Hakko Kirin Co., Ltd. (KHK). We are eligible to receive royalties on
worldwide net sales for these product candidates. We have an option to co-promote any product candidate targeting the oncogene KRAS, the more advanced of these two programs, in the U.S. for an equal share of the profits from U.S. net sales. All of our drug discovery and development efforts are based on the therapeutic modality of RNAi, a highly potent and
specific mechanism for silencing the activity of a targeted gene. In this biological process certain double-stranded RNA molecules induce the potent and specific enzymatic destruction of the messenger RNAs (mRNAs) of target genes containing
sequences that are complementary to one strand of the therapeutic double-stranded RNA molecule. Our discovery approach is based on double-stranded RNAs that we believe maximize RNAi potency in that they represent what we believe are optimal
molecules for the RNAi initiating enzyme Dicer. We refer to these proprietary RNAi molecules as Dicer substrates, or DsiRNAs.",THERAPEUTICS,2014-01-30,,,,2834.0,Pharmaceutical Preparations,424b_filing,
"KEMPHARM, INC",0001434647,https://www.sec.gov/Archives/edgar/data/1434647/000119312515087360/d793437ds1.htm,3/11/2015,"We are a clinical-stage specialty pharmaceutical company engaged in the discovery and development of proprietary prodrugs that we believe will be
improved versions of widely prescribed, approved drugs. We employ our Ligand Activated Therapy, or LAT, platform technology to create our prodrugs, each of which is a new molecular entity, or NME. We believe our prodrugs, as NMEs, will be eligible
for composition-of-matter patent protection. We intend to employ the regulatory pathway under Section 505(b)(2) of the Federal Food, Drug and Cosmetic Act, otherwise known as 505(b)(2),to reduce the time, risk and expense associated with drug
development. A prodrug is a precursor chemical compound of a drug that is inactive or less than fully active, which is then converted in the body to its active form through a normal metabolic process. A new molecular entity is an active ingredient
that has not been marketed in the United States in any form. Our most advanced product candidate, KP201/APAP, consists of KP201, our NME prodrug of
hydrocodone, formulated in combination with acetaminophen, or APAP. We are developing KP201/APAP as an immediate release, or IR, product candidate for the treatment of acute moderate to moderately severe pain. We designed KP201/APAP to deter
tampering and abuse by selecting a molecular structure that prevents the release of the opioid upon crushing, physical manipulation and other commonly employed extraction techniques. We believe this approach to abuse-deterrence at the molecular
level may be more effective than many formulation-based abuse-deterrence technologies, which combine the opioid drug with another drug or use an abuse-deterrent capsule or physical matrix.",THERAPEUTICS,2015-04-16,,,,2834.0,Pharmaceutical Preparations,424b_filing,
TETRALOGIC PHARMACEUTICALS CORP,0001361248,https://www.sec.gov/Archives/edgar/data/1361248/000104746913009777/a2216962zs-1.htm,10/18/2013,"We are a clinical-stage biopharmaceutical company focused on discovering and developing novel small molecule therapeutics that mimic
Second Mitochondrial Activator of Caspases, or SMAC-mimetics, and are designed to cause or enable abnormal cells that are resistant to the body's immune system to self-destruct. Birinapant, our
clinical-stage product candidate, is currently being tested in Phase 1 and Phase 2 oncology clinical trials for multiple solid tumors and hematological malignancies. Our clinical trials
of birinapant have enrolled over 275 subjects. Our
lead program is colorectal cancer, or CRC, where we have substantially completed a Phase 1/2 clinical trial, and we intend to start a randomized Phase 2/3 clinical trial in
the second half of 2014. Birinapant is also being tested in an ongoing Phase 1/2 clinical trial in various blood cancers. We have started a Phase 1 clinical trial in myelodysplastic syndromes,
or MDS, and, upon its completion, intend to start a randomized Phase 3 clinical trial in the second half of 2014. We also have an open Investigational New Drug Application, or IND, and intend
to start a Phase 1/2 ovarian cancer clinical trial in 2013. Beyond our work in cancer, we are evaluating birinapant and other product candidates in pre-clinical studies as potential antiviral
therapeutic agents, with the goal of starting an antiviral clinical program in the first quarter of 2015.",THERAPEUTICS,2013-12-12,,,,2834.0,Pharmaceutical Preparations,424b_filing,
GLOBEIMMUNE INC,0001245104,https://www.sec.gov/Archives/edgar/data/1245104/000119312512292349/d358280ds1.htm,7/2/2012,"We are a biopharmaceutical company focused on developing therapeutic products for cancer and infectious diseases based on our proprietary Tarmogen ® platform. Tarmogens activate the immune system by stimulating cellular immunity, known as T cell immunity, in contrast to traditional vaccines, which predominately
stimulate antibody production. We have four Tarmogen product candidates in five ongoing clinical trials. Our lead cancer product candidate, GI-4000, is being evaluated in combination with gemcitabine in a fully-enrolled, placebo-controlled Phase 2b
trial in resected pancreas cancer. Our lead infectious disease product candidate, GI-5005, has completed a randomized, active-control Phase 2b trial in chronic hepatitis C virus, or HCV, infection. Collaborations with biopharmaceutical companies and
research institutions have allowed us to advance the development of our Tarmogen product candidates while managing our own investment in these product candidates. We have two strategic collaborations, one with Celgene Corporation for all oncology
product candidates and one with Gilead Sciences, Inc. for chronic hepatitis B virus, or HBV, infection. Our Tarmogen platform
technology has characteristics that we believe will enable us, in collaboration with our strategic collaborators and independently, to develop and commercialize a portfolio of Tarmogen products. Highlights of our Tarmogen technology include:",THERAPEUTICS,2014-07-02,,,,2834.0,Pharmaceutical Preparations,424b_filing,
Cerulean Pharma Inc.,0001401914,https://www.sec.gov/Archives/edgar/data/1401914/000119312514090300/d657877ds1.htm,3/10/2014,"We are a
clinical-stage oncology-focused company applying our proprietary dynamic tumor targeting platform to develop differentiated therapies. Our nanopharmaceutical product candidates consist of proprietary polymers that are covalently linked to
anti-cancer therapeutics, or payloads. We believe these nanopharmaceuticals dynamically target tumors by exploiting the leakiness of new blood vessels in tumors as an entry portal into tumor tissue, followed by active uptake into tumor cells and the
sustained release of the anti-cancer payload inside the tumor cells. Our lead product candidate, CRLX101, is in Phase 2 clinical
development and has the potential to address an unmet need where existing cancer therapies fail. We believe CRLX101, which contains camptothecin as its anti-cancer payload, is a potent, durable and combinable inhibitor of topoisomerase 1, or topo 1,
a commercially validated cancer target, and hypoxia inducible factor, or HIF, a novel target of increasing interest in cancer research. Recent research suggests that HIF-1 a is a master regulator of
multiple cancer cell survival pathways.",THERAPEUTICS,2014-04-14,,,,2834.0,Pharmaceutical Preparations,424b_filing,
STEMLINE THERAPEUTICS INC,0001264587,https://www.sec.gov/Archives/edgar/data/1264587/000104746912003748/a2208288zs-1.htm,4/2/2012,"We are a clinical-stage biopharmaceutical company focused on discovering, acquiring, developing and commercializing proprietary
therapeutics that target both cancer stem cells, or CSCs, and tumor bulk. We believe that we are developing the most clinically advanced pipeline of anti-CSC therapeutics and that we hold
a broad portfolio of CSC-focused intellectual property, establishing us as a leader in the CSC field. Among the therapeutic candidates in our portfolio, we are currently developing two
clinical-stage product candidates, SL-401 and SL-701, for which we hold global marketing rights. The lead indication for SL-401, a biologic-drug
conjugate, is acute myeloid leukemia, or AML. The lead indications for SL-701, a synthetic peptide vaccine, are pediatric and adult brain cancer. In completed Phase 1/2 clinical
trials, both SL-401 and SL-701 have demonstrated single agent activity, including durable complete responses, or CRs, and longer overall survival, or OS, in patients compared
with that achieved in the past with traditional therapies. We plan to advance SL-401 into a 200 patient randomized Phase 2b clinical trial to treat adult relapsed or refractory AML
patients who failed two previous treatments (i.e. third-line AML) with OS as the primary endpoint. We plan to advance SL-701 into a pivotal Phase 2b clinical
trial to treat pediatric patients with newly diagnosed brain stem glioma, or BSG. In addition, we plan to advance SL-701 into a randomized Phase 2b clinical trial in adult patients
with glioblastoma, or GBM, who failed one previous treatment (i.e. second-line GBM) with a development plan designed to culminate in registration. We have a proprietary discovery
platform, StemScreen®, for the discovery of novel CSC-targeted compounds, from which we have discovered or validated several of our clinical and preclinical product candidates
and which we believe may be instrumental in the discovery of additional new therapies targeting a wide range of cancer types. The
field of CSCs is a new area of cancer biology with the potential to fundamentally alter the approach to oncology drug development. CSCs have been identified in virtually all major tumor types,
including leukemia and cancers of the brain, breast, colon, prostate and pancreas. CSCs are the highly malignant ""seeds"" of a tumor that self-renew and generate more mature cells that
comprise the bulk of the tumor, or ""the tumor bulk."" As such, we believe that CSCs are responsible for tumor initiation",THERAPEUTICS,2013-01-29,,,,2834.0,Pharmaceutical Preparations,424b_filing,
HYPERION THERAPEUTICS INC,0001386858,https://www.sec.gov/Archives/edgar/data/1386858/000119312512161453/d178027ds1.htm,4/13/2012,"We are a biopharmaceutical company focused on the development and commercialization of novel therapeutics to treat
disorders in the areas of orphan diseases and hepatology. We are developing Ravicti ™ (glycerol phenylbutyrate)
to treat the most prevalent urea cycle disorders, or UCD, and hepatic encephalopathy, or HE. UCD and HE are generally characterized by elevated levels of ammonia in the bloodstream. Elevated levels of ammonia are potentially toxic and can lead to
severe medical complications which may include death. Ravicti is designed to lower ammonia in the blood. On December 23, 2011, we submitted an NDA for Ravicti for the chronic management of UCD in patients aged 6 years and above based on data
from our pivotal Phase III trial in adult patients and the results of two Phase II trials, one in adults and one in pediatric patients aged 6 through 17 years. The U.S. Food and Drug Administration, or FDA, accepted the NDA for review in February
2012. Under the Prescription Drug User Fee Act, or PDUFA, the FDA is currently due to notify us regarding Ravicti’s approval status by October 23, 2012, unless that action date is extended by the FDA. In April 2012, we intend to submit
data from the switchover portion of a clinical trial in UCD patients aged 29 days through 5 years and a revised draft package insert requesting approval of Ravicti to include this patient population. We currently expect to commercially launch
Ravicti in the first half of 2013. UCD are inherited rare genetic diseases caused by a deficiency of one or more enzymes or
protein transporters that constitute the urea cycle, which in a healthy individual removes ammonia through the conversion of ammonia to urea. We believe UCD occur in approximately 1 in 10,000 births in the United States. Ravicti was granted orphan
drug designation by the FDA for the maintenance treatment of patients with UCD. Orphan drug designation is given to a drug candidate intended to treat a rare disease or condition, which affects fewer than 200,000 individuals in the United States.",THERAPEUTICS,2012-07-27,,,,2834.0,Pharmaceutical Preparations,424b_filing,
"BIND Therapeutics, Inc",0001385228,https://www.sec.gov/Archives/edgar/data/1385228/000119312513330904/d555506ds1.htm,8/12/2013,"We are a
clinical-stage nanomedicine platform company developing Accurins, our novel targeted and programmable therapeutics. Accurins are designed with specified physical and chemical characteristics to target specific cells or tissues and concentrate a
therapeutic payload at the site of disease to enhance efficacy while minimizing adverse effects on healthy tissues. Our strategy is to leverage our medicinal nanoengineering platform to develop our own pipeline of Accurins, initially in oncology, as
well as Accurins in collaboration with biopharmaceutical companies. Our lead drug candidate, BIND-014, is in Phase 2 clinical trials for non-small cell lung cancer, or NSCLC, and metastatic castrate-resistant prostate cancer, or mCRPC. To date in
2013, we have announced collaborations with Amgen, Pfizer and AstraZeneca to develop Accurins based on therapeutic payloads from their product pipelines, with the potential to achieve a total of over $1 billion in upfront and future milestone
payments, including over $450 million in pre-commercial milestones. Our management team has extensive experience in the
development, regulatory approval and commercialization of nanotechnology drugs. Currently, the two leading nanotechnology cancer drugs are Doxil, a liposomal doxorubicin, and Abraxane, an albumin nanoparticle paclitaxel. Our chief executive officer
was the president and chief operating officer of SEQUUS Pharmaceuticals, Inc., the company that developed and commercialized Doxil. Both our chief medical officer and our head of regulatory affairs served in those roles at Abraxis Bioscience, Inc.,
the company that developed Abraxane. Our platform originated from the pioneering nanotechnology research at the Massachusetts Institute of Technology and Brigham and Women’s Hospital/Harvard Medical School of our scientific founders and
directors Dr. Robert Langer and Dr. Omid Farokhzad. Our scientists and engineers continue to advance this technology to produce the next generation of targeted nanomedicines.",THERAPEUTICS,2013-09-20,,,,2834.0,Pharmaceutical Preparations,424b_filing,
"PHASERX, INC.",0001429386,https://www.sec.gov/Archives/edgar/data/1429386/000114420416094827/v436210_s1.htm,4/18/2016,"This is our initial public offering of common stock. We are offering      shares of our common stock, par value $0.0001 per share. We currently estimate that the initial public offering price will be between $     and $     per share. Prior to this offering, no public market has existed for the shares of our common stock. We have applied to list our common stock on The NASDAQ Capital Market under the symbol “PZRX”. Four existing investors and two additional funds affiliated with such existing investors who constitute our principal stockholders have indicated an interest in purchasing an aggregate of up to approximately $9.4 million in shares of our common stock in this offering at the offering price. However, because indications of interest are not binding agreements or commitments to purchase, these investors may determine to purchase fewer shares than they indicate an interest in purchasing or not to purchase any shares in this offering.",THERAPEUTICS,2016-05-18,,,,2834.0,Pharmaceutical Preparations,424b_filing,
FIVE PRIME THERAPEUTICS INC,0001175505,https://www.sec.gov/Archives/edgar/data/1175505/000119312513304936/d536956ds1.htm,7/26/2013,"We are a clinical-stage biotechnology company focused on discovering and developing novel protein therapeutics. Protein therapeutics are antibodies or drugs
developed from extracellular proteins or protein fragments that block disease processes, including cancer and inflammatory diseases. We have developed a library of more than 5,600 human extracellular proteins, which we believe represent
substantially all of the body’s medically important targets for protein therapeutics. We screen this comprehensive library with our proprietary high-throughput protein screening technologies to identify new targets for protein therapeutics.
This platform has allowed us to develop a pipeline of novel product candidates for cancer and inflammatory diseases and to generate over $220 million under our collaboration arrangements. Each of our product candidates has an innovative mechanism of action and addresses patient populations for which better therapies are still needed. In addition, we are pursuing companion diagnostics for each of our
lead programs to allow us to select patients most likely to benefit from treatment and therefore accelerate clinical development and improve patient care. Our most advanced product candidates are as follows:",THERAPEUTICS,2013-09-18,,,,2834.0,Pharmaceutical Preparations,424b_filing,
Conatus Pharmaceuticals Inc,0001383701,https://www.sec.gov/Archives/edgar/data/1383701/000119312513258411/d528948ds1.htm,6/14/2013,"We are a
biotechnology company focused on the development and commercialization of novel medicines to treat liver disease. We are developing our lead compound, emricasan, for the treatment of patients in orphan populations with chronic liver disease and
acute exacerbations of chronic liver disease. To date, emricasan has been studied in over 500 subjects in ten clinical trials. In a randomized Phase 2b clinical trial in patients with liver disease, emricasan demonstrated a statistically
significant, consistent, rapid and sustained reduction in elevated levels of two key biomarkers of inflammation and cell death, alanine aminotransferase, or ALT, and cleaved Cytokeratin 18, or cCK18, respectively, both of which are implicated in the
severity and progression of liver disease. Our initial development strategy targets indications for emricasan with high unmet clinical need in orphan patient populations, such as patients with acute-on-chronic liver failure, or ACLF, chronic liver
failure, or CLF, and patients who have developed liver fibrosis post-orthotopic liver transplant due to Hepatitis C virus infection, or HCV-POLT. We expect to initiate a Phase 2b ACLF trial and a Phase 3 HCV-POLT trial (currently
designated a Phase 3 registration study in the European Union and a Phase 2b study in the United States) in the second half of 2013 and a Phase 2b CLF trial in the second half of 2014. Emricasan is a first-in-class, orally active caspase protease inhibitor designed to reduce the activity of enzymes that mediate
inflammation and cell death, or apoptosis. We believe that by reducing the activity of these enzymes, emricasan has the potential to interrupt the progression of liver disease. We have observed compelling preclinical and clinical trial results that
suggest emricasan may have clinical utility in slowing progression of liver diseases regardless of the original cause of the disease. In particular, we have completed two placebo-controlled Phase 2 trials in patients with liver disease showing
statistically significant reductions in ALT levels that occur rapidly, within as little as one day after initiation of therapy, and are maintained throughout the treatment period. In our 204-patient Phase 2b trial, we also measured cCK18, an
important biomarker of apoptosis and disease severity. Statistically significant reductions in cCK18 were demonstrated in this trial as early as three hours post-dosing and were maintained for the duration of dosing. Emricasan has b",THERAPEUTICS,2013-07-25,,,,2834.0,Pharmaceutical Preparations,424b_filing,
PROTEON THERAPEUTICS INC,0001359931,https://www.sec.gov/Archives/edgar/data/1359931/000104746914007662/a2221427zs-1.htm,9/16/2014,"We are a late-stage biopharmaceutical company focused on the development of novel, first-in-class pharmaceuticals to address the needs
of patients with renal and vascular disease. Our product candidate, PRT-201, is a recombinant human elastase that we are developing to reduce vascular access failure in patients with chronic kidney
disease undergoing or preparing for hemodialysis, a lifesaving treatment that cannot be conducted without a functioning vascular access. We believe the data from our completed Phase 2 trial of
PRT-201 in patients undergoing creation of an arteriovenous fistula, or AVF, support that a one-time, local application of PRT-201 during AVF surgical placement reduces AVF failure, thereby improving
patient outcomes and reducing the burden on patients and the healthcare system. We are not aware of any approved preventative treatments to reduce the failure rate of AVFs. In May 2014, following the results from our Phase 2 trial and to fund our first Phase 3 trial, we closed on the $25.0 million first tranche of a $45.0 million
total financing. The financing was led by Abingworth, Deerfield and Pharmstandard and included investments from our existing venture investors. We initiated the first of two Phase 3 trials for
PRT-201 in radiocephalic AVFs, our initial indication, in the third quarter of 2014 and expect to initiate the second Phase 3 trial in the first half of 2015. PRT-201 has received fast track
designation which is designed to facilitate the development and expedite the review of drugs to treat serious conditions and fill an unmet medical need, from the United States Food and Drug
Administration, or FDA, and orphan drug designation in the United States and European Union, for hemodialysis vascular access indications.",THERAPEUTICS,2014-10-22,,,,2836.0,"Biological Products, (No Diagnostic Substances)",424b_filing,
Virobay Inc,0001374261,https://www.sec.gov/Archives/edgar/data/1374261/000119312514337978/d748272ds1.htm,9/10/2014,"We are a clinical-stage biopharmaceutical company utilizing our cysteine cathepsin platform for the development and commercialization of novel drugs. We believe cysteine cathepsins are
critically important enzymes in the biology of many diseases. By inhibiting these enzymes, we believe we can develop safer and more effective therapies for these diseases. Our current programs are focused on addressing significant unmet medical
needs for the treatment of neuropathic pain, autoimmune diseases and fibrosis. We apply scientific, clinical and commercial
criteria in choosing which programs to advance. We have applied these criteria to focus specifically on inhibitors of cathepsins S and B. Each of our product candidates has a novel mechanism of action, addresses patient populations for which better
therapies are still needed and represents a significant commercial opportunity. In addition, our use of biomarkers as potential companion diagnostics is intended to allow us to optimize dosing schedules and potentially identify patient populations,
facilitating effective and efficient trial design. The table below depicts the current status of our product candidates:",THERAPEUTICS,2014-09-10,,,,2834.0,Pharmaceutical Preparations,s1_filing_date_proxy,
THAR PHARMACEUTICALS INC,0001428369,https://www.sec.gov/Archives/edgar/data/1428369/000119312516686457/d149128ds1.htm,8/19/2016,"We are a clinical stage
biopharmaceutical company focused on developing and commercializing a pipeline of novel, oral therapies designed to solve clinical limitations of existing intravenous-only therapies for serious and life threatening conditions. Using our proprietary
Enhance technology platform, we are developing our lead product candidate, T121, for the management of pain associated with complex regional pain syndrome, or CRPS, a debilitating orphan condition. T121 is an orally-administered, zoledronic acid
molecular complex, formulated as a delayed-release composition, that was granted Orphan Drug Designation by the U.S. Food and Drug Administration, or FDA, in April 2015 for the treatment of CRPS. We plan to further utilize our Enhance technology to
create a pipeline of novel, patentable oral product candidates by modifying the relevant physicochemical properties of intravenous-only and other approved drugs to improve pharmacokinetics and performance of the original drug. Our lead product candidate, T121, is a novel, non-opioid, oral formulation of zoledronic acid for the management of pain associated with CRPS.
Zoledronic acid is the most potent bisphosphonate, a class of drugs known to inhibit osteoclasts, which are key cells involved in the maintenance, repair and remodeling of bone. Zoledronic acid is currently approved in an intravenous, or IV,
formulation in the United States for the treatment of bone-related disorders, including certain cancers metastatic to bone and osteoporosis. CRPS is a chronic, debilitating, pain disorder that affects the extremities for which there are currently no
pharmacological therapies approved by the FDA or European Medicines Agency, or the EMA.",THERAPEUTICS,2016-08-19,,,,2834.0,Pharmaceutical Preparations,s1_filing_date_proxy,
aTYR PHARMA INC,0001339970,https://www.sec.gov/Archives/edgar/data/1339970/000119312515120170/d819057ds1.htm,4/6/2015,"We engage in the
discovery and clinical development of innovative medicines for patients suffering from severe, rare diseases using our knowledge of Physiocrine biology, a newly discovered set of physiological modulators. We have discovered approximately 300
Physiocrines ( physio for life and crine for specific activity), a class of naturally occurring proteins that we believe promote homeostasis, a fundamental process of restoring stressed or diseased tissue to a healthier
state. Physiocrines are extracellular signaling regions of tRNA synthetases, an ancient family of enzymes that catalyze a key step in protein synthesis. We believe that Physiocrines have evolved over time to modulate important cellular pathways by
interacting with various types of cells, including immune and stem cells. Approximately 100 of these proteins interact with the immune system, which we believe presents a significant therapeutic opportunity to restore affected tissues to a healthier
state through natural immuno-modulation mechanisms. We successfully completed a Phase 1 clinical trial of Resolaris, our first development candidate from our discovery engine, and are currently conducting a multi-national exploratory Phase 1b/2
clinical trial of Resolaris in adult patients with facioscapulohumeral muscular dystrophy, or FSHD, a severe, rare genetic myopathy with an immune component, for which there are currently no approved treatments. By leveraging our discovery engine
and our knowledge of rare diseases, we aim to build a proprietary pipeline of novel product candidates with the potential to treat severe, rare diseases characterized by immune dysregulation. We plan to independently commercialize our
Physiocrine-based therapeutics. Our scientists were the first to identify the Resokine pathway ( reso for restoring skeletal
muscle health and kine for activity related to cytokines), an extracellular pathway in human skeletal muscle tissue associated with activities arising from various Physiocrine regions of the histidine aminoacyl tRNA synthetase, or
HARS. We believe the Resokine pathway may play an important role in muscle and lung health. Certain patients with antisynthetase syndrome, a rare auto-immune disease, have antibodies to HARS, which are known as Jo-1 antibodies. These Jo-1 antibody
patients often develop two significant clinical manifestations, skeletal inflammatory myopathy and interstitial lung disease, or ILD. We believe that the binding of Jo-1 antibodies, particular",THERAPEUTICS,2015-05-07,,,,2836.0,"Biological Products, (No Diagnostic Substances)",424b_filing,
"Conkwest, Inc.",0001326110,https://www.sec.gov/Archives/edgar/data/1326110/000119312515229037/d917371ds1.htm,6/19/2015,"We are a pioneering
clinical-stage immunotherapy company focused on harnessing the power of the innate immune system by using the natural killer cell to treat cancer, infectious diseases and inflammatory diseases. Natural killer, or NK, cells are the body’s first
line of defense due to their innate ability to rapidly seek and destroy abnormal cells, such as cancer or virally-infected cells, without prior exposure or activation by other support molecules required to activate adaptive immune cells such as
T-cells. We believe that our proprietary NK cell line, coupled with our planned integrated discovery ecosystem, uniquely positions us to
implement precision cancer medicine and potentially change the current paradigm of cancer care by leveraging the advances that have evolved during the past decade and addressing newly discovered challenges of cancer. We believe that many recent
advances in cancer treatments have not adequately addressed the heterogeneity of tumor cells, the large mutation load per tumor cell identified by advanced genomics sequencing technologies, and the resistance of the cancer stem cell to chemotherapy.
Cancer is only recently understood to be a complex of rare diseases, with hundreds of patient-specific, cancer-promoting mutated proteins, some known and many more unknown. Identifying and targeting these mutated proteins is our strategy to overcome
the challenges of cancer in the era of genomics, transcriptomics and immuno-oncology. We believe neoepitopes, which are newly discovered antigens selectively expressed on the cancer cells and not on the essential normal tissue, represent large
untapped targeting opportunities for immune effector cells such as our activated NK cells.",THERAPEUTICS,2015-07-29,,,,2836.0,"Biological Products, (No Diagnostic Substances)",424b_filing,
VITAL THERAPIES INC,0001280776,https://www.sec.gov/Archives/edgar/data/1280776/000119312513398007/d543159ds1.htm,10/11/2013,"We are a biotherapeutic company focused on developing a cell-based therapy targeting the treatment of acute liver failure. Our product
candidate, the ELAD System, or ELAD, is a bio-artificial liver therapy that operates outside the body, or extracorporeal, and is designed to allow the patient’s own liver to regenerate to a healthy state, or to stabilize the patient until
transplant. We believe that ELAD has the potential to be a life-saving therapy in patients suffering from acute liver failure. ELAD has received orphan designation in the United States and Europe for the treatment of acute liver failure. Acute liver failure represents a serious unmet medical need affecting at least 30,000 patients annually in the United States with similar
incidence rates in Europe. Except for liver transplant, which is limited by a shortage of donor organs, standard-of-care treatment focuses on the management of disease complications, does not restore lost liver function, and is associated with high
mortality. We believe that ELAD holds considerable therapeutic promise because it has shown trends indicating the potential to increase survival rates in patients with acute liver failure. Prior to the initiation of our ongoing Phase 3 clinical
trial program discussed below, more than 150 subjects have received ELAD therapy in seven clinical trials and through a compassionate use program, which we believe collectively show a promising therapeutic profile.",THERAPEUTICS,2014-04-17,,,,2834.0,Pharmaceutical Preparations,424b_filing,
INOTEK PHARMACEUTICALS CORP,0001281895,https://www.sec.gov/Archives/edgar/data/1281895/000119312514396875/d780115ds1.htm,11/5/2014,"We are a clinical-stage biopharmaceutical company focused on the discovery, development and commercialization of therapies for glaucoma. Glaucoma
is a disease of the eye that is typically characterized by structural evidence of optic nerve damage, vision loss and consistently elevated intraocular pressure, or IOP. Our lead product candidate, trabodenoson , is a first-in-class selective
adenosine mimetic that we rationally designed to lower IOP by restoring the eye’s natural pressure control mechanism. We developed this molecule to selectively stimulate a particular adenosine subreceptor in the eye with the effect of
augmenting the intrinsic function of the eye’s trabecular meshwork, or TM. The TM regulates the pressure inside the eye, and is also the main outflow path for the fluid inside of the eye that often builds up pressure in patients with glaucoma.
We believe that by restoring the natural function of the TM and this outflow path, rather than changing the fundamental dynamics of pressure regulation in the eye, trabodenoson ’s mechanism of action should result in a lower risk of
unintended side effects and long term safety issues than other mechanisms of action. Additionally, trabodenoson ’s unique mechanism of action in the TM should complement the activity of existing glaucoma therapies that exert their
IOP-lowering effects on different parts of the in-flow and out-flow system of the eye. Our product pipeline includes trabodenoson monotherapy delivered in an eye drop formulation, as well as a fixed-dose combination, or FDC, of trabodenoson with latanoprost given once-daily, or QD. Statistically significant results for the primary endpoint of our completed Phase
2 clinical trial indicate that trabodenoson monotherapy has IOP-lowering effects in line with the best existing therapies, with a favorable safety and tolerability profile at all doses tested. Our completed Phase 2 trial of trabodenoson co-administered with latanoprost , a prostaglandin analogue, or PGA, demonstrated IOP-lowering in patients who have previously had inadequate responses to treatment with latanoprost . These patients represent PGA
poor-responders, as evidenced by persistently elevated IOP at levels that typically require the addition of a second drug to further lower IOP.",THERAPEUTICS,2015-02-19,,,,2834.0,Pharmaceutical Preparations,424b_filing,
KYTHERA BIOPHARMACEUTICALS INC,0001436304,https://www.sec.gov/Archives/edgar/data/1436304/000104746912006126/a2208613zs-1.htm,5/17/2012,"We are a clinical-stage biopharmaceutical company focused on the discovery, development and commercialization of novel prescription products for the
aesthetic medicine market. Our objective is to develop first-in-class, prescription products using an approach that relies on the scientific rigor of biotechnology to address
unmet needs in the rapidly-growing market for aesthetic medicine. Our initial focus is on the facial aesthetics market, which comprises the majority of the aesthetic medicine market. Our product
candidate, ATX-101, is a potential first-in-class, injectable drug currently in Phase III clinical development for the reduction of submental fat, which
commonly presents as an undesirable ""double chin."" Based on clinical trials conducted to date, ATX-101 has exhibited significant, meaningful and durable results in the reduction of
submental fat. These results correspond with patient satisfaction measures demonstrating meaningful improvement in perceived chin appearance. If approved by applicable regulatory authorities, we
believe ATX-101 will be an attractive solution for the reduction of submental fat, representing a new product category within the rapidly growing facial aesthetics market. ATX-101
is a proprietary synthetic formulation of sodium deoxycholate, a well-characterized component of human bile that is naturally occurring in the body and promotes the
breakdown of dietary fat. Our Phase II studies have demonstrated that ATX-101, when injected subcutaneously into the target fat deposit, reduces the localized fat deposit while
leaving the surrounding tissue largely unaffected. Bayer, our collaborator outside the United States and Canada, recently completed two pivotal Phase III trials of ATX-101 in Europe
for the reduction of submental fat, which were initiated in late 2010. Positive topline results from these trials were reported in the second quarter of 2012 and are expected to provide the basis for
Bayer's regulatory submissions for approval of ATX-101 in countries in Europe. We initiated our pivotal Phase III clinical program, with planned enrollment of 1,000 patients, for
ATX-101 in the United States and Canada in March 2012 and expect to report results from these trials in 2013. These trials are expected to form the basis for our new drug application, or
NDA, for approval of ATX-101 in the United States and Canada.",THERAPEUTICS,2012-10-11,,,,2834.0,Pharmaceutical Preparations,424b_filing,
"CONCERT PHARMACEUTICALS, INC.",0001367920,https://www.sec.gov/Archives/edgar/data/1367920/000119312514009488/d580302ds1.htm,1/13/2014,"We are a clinical stage biopharmaceutical company applying our extensive knowledge of deuterium chemistry to discover and develop novel small molecule
drugs. Our approach starts with approved drugs, advanced clinical candidates or previously studied compounds that we believe can be improved with deuterium substitution to provide better pharmacokinetic or metabolic properties and thereby enhance
clinical safety, tolerability or efficacy. We believe our approach may enable drug discovery and clinical development that is more efficient and less expensive than conventional small molecule drug research and development. We have a robust pipeline, including three clinical-stage candidates and a number of preclinical compounds that we are actively
developing. Our clinical programs are CTP-354 for spasticity associated with multiple sclerosis and spinal cord injury, CTP-499 for diabetic kidney disease and AVP-786 for neurologic and psychiatric disorders under our collaboration with Avanir. We
also have ongoing collaborations with Celgene, for deuterated compounds including CTP-730, which is in preclinical development for inflammatory diseases, and Jazz Pharmaceuticals, for JZP-386, a deuterated analog of sodium oxybate, the active
ingredient in its marketed drug Xyrem ® , which is in preclinical development for narcolepsy. Between our wholly
owned and collaboration programs, we expect to have up to five product candidates in clinical development by the end of 2014, including at least two product candidates in Phase 2 clinical trials.",THERAPEUTICS,2014-02-13,,,,2834.0,Pharmaceutical Preparations,424b_filing,
AERIE PHARMACEUTICALS INC,0001337553,https://www.sec.gov/Archives/edgar/data/1337553/000119312513369327/d528268ds1.htm,9/17/2013,"We are a
clinical-stage pharmaceutical company focused on the discovery, development and commercialization of first-in-class therapies for the treatment of patients with glaucoma and other diseases of the eye. Glaucoma is one of the largest segments in the
global ophthalmic market. In 2012, branded and generic glaucoma product sales exceeded $4.5 billion in the United States, Europe and Japan in aggregate, according to IMS, and prescription volume is expected to grow, driven in large part by the aging
population. Our strategy is to advance our product candidates, including dual-action AR-13324 and triple-action PG324, to regulatory approval and commercialize these products ourselves in the United States. We plan to build a commercial team of
approximately 100 sales representatives to target approximately 10,000 high prescribing eye-care professionals throughout the United States. For certain key markets outside the United States, including Europe, Japan and emerging markets, we intend
to explore partnership opportunities through collaboration and licensing arrangements. We plan to further maximize our commercial potential by identifying and advancing additional product candidates, both through our internal discovery efforts and
through possible in-licensing or acquisitions of additional ophthalmic products or product candidates that would complement our current product portfolio. Our senior leadership team has extensive experience in the ophthalmology market and has
overseen the development and commercialization at major pharmaceutical companies of several successful ophthalmic products, including Acular , Alphagan P , Bepreve , Besivance , Bromday , Istalol , Ocuflox , Retisert , Vitrase , Xibrom and Zylet . If our products are approved and we are commercially successful, we believe Aerie could become a market-leading ophthalmic company. Our product candidates are once-daily eye drops that, if approved, will provide eye-care professionals with the first novel intraocular pressure lowering
mechanisms of action, or MOA, to treat glaucoma in nearly 20 years. Our lead product candidate, dual-action AR-13324, recently completed a Phase 2b clinical trial. We are currently planning two Phase 3 registration trials for this product candidate,
which we expect to commence in mid-2014. Additionally, we are planning to commence a Phase 2b clinical trial by early 2014 for our triple-action PG324, a fixed-dose combination of AR-13324 and the prostaglandin analogue, or P",THERAPEUTICS,2013-10-28,,,,2836.0,"Biological Products, (No Diagnostic Substances)",424b_filing,
"Tobira Therapeutics, Inc.",0001409690,https://www.sec.gov/Archives/edgar/data/1409690/000119312514245670/d714172ds1.htm,6/23/2014,"We are a clinical-stage biopharmaceutical company focused on the development and commercialization of innovative therapeutics to treat
liver disease, human immunodeficiency virus, or HIV, fibrosis and inflammation. Our lead product candidate, cenicriviroc, or CVC, is a proprietary immunomodulator that can potentially be used to treat a number of disease states with high unmet
medical need. We are developing CVC for nonalcoholic steatohepatitis, or NASH, for which we plan to begin a Phase 2 clinical trial in the second half of 2014. We also plan to advance CVC in a fixed-dose combination for HIV type 1, or HIV-1,
infection through Phase 3 development and commercialization in collaboration with a strategic partner or with non-dilutive financing. CVC is a once-daily pill with well-established safety and tolerability in approximately 550 subjects dosed in
completed Phase 1 and Phase 2 trials, including 115 HIV-1 infected subjects on treatment for up to 48 weeks. CVC is a first-in-class oral, long-acting, once-daily, potent dual inhibitor, or antagonist, of chemokine receptor type 2, or CCR2, and
type 5, or CCR5, with anti-inflammatory and anti-fibrotic activity. We are initially developing CVC for NASH, a liver disease characterized by fatty deposits, cellular damage, inflammation and fibrosis. CVC binds to both CCR2 and CCR5 and blocks the
migration of immune cells to the liver in response to cellular damage, thereby disrupting the immuno-inflammatory cascade and the activation of fibrosis generating hepatic stellate cells, or HSCs. We believe CVC is an excellent candidate for the
chronic treatment of NASH due to its safety profile and first-in-class dual mechanism of action targeting fibrosis-generating cells. We believe there are no other product candidates in development or approved for NASH that target the
immuno-inflammatory pathways responsible for fibrosis.",THERAPEUTICS,2014-06-23,,,,2834.0,Pharmaceutical Preparations,s1_filing_date_proxy,
AILERON THERAPEUTICS INC,0001420565,https://www.sec.gov/Archives/edgar/data/1420565/000119312517193173/d14176ds1.htm,6/2/2017,"We expect the public offering price to be between $         and
$         per share. Currently, no public market exists for the shares. After pricing of the offering, we expect that the shares will trade on The NASDAQ Global Market under the symbol “ALRN”. We are a clinical-stage biopharmaceutical company that is focused on developing and commercializing a novel class of therapeutics called
stapled peptides. Our lead product candidate, ALRN-6924, targets the tumor suppressor p53 for the treatment of a wide variety of cancers. ALRN-6924, which is currently being tested in multiple clinical trials, reactivates p53-mediated tumor
suppression by targeting the two primary p53 suppressor proteins, MDMX and MDM2. Our ongoing clinical trials of ALRN-6924 consist of a Phase 1 trial for the treatment of advanced solid tumors or lymphomas, a Phase 2a trial for the treatment of
peripheral T-cell lymphoma, or PTCL, a Phase 1 trial for the treatment of acute myeloid leukemia, or AML, and advanced myelodysplastic syndrome, or MDS, as a monotherapy and a Phase 1b trial for the treatment
of AML/MDS in combination with cytosine arabinoside, or Ara-C.",THERAPEUTICS,2017-06-29,,,,2834.0,Pharmaceutical Preparations,424b_filing,
Tocagen Inc,0001419041,https://www.sec.gov/Archives/edgar/data/1419041/000119312517077001/d312753ds1.htm,3/9/2017,"We are a clinical-stage, cancer-selective gene therapy company focused on developing first-in-class, broadly-applicable product candidates
designed to activate a patient’s immune system against their own cancer from within. Our cancer-selective gene therapy platform is built on retroviral replicating vectors, or RRVs, which are designed to selectively deliver therapeutic genes
into the DNA of cancer cells. Our gene therapy approach is designed to fight cancer through immunotherapeutic mechanisms of action without the autoimmune toxicities commonly experienced with other immunotherapies. Our founding vision is “No One
Should Die Of Cancer” because we believe the immune system can be safely activated to fight the patient’s cancer. We are
developing our lead product candidate, Toca 511 & Toca FC, initially for the treatment of recurrent high grade glioma, or HGG, a brain cancer with limited treatment options, low survival rates and, therefore, a significant unmet medical
need. Toca 511 is an investigational injectable RRV and Toca FC is an investigational small molecule drug, which we have designed to be used together. In November 2015, we initiated the Phase 2 portion of a randomized, controlled Phase 2/3 clinical
trial of Toca 511 & Toca FC in patients with recurrent HGG, which is designed to serve as a potential registrational trial. We completed enrollment of the Phase 2 portion with 187 patients in February 2017 and plan to report top line results in
the first half of 2018. In February 2017, the U.S. Food and Drug Administration, or FDA, granted Toca 511 & Toca FC Breakthrough Therapy Designation for the treatment of patients with recurrent HGG. Breakthrough Therapy Designation indicates
that preliminary clinical evidence demonstrates the drug may have substantial improvement on one or more clinically significant endpoints over available therapy.",THERAPEUTICS,2017-04-13,,,,2834.0,Pharmaceutical Preparations,424b_filing,
"GENOCEA BIOSCIENCES, INC.",0001457612,https://www.sec.gov/Archives/edgar/data/1457612/000104746913011353/a2217746zs-1.htm,12/23/2013,"Certain
of our existing stockholders and their affiliated entities, including holders of more than 5% of our common stock, have indicated an interest in purchasing shares of our common
stock in this offering at the initial public offering price. However, because indications of interest are not binding agreements or commitments to purchase, the underwriters could determine to sell
more, less or no shares to any of these existing stockholders and any of these existing stockholders could determine to purchase more, less or no shares in this offering. We are a clinical stage biotechnology company that discovers and develops novel vaccines to address infectious diseases for which no
vaccine or vaccines with limited effectiveness exist today. We use our proprietary discovery platform, ATLAS, to rapidly design vaccines that act through T cell (or cellular) immune responses, in
contrast to approved vaccines, which are designed to act primarily through B cell (or antibody) immune responses. We believe that by harnessing T cells we can develop first-in-class vaccines to
address infectious diseases where T cells are central to the control of the disease. In September 2013, we announced human proof-of-concept data for GEN-003, a candidate therapeutic vaccine, or
immunotherapy, that we are developing to treat herpes simplex virus-2, or HSV-2, infections. These data from our ongoing Phase 1/2a trial represent the first reported instance of a vaccine
significantly reducing viral shedding, an indicator of disease activity in HSV-2. If GEN-003 successfully completes clinical development and is approved, we believe it would represent an important new
treatment option for patients with HSV-2. We are also developing a second T cell vaccine candidate, GEN-004 for pneumococcus, a leading cause of infectious disease mortality worldwide. We have
initiated a Phase 1 trial for GEN-004, which we anticipate completing by mid-2014. This Phase 1 trial is designed to demonstrate the T cell response associated with natural protection
against pneumococcus. If this trial is successful, we plan to conduct a Phase 2 clinical trial to seek to demonstrate that GEN-004 can reduce pneumococcus in humans by mid-2015.",THERAPEUTICS,2014-02-05,,,,2836.0,"Biological Products, (No Diagnostic Substances)",424b_filing,
TETRAPHASE PHARMACEUTICALS INC,0001373707,https://www.sec.gov/Archives/edgar/data/1373707/000119312513048887/d441172ds1.htm,2/11/2013,"We are
a clinical stage biopharmaceutical company using our proprietary chemistry technology to create novel antibiotics for serious and life-threatening multi-drug resistant infections. Our lead product candidate, eravacycline, is a fully synthetic
tetracycline derivative that we are developing as a broad-spectrum intravenous and oral antibiotic for use as a first-line empiric monotherapy for the treatment of multi-drug resistant infections, including multi-drug resistant Gram-negative
infections. We recently completed a successful Phase 2 clinical trial of eravacycline with intravenous administration for the treatment of patients with complicated intra-abdominal infections, or cIAI, and are currently finalizing our pivotal Phase
3 program for eravacycline. Consistent with recent draft guidance issued by the Food and Drug Administration, or FDA, with respect to the development of antibiotics for cIAI and our discussions with the FDA at our end-of-Phase 2 meeting in January
2013, we expect to conduct two global Phase 3 clinical trials of eravacycline, one for the treatment of cIAI and one for the treatment of complicated urinary tract infections, or cUTI. We expect to have top-line data from both of these clinical
trials in the first quarter of 2015. In our Phase 2 clinical trial, intravenous eravacycline dosed once or twice per day as a
monotherapy demonstrated a favorable safety and tolerability profile and a high cure rate, including against multi-drug resistant Gram-negative, Gram-positive and anaerobic bacteria. In in vitro experiments, eravacycline has demonstrated the
ability to cover a wide variety of multi-drug resistant Gram-negative, Gram-positive, anaerobic and atypical bacteria, including multi-drug resistant Klebsiella pneumoniae , the species of Gram-negative bacteria that killed seven patients at
the Clinical Center of the National Institutes of Health in 2012. Gram-negative bacteria that are resistant to all available antibiotics are increasingly common and a growing threat to public health. We believe that the ability of eravacycline to
cover multi-drug resistant Gram-negative bacteria, as well as multi-drug resistant Gram-positive, anaerobic and atypical bacteria, and its potential for intravenous to oral step-down therapy, will enable eravacycline to become the drug of choice for
first-line empiric treatment of a wide variety of serious and life-threatening infections.",THERAPEUTICS,2013-03-20,,,,2834.0,Pharmaceutical Preparations,424b_filing,
AMBRX INC,0001264647,https://www.sec.gov/Archives/edgar/data/1264647/000119312514180271/d690417ds1.htm,5/2/2014,"Ambrx is a
clinical stage biotechnology company focused on discovering and developing first-in-class and best-in-class optimized protein therapeutics known as bio-conjugates. Our proprietary technology platforms enable us to attach pharmaceutically active
molecules to specific sites within proteins, a process known as site-specific conjugation, and to design biologics with precision that is similar to that used to design modern small molecule drugs. We refer to this as protein medicinal chemistry. We
believe our ability to target specific sites of conjugation more precisely than prior generations of bio-conjugates and produce homogeneous therapeutics allows us to discover new protein drugs and design safer, more effective versions of current
therapeutics. We have developed a pipeline of novel product candidates that include antibody drug conjugates, or ADCs, bi- and multi-specific drug conjugates and long-acting therapeutic proteins. Our most advanced ADC program is ARX788, an ADC for
cancers expressing human epidermal growth factor 2, or HER2, for which we intend to begin clinical trials in early 2015. Our most advanced long-acting proteins are ARX201, a once-weekly human growth hormone, or hGH, that has successfully completed a
Phase 2b clinical trial, and ARX328, a long-acting leptin for lipodystrophy and weight management, for which we intend to submit an investigational new drug application, or IND, to the U.S. Food and Drug Administration, or FDA, in mid-2014. In
addition to our internal pipeline, we collaborate with leading pharmaceutical companies, including Bristol-Myers Squibb Company, or BMS, Merck Sharp & Dohme Corp., or Merck, Eli Lilly and Company, or Eli Lilly, Agensys, Inc., or Agensys,
Zhejiang Medicine Co., Ltd., or ZMC, and Zhejiang Hisun Pharmaceutical Co., Ltd., or Hisun. Our most advanced collaboration product candidate in human health is ARX618, a long-acting Fibroblast Growth Factor 21, or FGF21, for type 2 diabetes,
which our collaborator BMS has advanced through Phase 1 clinical trials and expects to begin Phase 2 clinical trials for in the second half of 2014. To date, our collaborations have provided us with over $200 million in non-dilutive funding and have
the potential to provide milestone payments as well as royalties on the sale of collaboration products. We currently have no internal products approved for commercial sale and have not received any revenues from the sale of products. According to data from the IMS Institute ",THERAPEUTICS,2014-05-02,,,,2834.0,Pharmaceutical Preparations,s1_filing_date_proxy,
"EAGLE PHARMACEUTICALS, INC.",0000827871,https://www.sec.gov/Archives/edgar/data/827871/000104746913011312/a2217789zs-1.htm,12/20/2013,"We are a specialty pharmaceutical company focused on developing and commercializing injectable products utilizing the FDA's 505(b)(2) regulatory
pathway. We develop products that address the shortcomings, as identified by physicians, pharmacists and other stakeholders, of existing commercially successful injectable products. Our currently
disclosed product portfolio includes two approved products and six advanced product candidates that together account for approximately $4 billion in peak U.S. branded reference drug sales. For
each of our products, we intend to enter the market no later than the first generic drug, allowing us to substantially convert the market to our product while maintaining attractive pricing. We
believe we can further extend the commercial duration of our products through new intellectual property protection and/or orphan drug exclusivity and three years of regulatory exclusivity as provided
under the Hatch-Waxman Act, as applicable. We believe our strategy has been validated with the approval of our first product, EP-1101, a proprietary version of argatroban, which was approved by the
FDA in June 2011. EP-1101 entered the market prior to the first generic version of argatroban and has captured a 28%, and growing, share of the overall argatroban market while maintaining attractive
pricing. Two
of our most advanced product candidates are proprietary presentations of bendamustine, which is currently marketed by Teva Pharmaceuticals, or Teva, under the brand name Treanda and indicated for
the treatment of certain hematologic cancers. Bendamustine had 2012 U.S. branded sales of over $600 million, and based on recent market research we anticipate sales to continue to grow
substantially in 2013 and 2014, and we estimate that sales could reach $800 million in 2015. We believe our proprietary bendamustine products, EP-3101 and EP-3102, are improved products
compared to Teva's Treanda because they are ready to dilute, or RTD, liquids with longer stability and also offer the potential for shorter infusion time. These attributes result in added benefits to
nurses, patients and pharmacists, and improved economics to physicians and other stakeholders. Our NDA for EP-3101 was filed with the FDA on September 6, 2013 and we believe EP-3101 will enter
the market prior to generic competition and will capture a significant portion of the bendamustine market, as has been the case for our argatroban product.",THERAPEUTICS,2014-02-13,,,,2834.0,Pharmaceutical Preparations,424b_filing,
"NephroGenex, Inc.",0001338095,https://www.sec.gov/Archives/edgar/data/1338095/000157104913001292/t1300656-s1.htm,12/23/2013,"(1)
The underwriters will receive compensation in addition to the discounts and commissions. See “Underwriting” for a full 
description of compensation payable to the underwriters. 
We have granted a 45 day option to the underwriters to purchase up to an additional           shares of 
common stock solely to cover over-allotments, if any. 
The underwriters expect to deliver our shares to purchasers in the offering on or about Overview 
We are a pharmaceutical company focused on the development of therapeutics to treat kidney disease, an area of significant unmet medical need. Since our inception, we have collaborated with the world’s leading experts in kidney disease and leveraged our knowledge of pathogenic oxidative chemistries to build a strong portfolio of intellectual property and to advance the development of our drug candidates. We believe that our comprehensive effort to develop a new generation of therapeutics that target kidney disease provides us with a leadership position in this large and attractive market. 
Pathogenic oxidative chemistries",THERAPEUTICS,2014-02-12,,,,2834.0,Pharmaceutical Preparations,424b_filing,
NGM BIOPHARMACEUTICALS INC,0001426332,https://www.sec.gov/Archives/edgar/data/1426332/000119312518287727/d693178ds1.htm,9/28/2018,"We are
a clinical-stage biopharmaceutical company developing novel therapeutics based on our scientific understanding of key biological pathways underlying cardio-metabolic, liver, oncologic and ophthalmic diseases. These diseases are among the largest
unmet medical needs globally and represent leading causes of morbidity and mortality and a significant burden for healthcare systems. Since the commencement of our operations in 2008, we have generated a robust portfolio of seven product candidates,
five of which are in clinical testing. Our most advanced product candidate, NGM282, is wholly-owned and will enter Phase 2b development for the treatment of non-alcoholic steatohepatitis, or NASH, in the first
quarter of 2019. In an ongoing Phase 2 clinical trial, NGM282 has demonstrated the ability to rapidly improve NASH and reverse liver fibrosis at 12 weeks. We have created this portfolio using our research and drug discovery approach that employs
unbiased, in vivo -based discovery to identify proprietary insights into critical biological processes. We combine this approach with our protein and antibody engineering expertise to find the appropriate modality to enhance each product
candidate’s therapeutic potential. Our executives, directors and advisors have extensive track records of successfully discovering, developing and delivering to patients first-in-class drugs, which positions us well to maximize the potential of our drug discovery approach. In 2015, we
entered into a five-year research collaboration, product development and license agreement with Merck Sharp & Dohme Corp., or Merck. The collaboration includes an exclusive worldwide license to our growth differentiation factor 15, or
GDF15, program. Under the agreement, we also granted Merck options to take exclusive, worldwide licenses for the programs in our research and development pipeline on a program-by-program basis. Merck generally has a one-time right to exercise its option when a program completes a human proof-of-concept trial. The collaboration enables us to develop more product candidates for major indications than we could likely advance on our own, with Merck bearing a
majority of the associated cost and risk. We retain an option, when a candidate has advanced to Phase 3 clinical trials, to participate in up to 50% of the economic return from that candidate if it becomes an approved medicine. Overall, the
Merck collaboration provides us with robust research and development support, whil",THERAPEUTICS,2019-04-04,,,,2834.0,Pharmaceutical Preparations,424b_filing,
"CHIASMA, INC",0001339469,https://www.sec.gov/Archives/edgar/data/1339469/000119312515223126/d892345ds1.htm,6/15/2015,"We are a late-stage biopharmaceutical
company focused on improving the lives of patients suffering from orphan diseases by developing and commercializing novel oral forms of therapies that are available today only by injection. Using our proprietary Transient Permeability Enhancer, or
TPE, technology platform, we seek to develop oral therapies that eliminate the significant limitations and burdens generally associated with existing injectable therapies. We have completed a multinational Phase 3 clinical trial of our most advanced
TPE platform-based product candidate, oral octreotide, for the treatment of acromegaly, a condition that results in the body’s production of excess growth hormone. Octreotide is an analog of somatostatin, a natural inhibitor of growth hormone
secretion. We believe that our lead product candidate, if approved by regulatory authorities, will be the first somatostatin analog available for oral administration. Our oral octreotide product candidate has been granted orphan designation in the
United States and the European Union for the treatment of acromegaly. We submitted a new drug application, or NDA, to the U.S. Food and Drug Administration, or FDA, in June 2015, seeking approval for the marketing and sale of oral octreotide
for the maintenance therapy of adult patients with acromegaly. The FDA has 60 days after receipt of the NDA to preliminarily review and determine if the application is sufficiently complete to permit a substantive review and meets the threshold
for filing. In light of our clinical data and feedback from patients and healthcare providers, we believe that oral octreotide, if approved, could become a new standard of care in acromegaly. Acromegaly is a condition caused by a benign tumor of the pituitary gland that releases excess growth hormone, or GH, which in turn elevates insulin-like
growth factor 1, or IGF-1. These elevated hormone levels result in a number of painful and disfiguring symptoms and, if not treated promptly, acromegaly can lead to serious illness and is associated with premature death, primarily due to
cardiovascular disease. According to data published by the Mayo Clinic in 2013, the mortality rate of people afflicted by acromegaly who go untreated is two to three times higher than that of the general population. Recent data from a published
study presented at the Endocrine Society’s Annual Meeting in 2015 suggest that the global prevalence of acromegaly may be between 85 and 118 cases per millio",THERAPEUTICS,2015-07-16,,,,2834.0,Pharmaceutical Preparations,424b_filing,
"Vitae Pharmaceuticals, Inc",0001157602,https://www.sec.gov/Archives/edgar/data/1157602/000104746914006906/a2221051zs-1.htm,8/12/2014,"We are a clinical stage biotechnology company focused on discovering and developing novel, small molecule drugs for diseases that
represent large market opportunities where there are significant unmet medical needs. We are developing a robust and growing portfolio of novel product candidates generated by Contour®,
our proprietary structure-based drug discovery platform. Our team of accomplished scientists utilizes Contour to rapidly discover highly potent and selective product candidates for validated but
difficult-to-drug targets in multiple disease areas. Our most advanced product candidates include VTP-34072, which is expected to commence a Phase 2 clinical trial for the treatment of
type 2 diabetes in July 2014, with data expected in the first half of 2015, and VTP-37948, which is in Phase 1 clinical trials for the treatment of Alzheimer's disease, or Alzheimer's,
with data expected in the second half of 2014. Both product candidates are being exclusively developed and following regulatory approval, if any, commercialized by Boehringer Ingelheim GmbH, or
BI, under separate collaborations. These collaborations have provided us with an aggregate of $152.4 million in funding to date, including upfront license fees, research funding and
success-based milestone payments as well as equity investments. In addition, we have several wholly-owned product candidates advancing in preclinical studies, including: VTP-43742 for the treatment of
autoimmune disorders, where the immune system attacks normal tissues, with Phase 1 proof-of-concept data, which is the demonstration of therapeutic activity, expected by the end of 2015;
VTP-38443 for the treatment of acute coronary syndrome, which includes unstable angina and heart attacks; and VTP-38543 for the treatment of atopic dermatitis, an immune system mediated inflammation
of the skin. However, we currently do not hold any active authorizations to conduct clinical trials with respect to any of our wholly-owned product candidates and, at this time, we rely on BI for the
conduct of clinical trials for our two partnered product candidates. We believe we are a leader in the field of structure-based drug discovery, which is the use of computers to design drugs utilizing
detailed target protein structures as the guide for design, and have leveraged our expertise to create a growing portfolio of novel, potent and selective product candidates. We utilize Contour to
discover and develop product candidates for validated therap",THERAPEUTICS,2014-09-24,,,,2834.0,Pharmaceutical Preparations,424b_filing,
"Onconova Therapeutics, Inc.",0001130598,https://www.sec.gov/Archives/edgar/data/1130598/000104746913006984/a2215523zs-1.htm,6/14/2013,"This is the initial public offering of our common stock. We are
selling                        shares of common stock in this offering. We currently
expect the initial public offering price to be between $            and $            per share of common stock. We are a clinical-stage biopharmaceutical company focused on discovering and developing novel small molecule drug candidates to treat
cancer. Using our proprietary chemistry platform, we have created an extensive library of targeted anti-cancer agents designed to work against specific cellular pathways that promote
cancer. We believe that the drug candidates in our pipeline have the potential to be efficacious in a wide variety of cancers without causing harm to normal cells. We have three clinical-stage product
candidates and six preclinical programs.",THERAPEUTICS,2013-07-25,,,,2834.0,Pharmaceutical Preparations,424b_filing,
CHIMERIX INC,0001117480,https://www.sec.gov/Archives/edgar/data/1117480/000114420413014056/v333444_s1.htm,3/8/2013,"Chimerix, Inc. is offering         shares of its common stock. This is our initial public offering and no public market currently exists for our shares. We anticipate that the initial public offering price of our common stock will be between $         and $         per share. Through and including            , 2013 (25 days after the commencement of this offering), all dealers that effect transactions in these securities, whether or not participating in this offering, may be required to deliver a prospectus. This delivery is in addition to a dealer’s obligation to deliver a prospectus when acting as an underwriter and with respect to their unsold allotments or subscriptions.",THERAPEUTICS,2013-04-11,,,,2834.0,Pharmaceutical Preparations,424b_filing,
Achaogen Inc,0001301501,https://www.sec.gov/Archives/edgar/data/1301501/000119312514020548/d623715ds1.htm,1/24/2014,"We are a clinical-stage biopharmaceutical company passionately committed to the discovery, development, and commercialization of novel
antibacterials to treat multi-drug resistant, or MDR, gram-negative infections. We are developing plazomicin, our lead product candidate, for the treatment of serious bacterial infections due to MDR Enterobacteriaceae, including carbapenem-resistant
Enterobacteriaceae, or CRE. In 2013, the Centers for Disease Control and Prevention identified CRE as a “nightmare bacteria” and an immediate public health threat that requires “urgent and aggressive action.” We expect to
initiate a Phase 3 superiority trial of plazomicin in the first quarter of 2014. Through the Special Protocol Assessment procedure, the U.S. Food and Drug Administration, or FDA, has agreed that the design and planned analyses of our single pivotal
Phase 3 trial adequately address objectives in support of a New Drug Application. We have also received FDA fast track designation for the development and regulatory review of plazomicin to treat serious and life-threatening CRE infections. Our
plazomicin program is funded in part with a contract from the Biomedical Advanced Research and Development Authority for up to $103.8 million. We have global commercialization rights to plazomicin, which has patent protection in the United States
extending through 2031. Plazomicin is the first clinical candidate from our gram-negative antibiotic discovery engine, and we have other programs in early and late preclinical stages focused on other MDR gram-negative infections. According to government agencies and physician groups, including the Centers for Disease Control and Prevention, or CDC, and the
Infectious Disease Society of America, one of the greatest needs for new antibiotics is to treat infections caused by CRE and other drug-resistant gram-negative pathogens. CRE are strains of Enterobacteriaceae that are resistant to many types of
antibiotics, including carbapenems, one of the last lines of defense against gram-negative bacteria, leading to mortality rates of up to 50% in patients with bloodstream infections. We estimate that there were approximately 110,000 cases of CRE
infections in the United States and five major markets in the European Union in 2013, with approximately one-fourth of these being bloodstream infections or pneumonia. Based on the significant increase in resistance rates in recent years, we
anticipate CRE will continue to be a major health problem. F",THERAPEUTICS,2014-03-12,,,,2834.0,Pharmaceutical Preparations,424b_filing,
Evoke Pharma Inc,0001403708,https://www.sec.gov/Archives/edgar/data/1403708/000119312513235439/d523612ds1.htm,5/24/2013,"We are a specialty pharmaceutical company focused primarily on the development of drugs to treat gastrointestinal, or GI, disorders and
diseases. We are developing EVK-001, a metoclopramide nasal spray for the relief of symptoms associated with acute and recurrent diabetic gastroparesis in women with diabetes mellitus. Diabetic gastroparesis is a GI disorder afflicting millions of
sufferers worldwide, in which the stomach takes too long to empty its contents resulting in serious digestive system symptoms. Metoclopramide is the only product currently approved in the United States to treat gastroparesis, and is currently
available only in oral and intravenous forms. EVK-001 is a novel formulation of this drug, designed to provide systemic delivery of metoclopramide through intranasal administration. Gastroparesis is a condition of delayed gastric emptying in the absence of mechanical obstruction. Gastroparesis results in food remaining in the stomach for a longer time than normal, yielding a variety
of symptoms. Gastroparesis is a common problem in individuals with diabetes, but also is observed in patients with prior gastric surgery, a preceding infectious illness, pseudo-obstruction, collagen vascular disorders and anorexia nervosa. According
to the American Motility Society Task Force on Gastroparesis, the prevalence of gastroparesis is as high as 4% to 6% of the United States population. Symptoms of gastroparesis include nausea, vomiting, abdominal pain, bloating, early satiety, lack
of appetite, and weight loss. The disorder can lead to considerable pain and discomfort, poor nutrition, impaired glycemic control and diminished quality of life. According to a 2008 study published in the American Journal of
Gastroenterology , it is estimated that hospitalization costs associated with gastroparesis exceed $3.5 billion annually.",THERAPEUTICS,2013-09-25,,,,2834.0,Pharmaceutical Preparations,424b_filing,
PARATEK PHARMACEUTICALS INC,0001037643,https://www.sec.gov/Archives/edgar/data/1037643/000119312512406909/d386058ds1.htm,9/27/2012,"We are a pharmaceutical company focused on the discovery, development, and commercialization of innovative medicines that are designed to save lives and alleviate suffering. Our lead product candidate,
omadacycline, is a new tetracycline-derived, broad-spectrum antibiotic being developed for use as a first-line monotherapy for serious community-acquired bacterial infections where antibiotic resistance is of concern for treating physicians. We
believe omadacycline will be used in the emergency room, hospital, and community settings. We have designed omadacycline to provide significant advantages over existing antibiotics, including activity against resistant bacteria, broad spectrum of
coverage, intravenous, or IV, and oral formulations with once-daily dosing, and a favorable safety and tolerability profile. We believe that it will become the primary antibiotic choice of physicians for use as a first-line monotherapy for acute
bacterial skin and skin structure infections, or ABSSSI, community-acquired bacterial pneumonia, or CABP, urinary tract infections, or UTI, and other serious community-acquired bacterial infections. We have successfully completed clinical studies necessary to advance omadacycline into Phase 3 development. We have reached agreement with the U.S. Food
and Drug Administration, or FDA, for two separate Special Protocol Assessment, or SPA, agreements, with regard to Phase 3 registration trial designs for omadacycline. The SPA agreement that we received in February 2011 covers our two planned
Phase 3 ABSSSI trials and the SPA agreement we received in March 2012 covers a Phase 3 trial in CABP. Our two prior randomized clinical trials of omadacycline to date have compared omadacycline to linezolid, marketed by Pfizer Inc. as
Zyvox, which, based on 2011 worldwide sales of $1.3 billion, is a leading antibiotic used for the treatment of serious bacterial skin infections. Our Phase 2 trial results, as well as results from a Phase 3 non-registration trial, demonstrate that
omadacycline’s clinical response rates and adverse events were comparable to linezolid in serious bacterial skin infections. We plan to commence a pivotal registration program including two Phase 3 registration trials of omadacycline for the
treatment of ABSSSI in the first quarter of 2013.",THERAPEUTICS,2012-09-27,,,,2834.0,Pharmaceutical Preparations,s1_filing_date_proxy,
CONSTELLATION PHARMACEUTICALS INC,0001434418,https://www.sec.gov/Archives/edgar/data/1434418/000119312518201002/d562658ds1.htm,6/22/2018,"We are a clinical-stage biopharmaceutical company using our expertise in epigenetics to discover and develop novel therapeutics that address serious unmet medical needs
in patients with cancers associated with abnormal gene expression or drug resistance. Our integrated epigenetics platform enables us to validate targets and generate small molecules against these targets that selectively modulate gene expression in
tumor and immune cells to drive anti-tumor activity. Platform insights and clinical experience guide development of our wholly owned lead product candidates: CPI-1205 which inhibits enhancer of zeste homolog
2, or EZH2, and CPI-0610 which inhibits bromodomain and extra terminal domain, or BET, proteins. We believe that our approach to targeting these central gene regulatory mechanisms associated with cancer
proliferation may enable us to provide therapeutic benefits to cancer patients. We are currently conducting multiple clinical trials, including a Phase 1b/2 trial
of CPI-1205 for the treatment of metastatic castration-resistant prostate cancer, or mCRPC, in combination with androgen receptor signaling inhibitors, which we refer to as the ProSTAR trial, and a Phase 2
trial of CPI-0610 as a monotherapy and in combination with ruxolitinib (marketed as Jakafi ® ) in patients with myelofibrosis, or MF. Preliminary data to
date from these two trials suggest each product candidate has the potential to offer meaningful benefits beyond the current standard of care in mCRPC and MF. We believe that we are well-positioned to determine proof of concept with each of these
product candidates in mid-2019 and, if successful, to advance them into pivotal clinical trials in these indications.",THERAPEUTICS,2018-07-19,,,,2834.0,Pharmaceutical Preparations,424b_filing,
AGILE THERAPEUTICS INC,0001261249,https://www.sec.gov/Archives/edgar/data/1261249/000104746914002512/a2218926zs-1.htm,3/17/2014,"We are a women's health specialty pharmaceutical company focused on the development and commercialization of new prescription
contraceptive products. Our product candidates are designed to provide women with contraceptive options that offer greater convenience and facilitate compliance. Our lead product candidate,
Twirla TM , also known as AG200-15, is a once-weekly prescription contraceptive patch currently in Phase 3 clinical development. We anticipate receiving data from our Phase 3
trial by the end of 2015, and, if approved, we plan to launch Twirla in the United States through a focused specialty sales force. Twirla is based on our proprietary transdermal patch technology,
called Skinfusion®, which is designed to provide advantages over currently available patches and is intended to optimize patch adherence, stability and patient acceptance. Twirla is a
combined hormonal contraceptive, or CHC, patch that contains the active ingredients ethinyl estradiol, or EE, which is a form of the hormone estrogen, and levonorgestrel, or LNG, which is a type of
progestin, both of which have an established history of efficacy and safety in currently marketed combination low-dose, oral contraceptives. Twirla is designed to consistently deliver both hormones
over a seven-day period at levels comparable to currently marketed low-dose oral contraceptives. By delivering these active ingredients over seven days, in a comfortable, convenient and easy-to-use
weekly patch, Twirla is designed to promote enhanced patient compliance. The
U.S. hormonal contraceptive market, with total market sales of $5.6 billion in 2013, represents the greatest opportunity for Twirla. Over half of those sales were generated by
branded products. Contraceptive methods, other than sterilization, can be divided into non-hormonal and hormonal alternatives. Non-hormonal contraceptive products available in the United States
include the diaphragm, male condom and female condom. There are several methods of hormonal contraception available in the United States, including oral contraceptives, a vaginal ring, intrauterine
contraceptive devices, or IUDs, subcutaneous implants, injectables and a transdermal patch. Over the years, the doses of EE most commonly included in CHCs have steadily decreased to
35 micrograms per day or below, due to associated safety risks of higher EE doses. The only currently marketed transdermal patch delivers a dose of EE that is 60% higher than that delivered
with low-dose oral",THERAPEUTICS,2014-05-23,,,,2834.0,Pharmaceutical Preparations,424b_filing,
"Cara Therapeutics, Inc.",0001346830,https://www.sec.gov/Archives/edgar/data/1346830/000119312513435392/d605125ds1.htm,11/8/2013,"We are a clinical-stage biopharmaceutical company focused on developing and commercializing new chemical entities designed to
alleviate pain by selectively targeting kappa opioid receptors. We are developing a novel and proprietary class of product candidates that target the body’s peripheral nervous system and have demonstrated efficacy in patients with
moderate-to-severe pain without inducing many of the undesirable side effects typically associated with currently available pain therapeutics. Our most advanced product candidate, intravenous, or I.V., CR845, has demonstrated significant pain relief
and a favorable safety and tolerability profile in three Phase 2 clinical trials in patients with acute postoperative pain. We plan to begin Phase 3 registration trials for I.V. CR845 in the second half of 2014. We are also developing an oral
version of CR845, or Oral CR845, for acute and chronic pain, for which we have successfully completed a Phase 1 clinical trial to demonstrate the ability to deliver CR845 orally. According to IMS Health, an independent market research firm, the total U.S. market for pain management pharmaceuticals
totaled $18.2 billion in 2012. The prescription pain management market in the United States is dominated by opioid analgesics, which, according to IMS Health data, represented 71% of the 341 million analgesic prescriptions written in 2012 and
accounted for sales of $8.3 billion in that year. Opioid analgesics decrease the perception of pain by stimulating mu, delta and/or kappa opioid receptors. All of these receptors are involved in modulating pain signals. The most widely used opioid
analgesics, including morphine, fentanyl and hydromorphone, act primarily through the activation of mu opioid receptors in the central nervous system, or CNS. However, because of the wide distribution of mu opioid receptors throughout the brain,
morphine and other mu opioid analgesics also trigger a characteristic pattern of adverse “central” side effects, including nausea and vomiting, itching and respiratory depression. Mu opioids are also known to cause euphoria, which can lead
to misuse, abuse and addiction issues.",THERAPEUTICS,2014-02-03,,,,2834.0,Pharmaceutical Preparations,424b_filing,
Ophthotech Corp.,0001410939,https://www.sec.gov/Archives/edgar/data/1410939/000119312513336689/d560505ds1.htm,8/15/2013,"Ophthotech is a biopharmaceutical company specializing in the development of novel therapeutics to treat diseases of the eye. Our most advanced product candidate is Fovista, which we are developing for
use in combination with anti-VEGF drugs that represent the current standard of care for the treatment of wet age-related macular degeneration, or wet AMD. We have completed a large Phase 2b clinical trial in which 1.5 mg of Fovista in combination
with one of the standard of care drugs, Lucentis, demonstrated statistically significant superiority compared to Lucentis monotherapy based on the primary endpoint of mean change in visual acuity from baseline at 24 weeks, providing a 62%
comparative benefit from baseline. Before the end of 2013, we plan to initiate a pivotal Phase 3 clinical program to evaluate the safety and efficacy of Fovista combination therapy for the treatment of newly diagnosed wet AMD patients compared to
current standard of care monotherapy. We expect to have initial, top-line data from this Phase 3 clinical program available in 2016. If the results of this Phase 3 clinical program are favorable, we plan to submit applications for marketing approval
for Fovista in both the United States and the European Union before the end of 2016. Wet AMD is a serious disease of the central portion of the retina, known as the macula, which is responsible for detailed central vision and color perception. It is characterized by abnormal new blood
vessel formation and growth, referred to as neovascularization, which results in blood vessel leakage, retinal distortion and scar formation. If untreated, the progressive retinal damage results in rapid, irreversible and severe vision loss. Wet AMD
is the leading cause of blindness in patients over the age of 55 in the United States and the European Union. In the United States, according to a study on the burden of AMD published in 2006 in the peer reviewed journal Current Opinion in
Ophthalmology , there are approximately 1,250,000 cases of wet AMD. According to AMD Alliance International, approximately 200,000 new cases of wet AMD arise in the United States each year. The percentage of individuals with wet AMD increases
substantially with age, and we expect that the number of cases of wet AMD will increase with growth of the elderly population in the United States.",THERAPEUTICS,2013-09-25,,,,2834.0,Pharmaceutical Preparations,424b_filing,
Relypsa Inc,0001416792,https://www.sec.gov/Archives/edgar/data/1416792/000119312513382550/d545667ds1.htm,9/27/2013,"We are a pharmaceutical company focused on the development and commercialization of non-absorbed polymeric drugs to treat disorders in the areas of
renal, cardiovascular and metabolic diseases. All subjects have completed our two-part pivotal Phase 3 trial of our lead product candidate, patiromer, for the treatment of hyperkalemia, a life-threatening condition defined as abnormally elevated
levels of potassium in the blood. The design of this pivotal Phase 3 trial was agreed to under a special protocol assessment, or SPA, with the U.S. Food and Drug Administration, or FDA. The first part of this trial met both its primary and secondary
efficacy endpoints, with the results being both statistically significant and clinically meaningful. We expect to report primary endpoint results from the second part of this trial in the fourth quarter of 2013, and submit a New Drug Application, or
NDA, in the third quarter of 2014. Patiromer is a non-absorbed, optimized potassium binding polymer administered as a convenient oral suspension powder. In our clinical program, we have observed that daily administration of patiromer lowered, and
maintained control of, serum potassium levels into the normal range in hyperkalemic subjects and was well tolerated. We have global royalty-free commercialization rights to patiromer, which has intellectual property protection in the U.S. until at
least 2030. Upon FDA approval, we plan to commercialize patiromer for the treatment of hyperkalemia in the U.S. with an approximately 100 person specialty sales force targeting nephrologists and cardiologists. Hyperkalemia,
which can present chronically or acutely, can lead to severe medical complications, including life-threatening cardiac arrhythmias and sudden death. Hyperkalemia is typically defined as a serum potassium, or potassium in the blood, level greater
than 5.0 milliequivalents per liter (mEq/L). Patients with serum potassium greater than or equal to 5.5 mEq/L, which we define as moderate-to-severe hyperkalemia, were found in an independent study to have a 10-fold increase in their mortality rate
within 24 hours. Causes and risk factors for hyperkalemia include reduced renal function, diabetes, extensive soft tissue injury, age, high dietary potassium intake and the use of medications such as renin-angiotensin-aldosterone system, or RAAS,
inhibitors.",THERAPEUTICS,2013-11-15,,,,2834.0,Pharmaceutical Preparations,424b_filing,
ANTERIOS INC,0001390085,https://www.sec.gov/Archives/edgar/data/1390085/000104746915003027/a2223801zs-1.htm,3/31/2015,"We are a clinical stage biopharmaceutical company focused on the development, manufacturing and commercialization of novel botulinum
products for therapeutic and aesthetic applications. The botulinum toxin type A, or botulinum, market is currently a $2.8 billion global
market. All currently approved and commercially available botulinum products are administered by injection. Our lead product candidate, ANT-1207, is a ready-to-use topical formulation of botulinum,
which we are developing for the treatment of primary axillary hyperhidrosis, or excessive underarm sweating, facial acne, and lateral canthal lines, also called ""crow's feet"" wrinkles. We believe
that, with ANT-1207, we have the potential to expand the botulinum market by increasing the use of botulinum in currently approved indications and by pursuing new indications, such as acne. We have
exclusive patent rights covering the use of botulinum for the treatment of acne. We have successfully completed multi-center, double-blind, randomized clinical trials of ANT-1207 in hyperhidrosis,
acne and wrinkles and are currently planning Phase 2b clinical trials in each indication. Our second product candidate, AI-09, is a novel injectable formulation of botulinum that is packaged as
a ready-to-use liquid preparation for indications where deeper delivery of the botulinum is required. ANT-1207 and AI-09 combine purified botulinum, derived from our proprietary cell line, with our
proprietary NDS™ formulation technology. We own the worldwide rights to ANT-1207, AI-09 and our NDS formulation technology. Our
lead indication for ANT-1207 is primary axillary hyperhidrosis. Approximately 2.8% of the U.S. population is estimated to suffer from hyperhidrosis, which equates to approximately
9 million people
based on the current population of the United States. Hyperhidrosis is excessive sweating that may occur in the underarms, hands, feet, forehead and other areas of the body and primary axillary
hyperhidrosis is excessive sweating in the underarms. Botox®, an injectable botulinum product, is approved as a treatment for primary axillary hyperhidrosis, but requires up to 30
injections into the underarms during a single office visit. We believe topical treatment with ANT-1207 would have significant advantages over injections for both physicians and patients, including the
elimination of the pain, bleeding and bruising associated with needle-sticks. We have completed a 71-patient multi-center, double-blind, controlled, ",THERAPEUTICS,2015-03-31,,,,2834.0,Pharmaceutical Preparations,s1_filing_date_proxy,
ProNAi Therapeutics Inc,0001290149,https://www.sec.gov/Archives/edgar/data/1290149/000119312515221913/d900346ds1.htm,6/12/2015,"We are a clinical-stage oncology company pioneering a novel class of therapeutics based on our proprietary DNA interference (DNAi) technology
platform. Our vision is to be the leader in developing and commercializing a portfolio of DNAi-based therapies to deliver extraordinary therapeutic outcomes that dramatically change patients’ lives. The core of our scientific expertise is our
understanding of DNAi oligonucleotides, which are rationally designed DNA sequences that modulate the transcription of oncogenes known to be involved in cancer cell survival and proliferation. Our lead DNAi product candidate, PNT2258, targets BCL2,
a widely overexpressed oncogene that is an important gatekeeper of the programmed cell death process known as apoptosis and has been linked to many forms of cancer. In a recent single-agent Phase 2 trial of 13 patients with relapsed or refractory
non-Hodgkin’s lymphoma (NHL), PNT2258 demonstrated evidence of anti-tumor activity, with 11 patients achieving a complete response (CR), partial response (PR) or stable disease (SD). Furthermore, all four of the diffuse large B-cell lymphoma
(DLBCL) patients treated in this trial experienced a clinical response, including three CRs and one PR, with reported durations on study in the range of nine to more than 20 months. Although PNT2258 is in early stages of development and these
trials were not statistically powered for a formal efficacy analysis, we believe the preliminary evidence of efficacy observed in this trial, coupled with safety and tolerability data collected to date, suggest that PNT2258 has the potential to
change treatment paradigms across a wide range of oncology indications. Accordingly, we plan to pursue a broad registration-oriented clinical development program, initially in hematologic malignancies, that we anticipate will provide the foundation
of a global registration strategy for PNT2258. Our DNAi technology platform is based on our scientific expertise in DNA, the basic genetic building block
for human life. DNA is a double strand of nucleic acids that encodes the genetic instructions used in the development and function of all living organisms. The information stored in DNA encodes genes that are transcribed into messenger RNA (mRNA),
which are then translated to produce specific proteins that regulate cell generation, proliferation, survival and death. Cancer cells may overexpress particular genes called oncogenes, which encode the proteins that promote the uncontroll",THERAPEUTICS,2015-07-16,,,,2834.0,Pharmaceutical Preparations,424b_filing,
ALDER BIOPHARMACEUTICALS INC,0001423824,https://www.sec.gov/Archives/edgar/data/1423824/000119312514104868/d657876ds1.htm,3/19/2014,"We are a clinical-stage biopharmaceutical company that discovers, develops and seeks to commercialize therapeutic antibodies with the potential to meaningfully transform current treatment paradigms. We
have developed a proprietary antibody platform designed to select antibodies that have the potential to maximize efficacy as well as speed of onset and durability of therapeutic response. In addition, we believe our ability to efficiently
manufacture antibodies using our yeast-based manufacturing technology, MabXpress, allows us to target diseases that traditionally have not been addressed by antibodies. We believe the clinical data obtained in our development program for ALD403, our
wholly-owned clinical asset, exhibits the potential of this product candidate to transform the way physicians treat migraine prevention. Clazakizumab is being developed by our collaboration partner Bristol-Myers Squibb. Together with Bristol-Myers
Squibb, we believe there is an opportunity to position Clazakizumab as an option for first-line biologic therapy for the treatment of rheumatoid arthritis by demonstrating superior disease control rates versus biologic standard of care. The most
commonly prescribed biologic standard of care are anti-TNFs, such as Humira or Enbrel. We estimate that the rheumatoid arthritis therapy market had more than $12 billion in worldwide sales in 2012 and will grow to $15 billion by 2016. Both our lead
product candidates were discovered internally, have achieved proof-of-concept and are expected to enter final Phase 2b dose-ranging trials in 2014 in preparation for progression to Phase 3 trials if supported by the data. ALD403 is our wholly-owned novel monoclonal antibody targeted to calcitonin gene-related peptide, or CGRP, for migraine prevention. CGRP
is a validated target that is believed to play a key role in migraine. We are developing ALD403 for the prevention of migraine, and in a recent proof-of-concept trial, treatment with ALD403 resulted in 16% of patients achieving complete remission
from their migraines. Approximately 36 million Americans suffer from migraines; however, only 22.3 million migraine sufferers have been clinically diagnosed. Migraine is a significant cause of disability, generally affecting individuals
between the ages of 20 and 50, which are prime working years. The Migraine Research Foundation estimates U.S. employers lose more than $13 billion each year as a result of 113 million lost work days due to migraine. We beli",THERAPEUTICS,2014-05-08,,,,2834.0,Pharmaceutical Preparations,424b_filing,
"BELLICUM PHARMACEUTICALS, INC",0001358403,https://www.sec.gov/Archives/edgar/data/1358403/000119312514416804/d788220ds1.htm,11/18/2014,"We are a clinical stage biopharmaceutical company focused
on discovering and developing novel cellular immunotherapies for various forms of cancer, including both hematological cancers and solid tumors, as well as orphan inherited blood disorders. Cellular immunotherapy has the potential to transform
medicine by harnessing immune cells, principally T cells, to attack and eliminate harmful diseased cells in the body. Unlike traditional small molecule and biologic therapies which are predictably metabolized and eliminated from the body, cellular
immunotherapies are unpredictable and uncontrollable. We are using our proprietary Chemical Induction of Dimerization, or CID, technology platform to engineer and then control components of the immune system in real time. By incorporating our CID
platform, our product candidates may offer better safety and efficacy outcomes than are seen with current cellular immunotherapies. Our lead clinical product
candidate, BPX-501, is an adjunct T-cell therapy administered after allogeneic hematopoietic stem cell transplantation, or HSCT, and is currently being evaluated in multiple Phase 1/2 clinical trials. Our next clinical product candidate, BPX-201, is
a dendritic cell cancer vaccine in a Phase 1 clinical trial for the treatment of metastatic castrate-resistant prostate cancer, or mCRPC, targeting the prostate-specific membrane antigen, or PSMA. Dendritic cells are specialized cells that are key
regulators of the immune system that process and present antigens on the cell surface to T cells in order to activate the T cells. We are also focused on developing next-generation chimeric antigen receptor, or CAR, T-cell therapies and T-cell
receptor, or TCR, therapies and are planning to advance several product candidates into human clinical trials, including: (i) BPX-401, a CAR-T product candidate for hematological cancers that express the CD19 antigen, (ii) BPX-601, a CAR-T
product candidate for solid tumors overexpressing the prostate stem cell antigen, or PSCA, and (iii) BPX-701, a TCR product candidate for solid tumors expressing the preferentially-expressed antigen in melanoma, or PRAME.",THERAPEUTICS,2014-12-18,,,,2834.0,Pharmaceutical Preparations,424b_filing,
MARINUS PHARMACEUTICALS INC,0001267813,https://www.sec.gov/Archives/edgar/data/1267813/000104746914004860/a2220119zs-1.htm,5/12/2014,"We are a clinical stage biopharmaceutical company focused on developing and commercializing innovative neuropsychiatric therapeutics.
Our clinical stage product candidate, ganaxolone, is a small molecule that is a synthetic analog of allopregnanolone, an endogenous neurosteroid produced in the central nervous system that modulates
the brain neurotransmitter gamma-aminobutyric acid, or GABA. Our lead indication for ganaxolone is as an adjunctive, or add-on, therapy for the treatment of partial, also known as focal, onset
seizures in adults with epilepsy. By targeting the same spectrum of GABA A receptors as endogenous allopregnanolone, ganaxolone delivers its therapeutic benefit through a natural mechanism
that we believe may offer safety and efficacy advantages compared to other marketed antiepileptic medications. We have completed a Phase 2 clinical trial in 147 patients with focal onset
seizures demonstrating that patients who added ganaxolone to their medication regimen experienced a statistically significant reduction in seizures as compared to patients who added placebo. We are
currently enrolling patients in a randomized Phase 2b clinical trial, which we intend to expand so that it may serve as one of our adequate and well-controlled clinical trials in a registration
filing with the United States Food and Drug Administration, or FDA, or the European Medicines Agency, or EMA, for ganaxolone in epilepsy. We expect data from this trial in the second half of 2015. In
addition, we believe ganaxolone has potential in a broad range of neuropsychiatric disorders, including orphan indications. We currently have a proof-of-concept Phase 2
clinical trial in progress for ganaxolone as a treatment for behaviors in Fragile X Syndrome, or FXS, an orphan indication in which GABA activity has been implicated in the expression of the disorder.
We plan to pursue other potential indications related to our mechanism when non-dilutive opportunities arise. The effects of allopregnanolone have been studied for over two decades and its role in controlling seizures and improving anxiety, mood
and sleep through positive modulation of GABA A type receptors is well documented. Despite these positive characteristics, we believe allopregnanolone is not suitable for chronic use due to
potential undesired steroidal effects. Ganaxolone was designed to have the same GABA modulation effects as allopregnanolone without steroidal effects. Ganaxolone and allopregnanolone differ from other",THERAPEUTICS,2014-08-01,,,,2834.0,Pharmaceutical Preparations,424b_filing,
OncoMed Pharmaceuticals Inc,0001302573,https://www.sec.gov/Archives/edgar/data/1302573/000119312512227061/d344523ds1.htm,5/11/2012,"OncoMed is a clinical development-stage
biopharmaceutical company focused on discovering and developing first-in-class monoclonal antibody therapeutics targeting cancer stem cells, or CSCs. Our approach has been to target CSCs, which are the subpopulation of cells in a tumor responsible
for driving growth and metastasis of the tumor. CSCs, also known as tumor-initiating cells, exhibit certain properties which include the capacity to divide and give rise to new CSCs via a process called self-renewal and the capacity to differentiate
or change into the other cells that form the bulk of the tumor. Common cancer drugs target bulk tumor cells but have limited impact on CSCs, thereby providing a path for recurrence of the tumor. Our product candidates target CSCs by blocking
self-renewal and driving differentiation of CSCs toward a non-tumorigenic state, and also impact bulk tumor cells. We believe our product candidates are distinct from the current generations of chemotherapies and targeted therapies, and have the
potential to significantly impact cancer treatment and the clinical outcome of patients with cancer. We utilize our proprietary technologies to
(1) identify, isolate and evaluate CSCs, (2) identify and/or validate multiple potential targets and pathways critical to CSC self-renewal and differentiation, and (3) develop targeted antibody and other protein-based therapeutics
that are designed to modulate these CSC targets and inhibit the growth of CSCs. These targets are in pathways implicated in cancer biology and stem cell biology, including the Notch, Wnt and other fundamental CSC pathways. We believe our suite of
proprietary CSC and antibody platform technologies provides a competitive advantage in cancer drug discovery. All of our product candidates were discovered internally in our own research laboratories.",THERAPEUTICS,2013-07-18,,,,2834.0,Pharmaceutical Preparations,424b_filing,
APPLIED GENETIC TECHNOLOGIES CORP,0001273636,https://www.sec.gov/Archives/edgar/data/1273636/000119312514008046/d615962ds1.htm,1/10/2014,"We are a
clinical-stage biotechnology company that uses our proprietary gene therapy platform to develop products designed to transform the lives of patients with severe inherited orphan diseases in ophthalmology. Our lead product candidates, which are each
in the preclinical stage, focus on rare diseases of the eye, caused by mutations in single genes, that significantly affect visual function and currently lack effective medical treatments. We have also obtained preliminary evidence of the safety and
efficacy of our gene therapy approach in clinical-stage programs involving other diseases outside our current area of focus that we believe provide proof of concept for our gene therapy platform. Our gene therapy approach uses a viral vector to deliver a functional copy of a gene to the patient’s own cells through a variety of
delivery methods. A viral vector is a virus that has been modified to carry a gene and deliver it to a cell. Our viral vectors utilize a modified version of a non-replicating strain of virus known as an adeno-associated virus, or AAV, which is
incapable of causing disease in humans. When an AAV vector containing a functional copy of a gene is administered, the functional genetic material resides in the nucleus of the patient’s cell, providing safe, sustained expression of the
therapeutic protein to treat the disease without modifying the existing DNA of the patient.",THERAPEUTICS,2014-03-27,,,,2836.0,"Biological Products, (No Diagnostic Substances)",424b_filing,
Adamas Pharmaceuticals Inc,0001328143,https://www.sec.gov/Archives/edgar/data/1328143/000104746914001840/a2218562zs-1.htm,3/5/2014,"We are a specialty pharmaceutical company driven to improve the lives of those affected by chronic disorders of the central nervous
system, or CNS. We achieve this by enhancing the pharmacokinetic profiles of approved drugs to create novel therapeutics for use alone and in fixed-dose combination products. We are developing our
lead wholly owned product candidate, ADS-5102, for a complication of Parkinson's disease known as levodopa induced dyskinesia, or LID, and as a treatment for chronic behavioral symptoms associated
with traumatic brain injury, or TBI. We have successfully completed a Phase 2/3 clinical trial in which patients receiving ADS-5102 had a statistically significant 43% reduction in LID from baseline,
and we intend to initiate a Phase 3 registration trial of ADS-5102 in LID in 2014. Our late-stage therapeutics portfolio also includes an NDA-submitted fixed-dose combination product candidate,
MDX-8704, being co-developed with Forest Laboratories, Inc., or Forest, for the treatment of moderate to severe dementia associated with Alzheimer's disease, and an approved controlled-release
product, Namenda XR®, which Forest developed and is marketing in the United States under a license from us. We plan to commercialize our wholly owned product candidates, if approved, by
developing a specialty CNS sales force to reach high volume prescribing neurologists and psychiatrists in the United States. We estimate that approximately 36 million people in the United States suffer from chronic CNS disorders such as Alzheimer's
disease, Parkinson's disease, TBI, epilepsy, psychosis and depression. CNS diseases are frequently treated with multiple medications having different mechanisms of action with the goal of maximizing
symptomatic benefits for patients. Existing CNS drugs often require frequent dosing and may have tolerability issues that limit the amount of the drug that can be taken each day. We believe that many
CNS disorders could be better treated if the concentrations of existing CNS drugs as a function of time, or the pharmacokinetic profiles, are altered to enhance tolerability and efficacy and if these
enhanced drugs are then combined with other existing CNS drugs to improve and streamline the management of these complicated conditions.",THERAPEUTICS,2014-04-10,,,,2834.0,Pharmaceutical Preparations,424b_filing,
PLX PHARMA INC.,0001291520,https://www.sec.gov/Archives/edgar/data/1291520/000114420415058135/v421115_s1.htm,10/5/2015,"We are offering             
shares of our common stock. Prior to this offering, there has been no public market for our common stock. It is currently estimated
that the initial public offering price per share will be between $         and $        .
We intend to list our common stock on the NASDAQ Capital Market under the trading symbol “PLXP.” To the extent that the underwriters sell more than             
shares of common stock, the underwriters have an option to purchase up to an additional             
shares from us at the initial public offering price, after deducting underwriting discounts and commissions.",THERAPEUTICS,2015-10-05,,,,2834.0,Pharmaceutical Preparations,s1_filing_date_proxy,
Flexion Therapeutics Inc,0001419600,https://www.sec.gov/Archives/edgar/data/1419600/000119312514005391/d621839ds1.htm,1/8/2014,"We are a specialty pharmaceutical company focused on the
development and commercialization of novel, long-acting, injectable pain therapies. We are targeting anti-inflammatory and analgesic therapies for the treatment of patients with musculoskeletal conditions, beginning with osteoarthritis, a type of
degenerative arthritis, referred to as OA. Our broad and diversified portfolio of small molecule product candidates addresses the OA pain treatment spectrum, from moderate to severe pain, and provides us with multiple unique opportunities to achieve
our goal of commercializing novel, patient-focused pain therapies. Our lead product candidate, FX006, is a first-in-class injectable intra-articular, meaning “in the joint,” sustained-release treatment for patients with moderate to severe OA pain. FX006
combines a commonly administered steroid, triamcinolone acetonide, with poly lactic-co-glycolic acid to provide sustained therapeutic concentrations in the joint and persistent analgesic effect. In a completed Phase 2b dose-ranging clinical
trial, FX006 has demonstrated clinically meaningful and significantly better pain relief compared to the current injectable standard of care. Before pursuing Phase 3 clinical development, we expect to initiate a confirmatory Phase 2b clinical trial
in the second quarter of 2014 to further identify a safe and well-tolerated dose of FX006 that demonstrates superior pain relief to placebo. We are also currently conducting a synovial fluid pharmacokinetic clinical trial to measure the duration
that FX006 remains in the joint, which will inform us on the dosing regimen for a planned repeat dose safety clinical trial to assess when repeat dosing of FX006 can be safely administered.",THERAPEUTICS,2014-02-12,,,,2834.0,Pharmaceutical Preparations,424b_filing,
"ZAFGEN, INC.",0001374690,https://www.sec.gov/Archives/edgar/data/1374690/000119312514149201/d642727ds1.htm,4/18/2014,"We are a biopharmaceutical
company dedicated to significantly improving the health and well-being of patients affected by obesity. Beloranib, our lead product candidate, is a novel, first-in-class, twice-weekly subcutaneous injection being developed for the treatment of
multiple indications, including obesity and hyperphagia, or insatiable life-threatening hunger and hunger-related behaviors, in Prader-Willi Syndrome, or PWS, craniopharyngioma-associated obesity, and severe obesity in the general population. PWS is a rare and complex genetic disorder characterized by physiologic, cognitive and behavioral symptoms, including hyperphagia and obesity.
We recently completed two Phase 2a clinical trials evaluating beloranib’s ability to reduce body weight and to improve hyperphagia, one in PWS patients and one in severely obese patients. In our Phase 2a clinical trials, we observed reductions
in body weight, body mass and body fat content in both patient populations and reductions in hyperphagia-related behaviors in PWS patients. In January 2013, the U.S. Food and Drug Administration, or FDA, granted orphan designation for our
application to treat PWS with beloranib. We plan to initiate a Phase 3 clinical program of beloranib in PWS patients in 2014 after finalizing the program design based on conversations with the FDA and certain other foreign regulatory authorities. We
filed an application to obtain orphan drug designation for beloranib as a treatment for PWS in the European Union in early 2014. We believe that rare conditions such as PWS afford us an opportunity to rapidly develop and commercialize beloranib
using smaller, more focused and less costly clinical trials, relative to those required to develop beloranib for the broader severe obesity population.",THERAPEUTICS,2014-06-19,,,,2834.0,Pharmaceutical Preparations,424b_filing,
Aquestive Therapeutics Inc,0001398733,https://www.sec.gov/Archives/edgar/data/1398733/000104746907004191/a2177761zs-1.htm,5/14/2007,,THERAPEUTICS,2018-07-26,,,,2834.0,Pharmaceutical Preparations,424b_filing,predates window (true earliest: 2007-05-14)
Amphastar Pharmaceuticals Inc,0001297184,https://www.sec.gov/Archives/edgar/data/1297184/000104746905003179/a2151158zs-1.htm,2/11/2005,,THERAPEUTICS,2014-06-25,,,,2834.0,Pharmaceutical Preparations,424b_filing,predates window (true earliest: 2005-02-11)
PTC Therapeutics Inc,0001070081,,,,THERAPEUTICS,2013-06-25,,,,2834.0,Pharmaceutical Preparations,manual_verified,predates window (true earliest: 2006-03-31)
Atossa Genetics Inc,0001488039,https://www.sec.gov/Archives/edgar/data/1488039/000114420410016530/v178330_s1.htm,3/30/2010,,THERAPEUTICS,2012-11-09,,,,2834.0,Pharmaceutical Preparations,424b_filing,predates window (true earliest: 2010-03-30)
