total_pre_ipo_capital_m,total_pre_ipo_capital_raw,num_rounds_detected,round_details,extraction_method,confidence,cik,company_name
90.0,"$90.0M (max single round, 1 rounds detected)",1,"[{""type"": ""round_financing"", ""round"": ""Series B"", ""amount_m"": 90.0, ""sentence"": ""Sales and Purchases of Securities Series\u00a0B Convertible Preferred\nStock Financing In August 2018, we issued an aggregate of 5,154,632 shares of our Series B convertible preferred stock at $17.46 per sh""}, {""type"": ""round_financing"", ""round"": ""Series B"", ""amount_m"": 90.0, ""sentence"": ""In August 2018, we issued an aggregate of 5,154,632 shares of our Series B convertible preferred stock at $17.46 per share\nfor aggregate proceeds to us of approximately $90.0 million.""}]",round_dollar,medium,0001650648,4D Molecular Therapeutics Inc
16.0,"$16.0M (max single round, 1 rounds detected)",1,"[{""type"": ""round_financing"", ""round"": ""Series A"", ""amount_m"": 16.0, ""sentence"": ""Pursuant to a share purchase agreement (the \u201cSeries A SPA\u201d) entered into with investors in April 2018, subject to the satisfaction,\nas determined in good faith by our board of directors, of certain mi""}]",round_dollar,medium,0001785173,"89bio, Inc."
,,0,[],none,none,0001651625,AC Immune SA
50.0,"$50.0M (max single round, 4 rounds detected)",4,"[{""type"": ""round_financing"", ""round"": ""Series F"", ""amount_m"": 21.1, ""sentence"": ""Net\ncash provided by financing activities was $21.1\u00a0million for the year ended December\u00a031, 2011 and consisted primarily of $30.4\u00a0million of net proceeds received\nfrom the sale of 9,704,756 shares of ""}, {""type"": ""round_financing"", ""round"": ""Series B"", ""amount_m"": 50.0, ""sentence"": ""Each\nshare of Preferred Stock shall be automatically converted into shares of common stock at the conversion price in effect at the time of conversion, upon (i)\u00a0the closing of an\nIPO of the Company's ""}, {""type"": ""round_financing"", ""round"": ""Series D"", ""amount_m"": 8.0, ""sentence"": ""In addition, Alkermes purchased 2,547,771 shares of Series\u00a0D-1\nPreferred Stock at a per share price of $3.14, resulting in gross proceeds to the Company of $8.0\u00a0million.""}, {""type"": ""round_financing"", ""round"": ""Series C"", ""amount_m"": 0.3, ""sentence"": ""In accordance with the 2009 Senior Loan Agreement,\nthe Company issued warrants to purchase 183,150 shares of Series\u00a0C-1 Preferred Stock with a fair value at issuance of $0.3\u00a0million.""}]",round_dollar,medium,0001280600,ACCELERON PHARMA INC
51.4,"$51.4M (max single round, 3 rounds detected)",3,"[{""type"": ""round_financing"", ""round"": ""Series D"", ""amount_m"": 51.4, ""sentence"": ""The increase was primarily related to $51.4 million in gross proceeds from the issuance of Series D convertible preferred stock, $41.9 million in net proceeds from the issuance of Series C convertible""}, {""type"": ""round_financing"", ""round"": ""Series C"", ""amount_m"": 51.4, ""sentence"": ""The increase was primarily related to $51.4 million in gross proceeds from the issuance of Series D convertible preferred stock, $41.9 million in net proceeds from the issuance of Series C convertible""}, {""type"": ""round_financing"", ""round"": ""Series B"", ""amount_m"": 15.1, ""sentence"": ""Series B Preferred Stock Financing In April 2011, we entered into a Series B convertible preferred stock purchase agreement, or the Series B purchase agreement, pursuant to\nwhich we issued and sold an""}, {""type"": ""round_financing"", ""round"": ""Series C"", ""amount_m"": 42.2, ""sentence"": ""144 Table of Contents Series C Preferred Stock Financing In\nMay 2014, we entered into a Series C convertible preferred stock purchase agreement, or the Series\u00a0C purchase agreement, pursuant to which w""}, {""type"": ""round_financing"", ""round"": ""Series D"", ""amount_m"": 51.4, ""sentence"": ""145 Table of Contents Series D Preferred Stock Financing In December 2014, we entered into a Series D convertible preferred stock purchase agreement, or the Series D purchase agreement, pursuant to\nwh""}, {""type"": ""round_financing"", ""round"": ""Series C"", ""amount_m"": 13.4, ""sentence"": ""At the time of the Series C convertible preferred stock offering in May 2014, the Notes were redeemed under the Next Financing Event\nredemption feature whereby the aggregate of the outstanding princip""}, {""type"": ""round_financing"", ""round"": ""Series B"", ""amount_m"": 2.0, ""sentence"": ""The notes are noninterest-bearing, convertible into Series B preferred stock at a price of $1.1937322 per share upon the closing of a convertible preferred stock financing with proceeds of at least $2""}, {""type"": ""round_financing"", ""round"": ""Series B"", ""amount_m"": 3.0, ""sentence"": ""Convertible Preferred Stock In January 2013, the Company issued 2,593,639 shares of Series B convertible preferred stock to a related party for net cash proceeds of $3.0\nmillion and 4,607,399 shares a""}, {""type"": ""round_financing"", ""round"": ""Series C"", ""amount_m"": 36.9, ""sentence"": ""Upon the execution of the agreement, the Company issued 17,119,818 shares of Series C convertible preferred stock for net cash\nproceeds of $36.9 million and 6,199,217 shares as settlement of outstandi""}, {""type"": ""round_financing"", ""round"": ""Series C"", ""amount_m"": 5.0, ""sentence"": ""On December\u00a015, 2014, the Company issued 2,304,148 additional shares of Series\nC convertible preferred stock to the related party for cash proceeds of $5.0 million.""}]",round_dollar,medium,0001435049,"ADURO BIOTECH, INC."
25.0,"$25.0M (max single round, 1 rounds detected)",1,"[{""type"": ""round_financing"", ""round"": ""Series B"", ""amount_m"": 25.0, ""sentence"": ""The net cash provided by financing activities during the year ended December\u00a031, 2011 was related to $25.0 million of proceeds from the sales of Series B convertible preferred stock, offset\nby $1.2 mi""}, {""type"": ""round_financing"", ""round"": ""Series B"", ""amount_m"": 23.8, ""sentence"": ""Convertible Preferred Stock On February\u00a023, 2011, the Company received $23.8\nmillion in proceeds from the issuance of its Series B Convertible Preferred Stock, net of $1.2 million of transaction costs""}, {""type"": ""round_financing"", ""round"": ""Series B"", ""amount_m"": 23.8, ""sentence"": ""On February\u00a023, 2011, the Company received $23.8\nmillion in proceeds from the issuance of its Series B Convertible Preferred Stock, net of $1.2 million of transaction costs.""}]",round_dollar,medium,0001337553,AERIE PHARMACEUTICALS INC
150.2,$150.2M (from proceeds phrasing),2,"[{""type"": ""aggregate_proceeds"", ""amount_m"": 121.2, ""sentence"": ""From inception through\nDecember\u00a031, 2013, we had received net proceeds of approximately $121.2\u00a0million from such equity and debt sales and such term loan.""}, {""type"": ""aggregate_proceeds"", ""amount_m"": 2.5, ""sentence"": ""In March 2012, the Company completed its Series\u00a0B Preferred Stock financing by issuing the remaining 253,999 shares of\nSeries\u00a0B convertible preferred stock at a price of $10.00 per share resulting in ""}, {""type"": ""aggregate_proceeds"", ""amount_m"": 22.9, ""sentence"": ""In July 2012, the Company issued the initial tranche of 1,578,400 shares of Series\u00a0C Convertible Preferred Stock and received net\nproceeds of approximately $22.9\u00a0million.""}, {""type"": ""aggregate_proceeds"", ""amount_m"": 3.6, ""sentence"": ""On February\u00a027, 2014, the Company\ncompleted the sale of NOLs totaling approximately $39.5\u00a0million for net proceeds of approximately $3.6\u00a0million which will be reflected as a tax benefit in the first q""}, {""type"": ""round_financing"", ""round"": ""Series C"", ""amount_m"": 40.1, ""sentence"": ""Net cash provided by financing activities was $40.1\u00a0million for the year ended December\u00a031, 2012 which included\n(i)\u00a0net proceeds of $22.9\u00a0million from the issuance of 1,578,400 shares of our Series\u00a0C ""}, {""type"": ""round_financing"", ""round"": ""Series B"", ""amount_m"": 23.3, ""sentence"": ""In May 2010, we entered into a Series\u00a0B Preferred Stock Purchase Agreement, or the Series\u00a0B Purchase Agreement, pursuant\nto which we initially issued and sold to investors an aggregate of 2,334,400 sh""}, {""type"": ""round_financing"", ""round"": ""Series B"", ""amount_m"": 21.8, ""sentence"": ""At additional closings held between June 2010 and March 2012, we issued and sold an aggregate of 2,175,666 additional shares of Series\u00a0B preferred stock at a\npurchase price of $10 per share, for aggre""}]",proceeds_phrasing+round_dollar,high,0001261249,AGILE THERAPEUTICS INC
32.0,"$32.0M (max single round, 2 rounds detected)",2,"[{""type"": ""round_financing"", ""round"": ""Series F"", ""amount_m"": 0.6, ""sentence"": ""During the three months ended March 31, 2017,\nnet cash provided by financing activities was $0.6 million, primarily due to the net proceeds from our sale of Series F preferred stock of $0.5 million.""}, {""type"": ""round_financing"", ""round"": ""Series E"", ""amount_m"": 13.1, ""sentence"": ""During the three months ended March 31, 2016, net cash provided by financing activities was $13.1 million, primarily due to the net proceeds\nfrom our sales of Series E-1 preferred stock of $13.2 milli""}, {""type"": ""round_financing"", ""round"": ""Series E"", ""amount_m"": 32.0, ""sentence"": ""During the year ended December\u00a031, 2016, net cash provided by financing activities was $32.0\u00a0million, primarily due to the net\nproceeds from our sales of Series E-1 preferred stock and Series\u00a0F prefer""}, {""type"": ""round_financing"", ""round"": ""Series F"", ""amount_m"": 32.0, ""sentence"": ""During the year ended December\u00a031, 2016, net cash provided by financing activities was $32.0\u00a0million, primarily due to the net\nproceeds from our sales of Series E-1 preferred stock and Series\u00a0F prefer""}, {""type"": ""round_financing"", ""round"": ""Series E"", ""amount_m"": 1.4, ""sentence"": ""During the year ended December\u00a031, 2015, we used $1.4\u00a0million of net cash in financing activities, due to the payment of\ninitial public offering costs of $1.3\u00a0million and the payment of issuance costs""}, {""type"": ""round_financing"", ""round"": ""Series E"", ""amount_m"": 19.8, ""sentence"": ""In October 2014, we issued and sold an aggregate of 14,558,823 shares of our Series\u00a0E-1 preferred stock at a price per share of $1.36, for an aggregate purchase price of\napproximately $19.8 million.""}, {""type"": ""round_financing"", ""round"": ""Series E"", ""amount_m"": 13.2, ""sentence"": ""In January 2016, in the second tranche closing, we issued and sold an aggregate of 9,705,882 shares of our\nSeries E-1 preferred stock at a price per share of $1.36, for an aggregate purchase price of ""}, {""type"": ""round_financing"", ""round"": ""Series F"", ""amount_m"": 19.0, ""sentence"": ""In December 2016, we issued and sold an aggregate of 13,949,357 shares of our Series\u00a0F preferred stock at a price per share of $1.36, for an aggregate purchase price of approximately\n$19.0\u00a0million.""}]",round_dollar,medium,0001420565,AILERON THERAPEUTICS INC
100.0,"$100.0M (max single round, 1 rounds detected)",1,"[{""type"": ""round_financing"", ""round"": ""Series A"", ""amount_m"": 100.0, ""sentence"": ""In December 2015, Akcea issued and sold to Ionis an aggregate of 73,800,000 shares of Series A convertible preferred stock for a total\npurchase price of $100.0 million plus the grant of the rights and""}, {""type"": ""round_financing"", ""round"": ""Series A"", ""amount_m"": 100.0, ""sentence"": ""The $100.0 million of proceeds\nreceived is recorded in Series A convertible preferred stock on the Company's consolidated balance sheet.""}]",round_dollar,medium,0001662524,"AKCEA THERAPEUTICS, INC."
43.9,"$43.9M (max single round, 2 rounds detected)",2,"[{""type"": ""round_financing"", ""round"": ""Series D"", ""amount_m"": 37.9, ""sentence"": ""Cash Provided by Financing Activities Cash provided by financing activities of $37.9 million during 2012 was primarily the result of proceeds from the issuance of our Series D\nconvertible preferred st""}, {""type"": ""round_financing"", ""round"": ""Series D"", ""amount_m"": 43.9, ""sentence"": ""Sale of Series D Preferred Stock In April 2012, we sold an aggregate of 32,007,606 shares of our Series D preferred stock at a purchase price of $1.3716 per share for an\naggregate purchase price of $4""}, {""type"": ""round_financing"", ""round"": ""Series D"", ""amount_m"": 43.9, ""sentence"": ""F-16 Table of Contents Convertible Preferred Stock The Series A, Series B, Series C and Series D convertible preferred stock (collectively, the \u201cpreferred stock\u201d), together with\ntheir respective right""}, {""type"": ""round_financing"", ""round"": ""Series A"", ""amount_m"": 3.6, ""sentence"": ""In 2005, the Company issued 20,736,509 shares of Series A\nconvertible preferred stock at a purchase price of $0.575 per share, which included shares issued upon conversion of notes payable and accrued""}, {""type"": ""round_financing"", ""round"": ""Series D"", ""amount_m"": 37.9, ""sentence"": ""Cash provided by financing activities of $37.9 million during 2012 was primarily the result of proceeds from the issuance of our Series D\nconvertible preferred stock.""}, {""type"": ""round_financing"", ""round"": ""Series D"", ""amount_m"": 43.9, ""sentence"": ""In April 2012, we sold an aggregate of 32,007,606 shares of our Series D preferred stock at a purchase price of $1.3716 per share for an\naggregate purchase price of $43.9 million.""}, {""type"": ""round_financing"", ""round"": ""Series D"", ""amount_m"": 43.9, ""sentence"": ""Table of Contents Convertible Preferred Stock The Series A, Series B, Series C and Series D convertible preferred stock (collectively, the \u201cpreferred stock\u201d), together with\ntheir respective rights and""}, {""type"": ""round_financing"", ""round"": ""Series D"", ""amount_m"": 43.9, ""sentence"": ""In April 2012, the Company issued 32,007,606 shares of Series\u00a0D\nconvertible preferred stock at a price of $1.37 per share, or $43.9 million in the aggregate, which included shares issued upon the conv""}]",round_dollar,medium,0001423824,ALDER BIOPHARMACEUTICALS INC
8.0,"$8.0M (max single round, 1 rounds detected)",1,"[{""type"": ""round_financing"", ""round"": ""Series E"", ""amount_m"": 8.0, ""sentence"": ""In August 2012, the Company issued 2,273,306 shares of Series\u00a0E convertible preferred stock at a price of $3.52 per share, for gross\nproceeds of $8.0\u00a0million.""}, {""type"": ""round_financing"", ""round"": ""Series E"", ""amount_m"": 8.0, ""sentence"": ""In\nAugust 2012, we issued an aggregate of 2,273,306 shares of Series\u00a0E convertible preferred stock to two investors at a price of $3.52 per share, for gross\nproceeds of $8.0\u00a0million.""}]",round_dollar,medium,0001626199,"ALPINE IMMUNE SCIENCES, INC."
30.0,"$30.0M (max single round, 2 rounds detected)",2,"[{""type"": ""round_financing"", ""round"": ""Series B"", ""amount_m"": 1.0, ""sentence"": ""Debt Conversion Charge Debt conversion charge in the amount of $1.0\u00a0million included in our statement of operations for the year ended December\u00a031, 2017\nrepresents additional shares of Series B prefer""}, {""type"": ""round_financing"", ""round"": ""Series B"", ""amount_m"": 27.8, ""sentence"": ""Through December\u00a031, 2017,\nwe had received gross proceeds of $27.8\u00a0million from our sales of convertible notes and Series A and Series B preferred stock.""}, {""type"": ""round_financing"", ""round"": ""Series B"", ""amount_m"": 7.0, ""sentence"": ""Financing Activities During the year ended December\u00a031, 2017, net cash provided by financing activities was $7.0\u00a0million, primarily due to net proceeds of\n$7.0\u00a0million from the issuance of our Series ""}, {""type"": ""round_financing"", ""round"": ""Series A"", ""amount_m"": 10.0, ""sentence"": ""From December 2014 to March 2015, we issued and sold to investors in private placements an\naggregate of 7,335,891 shares of our Series A preferred stock at a purchase price of $1.37\u00a0per share, for agg""}, {""type"": ""round_financing"", ""round"": ""Series B"", ""amount_m"": 7.4, ""sentence"": ""From May 2017 to December 2017, we issued and sold to\ninvestors in private placements an aggregate of 1,635,921\u00a0shares of our Series B preferred stock at a purchase price of $4.51\u00a0per share, for aggre""}, {""type"": ""round_financing"", ""round"": ""Series A"", ""amount_m"": 30.0, ""sentence"": ""All\noutstanding shares of Series A Preferred Stock are automatically convertible based upon either: (i)\u00a0the written consent of holders of a majority of the Series A Preferred Stock outstanding at that""}, {""type"": ""round_financing"", ""round"": ""Series B"", ""amount_m"": 1.0, ""sentence"": ""Debt conversion charge in the amount of $1.0\u00a0million included in our statement of operations for the year ended December\u00a031, 2017\nrepresents additional shares of Series B preferred stock issued to hol""}, {""type"": ""round_financing"", ""round"": ""Series B"", ""amount_m"": 7.0, ""sentence"": ""During the year ended December\u00a031, 2017, net cash provided by financing activities was $7.0\u00a0million, primarily due to net proceeds of\n$7.0\u00a0million from the issuance of our Series B preferred stock.""}]",round_dollar,medium,0001582636,"ALZHEON, INC."
,,0,[],none,none,0001264647,AMBRX INC
5.9,$5.9M (from proceeds phrasing),1,"[{""type"": ""aggregate_proceeds"", ""amount_m"": 5.9, ""sentence"": ""In March 2013, we issued and sold an aggregate of 611,965 shares of our Series\u00a0B-3 preferred stock at a purchase price of\n$9.6791 per share, for aggregate gross proceeds of approximately $5.9\u00a0million.""}]",proceeds_phrasing,high,0001390085,ANTERIOS INC
37.5,"$37.5M (max single round, 1 rounds detected)",1,"[{""type"": ""round_financing"", ""round"": ""Series B"", ""amount_m"": 10.7, ""sentence"": ""The pro forma balance sheet data as of September 30, 2013 gives effect to the issuance of 58,816,897 shares of our Series B-3 preferred\nstock for cash proceeds of $10.7 million, which occurred on Nove""}, {""type"": ""round_financing"", ""round"": ""Series B"", ""amount_m"": 37.5, ""sentence"": ""The principal\nfactor influencing our estimate of the fair value of our common stock as of January\u00a06, 2013 was the fact that in November 2012, we entered into definitive agreements with respect to a $3""}, {""type"": ""round_financing"", ""round"": ""Series B"", ""amount_m"": 18.2, ""sentence"": ""The Series B Purchase Agreement provided that the holders of the Series B-1 shares, or Series B holders, were also entitled to\npurchase up to an aggregate of 140,542,178 shares of Series B-2 preferred""}, {""type"": ""round_financing"", ""round"": ""Series B"", ""amount_m"": 18.2, ""sentence"": ""In April 2013, following the satisfaction by us of the first milestone,\nthe Series B holders exercised their rights with respect to the second tranche and purchased an aggregate of 122,749,639 shares ""}, {""type"": ""round_financing"", ""round"": ""Series B"", ""amount_m"": 1.2, ""sentence"": ""During fiscal\nyear 2013, we recorded a change in value of the Series B purchase rights liability of $1.2 million to other expense and the $0.8 million balance of the value allocated to the Series B-2 ""}, {""type"": ""round_financing"", ""round"": ""Series B"", ""amount_m"": 14.5, ""sentence"": ""Net cash used in investing activities for fiscal year\n2013 was $14.5 million and consisted primarily of the purchase of $14.0 million of short-term investments with a portion of the proceeds from our ""}, {""type"": ""round_financing"", ""round"": ""Series B"", ""amount_m"": 25.4, ""sentence"": ""Net cash provided by financing activities for fiscal year 2013 was $25.4 million and consisted primarily of the proceeds from the issuance of our Series B-1 and Series B-2\npreferred stock of $25.7 mil""}, {""type"": ""round_financing"", ""round"": ""Series B"", ""amount_m"": 0.7, ""sentence"": ""2012 Bridge Loan and Series B Preferred Stock Financing In May 2012, we issued and sold convertible promissory notes, which we refer to as our May 2012 notes, in an aggregate principal amount of $0.7 ""}, {""type"": ""round_financing"", ""round"": ""Series B"", ""amount_m"": 7.8, ""sentence"": ""In November 2012, pursuant to our Series B Purchase Agreement, we issued and sold 66,147,709 shares of\nour Series B-1 preferred stock for aggregate consideration of $7.8 million in cash plus the conve""}, {""type"": ""round_financing"", ""round"": ""Series B"", ""amount_m"": 18.2, ""sentence"": ""In April 2013, as part of the same financing pursuant to the Series B\nPurchase Agreement, we issued and sold 122,749,634 shares of our Series B-2 preferred stock for aggregate cash consideration of $1""}]",round_dollar,medium,0001273636,APPLIED GENETIC TECHNOLOGIES CORP
19.6,"$19.6M (max single round, 1 rounds detected)",1,"[{""type"": ""round_financing"", ""round"": ""Series C"", ""amount_m"": 19.6, ""sentence"": ""Net cash provided by financing activities was $19.6 million for the year ended December 31, 2013, which was due to $18.0 million in proceeds from the issuance of\nSeries\u00a0C convertible preferred stock a""}]",round_dollar,medium,0001404644,"AQUINOX PHARMACEUTICALS, INC"
9.3,"$9.3M (max single round, 3 rounds detected)",3,"[{""type"": ""round_financing"", ""round"": ""Series C"", ""amount_m"": 9.3, ""sentence"": ""In December 2012, we completed a $9.3 million series C preferred stock financing.""}, {""type"": ""round_financing"", ""round"": ""Series B"", ""amount_m"": 7.7, ""sentence"": ""The increase primarily related to a higher\naverage cash balance that earned interest in 2012 compared to 2011 due to the $7.7 million in gross proceeds we received from our series B convertible prefer""}, {""type"": ""round_financing"", ""round"": ""Series B"", ""amount_m"": 7.7, ""sentence"": ""Net cash provided by financing\nactivities was a result of gross proceeds of $7.7 million raised from the private placement of series B convertible preferred stock, partially offset by issuance costs o""}, {""type"": ""round_financing"", ""round"": ""Series B"", ""amount_m"": 7.7, ""sentence"": ""Net cash provided by financing\nactivities primarily result from gross proceeds of $7.7 million raised from the private placement series B convertible preferred stock, partially offset by issuance cost""}, {""type"": ""round_financing"", ""round"": ""Series C"", ""amount_m"": 7.7, ""sentence"": ""Net cash provided by financing\nactivities primarily result from gross proceeds of $7.7 million raised from the private placement series B convertible preferred stock, partially offset by issuance cost""}, {""type"": ""round_financing"", ""round"": ""Series A"", ""amount_m"": 1.3, ""sentence"": ""Table of Contents Kansas Programs In private offerings we conducted in December 2010,\u00a0November 2011,\u00a0February 2012 and January 2013, we issued to the KBA an aggregate of 500,000 shares of our series A""}, {""type"": ""round_financing"", ""round"": ""Series B"", ""amount_m"": 1.3, ""sentence"": ""Table of Contents Kansas Programs In private offerings we conducted in December 2010,\u00a0November 2011,\u00a0February 2012 and January 2013, we issued to the KBA an aggregate of 500,000 shares of our series A""}, {""type"": ""round_financing"", ""round"": ""Series C"", ""amount_m"": 1.3, ""sentence"": ""Table of Contents Kansas Programs In private offerings we conducted in December 2010,\u00a0November 2011,\u00a0February 2012 and January 2013, we issued to the KBA an aggregate of 500,000 shares of our series A""}, {""type"": ""round_financing"", ""round"": ""Series A"", ""amount_m"": 1.3, ""sentence"": ""In private offerings we conducted in December 2010,\u00a0November 2011,\u00a0February 2012 and January 2013, we issued to the KBA an aggregate of 500,000 shares of our series A convertible preferred\nstock, 166,""}, {""type"": ""round_financing"", ""round"": ""Series B"", ""amount_m"": 1.3, ""sentence"": ""In private offerings we conducted in December 2010,\u00a0November 2011,\u00a0February 2012 and January 2013, we issued to the KBA an aggregate of 500,000 shares of our series A convertible preferred\nstock, 166,""}]",round_dollar,medium,0001509190,"ARATANA THERAPEUTICS, INC."
30.0,"$30.0M (max single round, 1 rounds detected)",1,"[{""type"": ""round_financing"", ""round"": ""Series B"", ""amount_m"": 30.0, ""sentence"": ""On May\u00a016, 2014, we entered into a Series B preferred stock purchase agreement pursuant to which we issued, in a series of closings in May\n2014 and February 2015, an aggregate of 23,076,924 shares of ""}]",round_dollar,medium,0001693664,"ARMO BioSciences, Inc."
,,0,[],none,none,0001552899,"AUDEO ONCOLOGY, INC."
60.5,"$60.5M (max single round, 2 rounds detected)",2,"[{""type"": ""round_financing"", ""round"": ""Series B"", ""amount_m"": 58.2, ""sentence"": ""Financing Activities During the three months ended March 31, 2018, net cash provided by financing activities was $58.2 million, primarily consisting of net cash\nproceeds from our issuance of Series B ""}, {""type"": ""round_financing"", ""round"": ""Series A"", ""amount_m"": 3.5, ""sentence"": ""During the three months ended March 31, 2017, net cash provided\nby financing activities was $3.5\u00a0million, consisting of net cash proceeds from our issuance of Series A preferred stock in March 2017.""}, {""type"": ""round_financing"", ""round"": ""Series A"", ""amount_m"": 17.4, ""sentence"": ""During the year ended December\u00a031, 2017, net cash provided by financing activities was $17.4\u00a0million, primarily consisting of net\ncash proceeds of $17.4\u00a0million from our issuance of Series\u00a0A preferred""}, {""type"": ""round_financing"", ""round"": ""Series A"", ""amount_m"": 8.7, ""sentence"": ""During the year\nended December\u00a031, 2016, net cash provided by financing activities was $8.7\u00a0million, primarily consisting of net cash proceeds of $1.4\u00a0million from our issuance of Series\u00a0Seed preferre""}, {""type"": ""round_financing"", ""round"": ""Series B"", ""amount_m"": 60.5, ""sentence"": ""In January 2018, we received gross cash proceeds of $60.5\u00a0million\nfrom the sale of our Series B preferred stock.""}, {""type"": ""round_financing"", ""round"": ""Series A"", ""amount_m"": 25.0, ""sentence"": ""In July 2016, with subsequent closings in March 2017 and October 2017, we sold an aggregate of\n31,450,499 shares of our Series A preferred stock to 4 investors for aggregate consideration of approxima""}, {""type"": ""round_financing"", ""round"": ""Series B"", ""amount_m"": 60.5, ""sentence"": ""In\nJanuary 2018, we sold an aggregate of 28,285,557\u00a0shares of our Series B preferred stock to 15 investors for aggregate consideration of approximately $60.5\u00a0million and issued an additional 233,765\u00a0s""}, {""type"": ""round_financing"", ""round"": ""Series B"", ""amount_m"": 58.2, ""sentence"": ""During the three months ended March 31, 2018, net cash provided by financing activities was $58.2 million, primarily consisting of net cash\nproceeds from our issuance of Series B preferred stock in Ja""}]",round_dollar,medium,0001681087,"AVROBIO, Inc."
11.9,"$11.9M (max single round, 1 rounds detected)",1,"[{""type"": ""round_financing"", ""round"": ""Series D"", ""amount_m"": 11.9, ""sentence"": ""Cash flows from financing activities In 2016 and 2017, our financing activities provided $11.9\u00a0million and $17.7 million of cash, respectively, primarily consisting of proceeds from the\nissuances of S""}, {""type"": ""round_financing"", ""round"": ""Series D"", ""amount_m"": 11.9, ""sentence"": ""In 2016 and 2017, our financing activities provided $11.9\u00a0million and $17.7 million of cash, respectively, primarily consisting of proceeds from the\nissuances of Series C and Series D convertible pref""}]",round_dollar,medium,0001670356,Abpro Corp
,,0,[],none,none,0001630970,"Accelerated Pharma, Inc."
25.1,"$25.1M (max single round, 1 rounds detected)",1,"[{""type"": ""round_financing"", ""round"": ""Series D"", ""amount_m"": 12.2, ""sentence"": ""Between March and May 2013, we issued 13,844,040 shares of Series D convertible preferred\nstock at $1.09 per share, resulting in net proceeds of $12.2 million.""}, {""type"": ""round_financing"", ""round"": ""Series D"", ""amount_m"": 10.0, ""sentence"": ""In November 2013, under the terms of the March 2013 stock purchase agreement, we issued an additional 9,174,314 shares of Series D convertible preferred stock, with gross proceeds\nto us of $10.0 milli""}, {""type"": ""round_financing"", ""round"": ""Series D"", ""amount_m"": 8.8, ""sentence"": ""The net cash\nprovided by financing activities for the nine months ended September\u00a030, 2013 of $8.8 million consisted primarily of the $12.2 million net proceeds from the issuance of convertible prefer""}, {""type"": ""round_financing"", ""round"": ""Series D"", ""amount_m"": 25.1, ""sentence"": ""145 Table of Contents Sales of Series D Preferred Stock In March, May and November 2013, we sold an aggregate of 23,018,354 shares of our Series D convertible preferred stock at a price of $1.09\nper s""}, {""type"": ""round_financing"", ""round"": ""Series D"", ""amount_m"": 5.6, ""sentence"": ""The table below sets forth the number of shares of Series D convertible preferred stock\nsold to our 5% stockholders and their affiliates: Additionally, as noted above under \u201c\u2014Funding Agreement with Th""}, {""type"": ""round_financing"", ""round"": ""Series D"", ""amount_m"": 10.0, ""sentence"": ""The Company believes that its available cash and cash equivalents as of\nSeptember\u00a030, 2013, and the additional $10.0 million raised through the issuance of the Company\u2019s Series D convertible preferred""}, {""type"": ""round_financing"", ""round"": ""Series D"", ""amount_m"": 25.1, ""sentence"": ""In March, May and November 2013, we sold an aggregate of 23,018,354\u00a0shares of our Series\u00a0D convertible preferred stock at a price of $1.09 per share for gross proceeds of $25.1\u00a0million,\ncomposed of ca""}, {""type"": ""round_financing"", ""round"": ""Series D"", ""amount_m"": 5.6, ""sentence"": ""In March 2013, we also sold an aggregate of 6,414,790\u00a0shares of our Series\u00a0D convertible preferred stock upon\nthe conversion of $5.6\u00a0million principal amount of indebtedness at a conversion price equa""}, {""type"": ""round_financing"", ""round"": ""Series D"", ""amount_m"": 25.1, ""sentence"": ""Table of Contents Sales of Series D Preferred Stock In March, May and November 2013, we sold an aggregate of 23,018,354 shares of our Series D convertible preferred stock at a price of $1.09\nper share""}, {""type"": ""round_financing"", ""round"": ""Series D"", ""amount_m"": 25.1, ""sentence"": ""In March, May and November 2013, we sold an aggregate of 23,018,354 shares of our Series D convertible preferred stock at a price of $1.09\nper share for aggregate gross proceeds of $25.1 million, incl""}]",round_dollar,medium,0001301501,Achaogen Inc
,,0,[],none,none,0001557746,Aclaris Therapeutics Inc
28.2,$28.2M (from proceeds phrasing),1,"[{""type"": ""aggregate_proceeds"", ""amount_m"": 28.2, ""sentence"": ""Through\n2007, we raised net proceeds of approximately $28.2 million through sales of our convertible preferred stock and approximately $12.0 million from the sale of our contingently convertible debt.""}]",proceeds_phrasing,high,0001400482,Acucela Inc
1.5,"$1.5M (max single round, 1 rounds detected)",1,"[{""type"": ""round_financing"", ""round"": ""Series D"", ""amount_m"": 1.5, ""sentence"": ""In\nconnection with the second draw-down of $1.5\u00a0million in December 2008 pertaining to the 2008 Term Loan, the Company issued warrants to purchase a total of 1,601 shares of the\nCompany's Series\u00a0D pre""}]",round_dollar,medium,0001328143,Adamas Pharmaceuticals Inc
,,0,[],none,none,0001657598,"Adgero Biopharmaceuticals Holdings, Inc."
70.0,"$70.0M (max single round, 1 rounds detected)",1,"[{""type"": ""round_financing"", ""round"": ""Series B"", ""amount_m"": 44.0, ""sentence"": ""In March 2015, we sold an aggregate of 51,764,706 shares of our Series B convertible preferred stock at a\npurchase price of $0.85 per share for an aggregate purchase price of $44.0 million.""}, {""type"": ""round_financing"", ""round"": ""Series B"", ""amount_m"": 70.0, ""sentence"": ""Each share of our Series B convertible preferred stock will convert automatically into one share of our 59 Table of Contents common stock upon the completion of this offering, provided that we receive""}, {""type"": ""round_financing"", ""round"": ""Series B"", ""amount_m"": 44.0, ""sentence"": ""In March 2015, the Company issued\n51.8\u00a0million shares of Series B convertible preferred stock for $44.0 million in gross proceeds (see Note 14).""}, {""type"": ""round_financing"", ""round"": ""Series B"", ""amount_m"": 44.0, ""sentence"": ""In March 2015, the Company issued\n51.8\u00a0million shares of Series B convertible preferred stock for $44.0 million in gross proceeds (see Note 5).""}, {""type"": ""round_financing"", ""round"": ""Series B"", ""amount_m"": 44.0, ""sentence"": ""Also on March\u00a010, 2015, the Company issued 51,764,706 shares of Series B\nconvertible preferred stock, par value $0.0001 per share, at an issuance price equal to $0.85 per share and received gross proc""}, {""type"": ""round_financing"", ""round"": ""Series B"", ""amount_m"": 70.0, ""sentence"": ""Each share of convertible preferred stock is automatically converted into shares of common stock at the then-current conversion rate upon (i)\u00a0a vote of 62% of the\noutstanding Series B convertible pref""}]",round_dollar,medium,0001636282,"Aeglea BioTherapeutics, Inc."
80.0,"$80.0M (max single round, 2 rounds detected)",2,"[{""type"": ""round_financing"", ""round"": ""Series B"", ""amount_m"": 79.8, ""sentence"": ""In January and February 2015, we received net proceeds of $79.8\u00a0million from the sale of our Series B convertible preferred stock, of which $12.9 million was used to repurchase\noutstanding shares of o""}, {""type"": ""round_financing"", ""round"": ""Series A"", ""amount_m"": 79.8, ""sentence"": ""In January and February 2015, we received net proceeds of $79.8\u00a0million from the sale of our Series B convertible preferred stock, of which $12.9 million was used to repurchase\noutstanding shares of o""}, {""type"": ""round_financing"", ""round"": ""Series B"", ""amount_m"": 79.8, ""sentence"": ""In January and February 2015, we received net proceeds of $79.8\u00a0million from the sale of our Series B convertible preferred stock, of which $12.9 million was used to repurchase outstanding shares of o""}, {""type"": ""round_financing"", ""round"": ""Series A"", ""amount_m"": 79.8, ""sentence"": ""In January and February 2015, we received net proceeds of $79.8\u00a0million from the sale of our Series B convertible preferred stock, of which $12.9 million was used to repurchase outstanding shares of o""}, {""type"": ""round_financing"", ""round"": ""Series B"", ""amount_m"": 79.8, ""sentence"": ""Net Cash Provided By Financing Activities Net cash provided by financing activities for the three months ended March\u00a031, 2015 consisted primarily of the proceeds of $79.8 million\nfrom the issuance of ""}, {""type"": ""round_financing"", ""round"": ""Series B"", ""amount_m"": 65.3, ""sentence"": ""As of March\u00a031, 2015, we had cash and cash equivalents of $65.3 million, including the net proceeds we received from the issuance of\nSeries B convertible preferred stock in January and February 2015.""}, {""type"": ""round_financing"", ""round"": ""Series B"", ""amount_m"": 79.8, ""sentence"": ""The table below sets forth the\nnumber of shares of Series A preferred stock sold to our directors, executive officers or owners of more than 5% of a class of our capital stock, or an affiliate or imme""}, {""type"": ""round_financing"", ""round"": ""Series B"", ""amount_m"": 66.9, ""sentence"": ""Subsequent Events Series B Convertible Preferred Stock In January and February 2015, the Company authorized 10,816,667 and issued 10,666,667 shares of Series B convertible preferred stock, $0.0001\npar""}, {""type"": ""round_financing"", ""round"": ""Series A"", ""amount_m"": 66.9, ""sentence"": ""Subsequent Events Series B Convertible Preferred Stock In January and February 2015, the Company authorized 10,816,667 and issued 10,666,667 shares of Series B convertible preferred stock, $0.0001\npar""}, {""type"": ""round_financing"", ""round"": ""Series B"", ""amount_m"": 80.0, ""sentence"": ""In January and February 2015, the Company issued 10,666,667 shares of Series B convertible preferred stock, $0.0001 par value,\noriginal issue price of $7.50 per share, for gross cash proceeds of $80.0""}]",round_dollar,medium,0001631650,"Aimmune Therapeutics, Inc."
5.0,"$5.0M (max single round, 1 rounds detected)",1,"[{""type"": ""round_financing"", ""round"": ""Series A"", ""amount_m"": 5.0, ""sentence"": ""Preferred Stock Financings Series A Preferred Stock Financing In June 2010, we issued and sold an aggregate of 125,000 shares of our Series A preferred stock at a purchase price of $40.00 per share fo""}, {""type"": ""round_financing"", ""round"": ""Series A"", ""amount_m"": 5.0, ""sentence"": ""(a) Sales of Capital Stock In June 2010, we issued and sold an aggregate of 125,000 shares of Series A preferred stock at a price per share of $40.00 for total consideration of $5\nmillion to 15 invest""}, {""type"": ""round_financing"", ""round"": ""Series A"", ""amount_m"": 5.0, ""sentence"": ""In June 2010, we issued and sold an aggregate of 125,000 shares of our Series A preferred stock at a purchase price of $40.00 per share for an aggregate purchase price of $5 million.""}, {""type"": ""round_financing"", ""round"": ""Series A"", ""amount_m"": 5.0, ""sentence"": ""In June 2010, we issued and sold an aggregate of 125,000 shares of Series A preferred stock at a price per share of $40.00 for total consideration of $5\nmillion to 15 investors.""}]",round_dollar,medium,0001517022,Akebia Therapeutics Inc
85.0,"$85.0M (max single round, 2 rounds detected)",2,"[{""type"": ""round_financing"", ""round"": ""Series A"", ""amount_m"": 5.0, ""sentence"": ""Under the Amgen\nAgreement, in consideration for the license, we made an upfront payment of $5.0\u00a0million to Amgen and also issued 2,653,333 shares of our Series\u00a0A convertible preferred stock to Amgen a""}, {""type"": ""round_financing"", ""round"": ""Series A"", ""amount_m"": 5.0, ""sentence"": ""Pursuant to the agreement,\nwe paid Amgen\u00a0Inc., or Amgen, an upfront cash payment of $5.0\u00a0million and issued shares of Series\u00a0A preferred stock to Amgen with a fair value of $1.4\u00a0million.""}, {""type"": ""round_financing"", ""round"": ""Series B"", ""amount_m"": 85.0, ""sentence"": ""During\nthe year ended December\u00a031, 2018, net cash provided by financing activities was $85.0\u00a0million, primarily consisting of proceeds from our issuances of Series\u00a0A and\nSeries\u00a0B preferred stock in Ju""}, {""type"": ""round_financing"", ""round"": ""Series A"", ""amount_m"": 5.0, ""sentence"": ""During\nthe period January\u00a024, 2017 (inception) through December\u00a031, 2017, cash provided by financing activities was $5.0\u00a0million, consisting of proceeds from our issuance of\nSeries\u00a0A preferred stock.""}, {""type"": ""round_financing"", ""round"": ""Series A"", ""amount_m"": 5.0, ""sentence"": ""As\ninitial consideration for the license, we paid Amgen an upfront payment of $5.0\u00a0million and also issued 2,653,333 shares of our Series\u00a0A preferred stock to Amgen at the time of the\ninitial closing ""}, {""type"": ""round_financing"", ""round"": ""Series A"", ""amount_m"": 45.0, ""sentence"": ""In June 2018, with a subsequent closing in November 2018, we issued an aggregate of 50,858,462 shares of our Series\u00a0A convertible preferred stock at a\npurchase price of $1.00 per share pursuant to agr""}, {""type"": ""round_financing"", ""round"": ""Series B"", ""amount_m"": 45.5, ""sentence"": ""In December 2018, we sold an aggregate of 13,871,948 shares of our Series\u00a0B convertible preferred stock at a purchase price of $3.28 per share pursuant\nto agreements entered into with investors, for a""}, {""type"": ""round_financing"", ""round"": ""Series A"", ""amount_m"": 5.0, ""sentence"": ""We paid Amgen an upfront fee of $5.0\u00a0million and issued to Amgen an aggregate of 5,858,461 shares of Series\u00a0A convertible preferred stock.""}]",round_dollar,medium,0001744659,"Akero Therapeutics, Inc."
30.0,"$30.0M (max single round, 2 rounds detected)",2,"[{""type"": ""round_financing"", ""round"": ""Series A"", ""amount_m"": 12.0, ""sentence"": ""Through September\u00a030, 2013, we have received approximately $12.0\u00a0million in net\nproceeds from the sale of our Series\u00a0A convertible preferred stock and approximately $6.8\u00a0million in net proceeds from t""}, {""type"": ""round_financing"", ""round"": ""Series B"", ""amount_m"": 12.0, ""sentence"": ""Through September\u00a030, 2013, we have received approximately $12.0\u00a0million in net\nproceeds from the sale of our Series\u00a0A convertible preferred stock and approximately $6.8\u00a0million in net proceeds from t""}, {""type"": ""round_financing"", ""round"": ""Series B"", ""amount_m"": 12.0, ""sentence"": ""and Johnson\u00a0& Johnson Development Corporation an aggregate of 15,800,191 shares of our Series B convertible\npreferred stock at a purchase price of $0.4299 per share and issued such investors warrants ""}, {""type"": ""round_financing"", ""round"": ""Series B"", ""amount_m"": 2.0, ""sentence"": ""As discussed in Note 12, the Company raised $2.0 million in gross proceeds from the issuance of Series B redeemable convertible preferred stock (\u201cSeries B Preferred\nStock\u201d) in August 2013 as well as c""}, {""type"": ""round_financing"", ""round"": ""Series A"", ""amount_m"": 6.0, ""sentence"": ""Series A Preferred Stock In June 2008, the Company authorized a total of 13,764,706 shares of Series A redeemable, convertible preferred stock (\u201cSeries A Preferred\nStock\u201d) of which 5,882,353 shares we""}, {""type"": ""round_financing"", ""round"": ""Series B"", ""amount_m"": 2.0, ""sentence"": ""Series B Preferred Stock In December 2012, the Company authorized a total of 36,205,634 shares of Series B redeemable, convertible preferred stock (\u201cSeries B\nPreferred Stock\u201d) of which 4,649,986 share""}, {""type"": ""round_financing"", ""round"": ""Series B"", ""amount_m"": 2.0, ""sentence"": ""The combination of the $2.0 million gross cash proceeds and the $8.3\u00a0million fair value of the\nSeries\u00a0B Rights resulted in an initial fair value of the Series\u00a0B Preferred Stock issued in August 2013 o""}, {""type"": ""round_financing"", ""round"": ""Series B"", ""amount_m"": 30.0, ""sentence"": ""The Series\u00a0A and Series\u00a0B preferred stock is automatically and separately convertible into shares of Voting Common Stock or\nNon-Voting Common Stock at the election of the holder in the event of (i)\u00a0el""}, {""type"": ""round_financing"", ""round"": ""Series A"", ""amount_m"": 6.0, ""sentence"": ""In June 2008, the Company authorized a total of 13,764,706 shares of Series A redeemable, convertible preferred stock (\u201cSeries A Preferred\nStock\u201d) of which 5,882,353 shares were issued for $1.02 per s""}, {""type"": ""round_financing"", ""round"": ""Series B"", ""amount_m"": 2.0, ""sentence"": ""In December 2012, the Company authorized a total of 36,205,634 shares of Series B redeemable, convertible preferred stock (\u201cSeries B\nPreferred Stock\u201d) of which 4,649,986 shares were issued for $0.4299""}]",round_dollar,medium,0001341235,Aldeyra Therapeutics Inc
133.2,"$133.2M (max single round, 3 rounds detected)",3,"[{""type"": ""round_financing"", ""round"": ""Series E"", ""amount_m"": 3.2, ""sentence"": ""The increase of $3.2\u00a0million was due to interest income earned after we invested the majority of the $205.0\u00a0million upfront payments from the AbbVie Agreement and the proceeds from our issuance and sa""}, {""type"": ""round_financing"", ""round"": ""Series D"", ""amount_m"": 0.2, ""sentence"": ""The increase of $0.2\u00a0million was due to interest income earned on investments made from the proceeds of our Series D convertible preferred stock financing, in the fourth quarter of 2016.""}, {""type"": ""round_financing"", ""round"": ""Series E"", ""amount_m"": 132.7, ""sentence"": ""Financing Activities For the nine months ended September\u00a030, 2018, cash provided by financing activities of $132.7\u00a0million was from the net proceeds of\nthe issuance of 9,349,012 shares of our Series E""}, {""type"": ""round_financing"", ""round"": ""Series E"", ""amount_m"": 0.1, ""sentence"": ""For the year ended\nDecember\u00a031, 2017, cash used in financing activities was less than $0.1\u00a0million for payments of issuance costs for our Series E convertible preferred stock.""}, {""type"": ""round_financing"", ""round"": ""Series E"", ""amount_m"": 133.2, ""sentence"": ""Compensation arrangements and indemnification arrangements with our directors and officers are described in \u201cManagement\u2014 Director Compensation,\u201d \u201cExecutive\nCompensation,\u201d and \u201cManagement.\u201d Private Pla""}, {""type"": ""round_financing"", ""round"": ""Series D"", ""amount_m"": 29.5, ""sentence"": ""Series D Preferred Stock Transaction In December 2015, we issued and sold an aggregate of 7,363,737 shares of our Series D preferred stock at a purchase price of $4.01 per share\nfor an aggregate purch""}, {""type"": ""round_financing"", ""round"": ""Series C"", ""amount_m"": 32.3, ""sentence"": ""156 Table of Contents Series C Preferred Stock Transaction In September 2015, we issued and sold an aggregate of 12,088,016 shares of our Series C preferred stock at a purchase price of $2.67 per shar""}, {""type"": ""round_financing"", ""round"": ""Series E"", ""amount_m"": 132.9, ""sentence"": ""In April 2018 and July 2018,\nthe Company issued 9,349,012 shares of Series E convertible preferred stock at a price of $14.2154 per share for aggregate gross proceeds of $132.9\u00a0million.""}, {""type"": ""round_financing"", ""round"": ""Series E"", ""amount_m"": 0.3, ""sentence"": ""In October 2018, the Company issued an additional 24,621 shares of Series E convertible preferred stock at a price of $14.2154 per share for\naggregate gross proceeds of $0.3\u00a0million.""}, {""type"": ""round_financing"", ""round"": ""Series E"", ""amount_m"": 133.2, ""sentence"": ""(1) In April 2018, July 2018, and October 2018, we issued 9,373,633 shares of our Series E preferred stock at $14.2154 per share, for\naggregate proceeds of $133.2\u00a0million to a total of 32 accredited i""}]",round_dollar,medium,0001653087,Alector Inc
100.1,"$100.1M (max single round, 2 rounds detected)",2,"[{""type"": ""round_financing"", ""round"": ""Series B"", ""amount_m"": 0.2, ""sentence"": ""The period-over-period change was attributable to increased interest income of $0.2 million earned on capital raised by our Series B preferred stock financing in November 2017 and decreased interest e""}, {""type"": ""round_financing"", ""round"": ""Series A"", ""amount_m"": 21.9, ""sentence"": ""-145- Table of Contents Series A Convertible Preferred Stock In March 2015 and January 2016, we issued and sold an aggregate of 12,194,193 shares of our Series A convertible preferred stock at a purch""}, {""type"": ""round_financing"", ""round"": ""Series B"", ""amount_m"": 100.1, ""sentence"": ""Series B Convertible Preferred Stock In November 2017, we issued and sold an aggregate of 12,631,506 shares of our Series B convertible preferred stock at a purchase price of approximately\n$7.93 per s""}, {""type"": ""round_financing"", ""round"": ""Series A"", ""amount_m"": 9.8, ""sentence"": ""Upon execution of the agreement, the Company issued 5,555,554 shares of Series A\nconvertible preferred stock for net cash proceeds of $9.8\u00a0million (the \u201cInitial Closing\u201d).""}, {""type"": ""round_financing"", ""round"": ""Series A"", ""amount_m"": 14.9, ""sentence"": ""From August 2014 through September 2014, the Company issued 8,333,334 shares of Series A convertible preferred stock at a purchase price of $1.80 per share for net cash proceeds of $14.9\u00a0million (the ""}, {""type"": ""round_financing"", ""round"": ""Series A"", ""amount_m"": 2.9, ""sentence"": ""Concurrent with the second amendment, the Company issued\n1,638,637 shares of Series A convertible preferred stock at a purchase price of $1.80 per share for net cash proceeds of $2.9\u00a0million (the \u201cAdd""}, {""type"": ""round_financing"", ""round"": ""Series A"", ""amount_m"": 19.0, ""sentence"": ""In January 2016, the Company issued 10,555,556 shares of Series A convertible preferred stock at a purchase price of $1.80 per share for net cash\nproceeds of $19.0\u00a0million (the \u201cThird Closings\u201d).""}, {""type"": ""round_financing"", ""round"": ""Series B"", ""amount_m"": 92.3, ""sentence"": ""Upon the execution of the agreement, the Company issued 11,667,643\nshares of Series B convertible preferred stock for net cash proceeds of $92.3\u00a0million and 963,863 shares issued upon the conversion o""}, {""type"": ""round_financing"", ""round"": ""Series A"", ""amount_m"": 2.9, ""sentence"": ""(a)\n\u00a0\u00a0\u00a0\u00a0In March 2015, we issued 1,638,637 shares of our Series A convertible preferred stock at $1.80 per share, for aggregate proceeds of $2.9\u00a0million, to a total of 9 accredited investors.""}, {""type"": ""round_financing"", ""round"": ""Series A"", ""amount_m"": 19.0, ""sentence"": ""II-2 Table of Contents (b)\u00a0\u00a0\u00a0\u00a0In January 2016, we issued 10,555,556 shares of our Series A convertible\npreferred stock at $1.80 per share, for aggregate proceeds of $19.0\u00a0million, to a total of 10 acc""}]",round_dollar,medium,0001564824,Allakos Inc.
52.8,"$52.8M (max single round, 3 rounds detected)",3,"[{""type"": ""round_financing"", ""round"": ""Series A"", ""amount_m"": 17.9, ""sentence"": ""Convertible Preferred Stock Series A Convertible Preferred Stock From September 2011 to May 2014, the Company issued a total of 18,367,344 shares of Series A Preferred Stock at $0.98 per share for tot""}, {""type"": ""round_financing"", ""round"": ""Series B"", ""amount_m"": 24.9, ""sentence"": ""Series B Convertible Preferred Stock In November 2014, the Company issued 19,841,270 shares of the Series B Convertible Preferred Stock (\u201cSeries B Preferred Stock\u201d) at\n$1.26 per share for net proceeds""}, {""type"": ""round_financing"", ""round"": ""Series C"", ""amount_m"": 52.8, ""sentence"": ""Series C Convertible Preferred Stock In November 2015, the Company issued 20,000,000 shares of the Series C Preferred Stock (collectively with the Series A Preferred Stock and\nSeries B Preferred Stock""}, {""type"": ""round_financing"", ""round"": ""Series A"", ""amount_m"": 52.8, ""sentence"": ""Series C Convertible Preferred Stock In November 2015, the Company issued 20,000,000 shares of the Series C Preferred Stock (collectively with the Series A Preferred Stock and\nSeries B Preferred Stock""}, {""type"": ""round_financing"", ""round"": ""Series B"", ""amount_m"": 52.8, ""sentence"": ""Series C Convertible Preferred Stock In November 2015, the Company issued 20,000,000 shares of the Series C Preferred Stock (collectively with the Series A Preferred Stock and\nSeries B Preferred Stock""}, {""type"": ""round_financing"", ""round"": ""Series A"", ""amount_m"": 17.9, ""sentence"": ""From September 2011 to May 2014, the Company issued a total of 18,367,344 shares of Series A Preferred Stock at $0.98 per share for total net\nproceeds of $17.9 million.""}, {""type"": ""round_financing"", ""round"": ""Series B"", ""amount_m"": 24.9, ""sentence"": ""In November 2014, the Company issued 19,841,270 shares of the Series B Convertible Preferred Stock (\u201cSeries B Preferred Stock\u201d) at\n$1.26 per share for net proceeds of $24.9 million.""}, {""type"": ""round_financing"", ""round"": ""Series C"", ""amount_m"": 52.8, ""sentence"": ""In November 2015, the Company issued 20,000,000 shares of the Series C Preferred Stock (collectively with the Series A Preferred Stock and\nSeries B Preferred Stock, the \u201cPreferred Stock\u201d) at $2.65 per""}, {""type"": ""round_financing"", ""round"": ""Series A"", ""amount_m"": 52.8, ""sentence"": ""In November 2015, the Company issued 20,000,000 shares of the Series C Preferred Stock (collectively with the Series A Preferred Stock and\nSeries B Preferred Stock, the \u201cPreferred Stock\u201d) at $2.65 per""}, {""type"": ""round_financing"", ""round"": ""Series B"", ""amount_m"": 52.8, ""sentence"": ""In November 2015, the Company issued 20,000,000 shares of the Series C Preferred Stock (collectively with the Series A Preferred Stock and\nSeries B Preferred Stock, the \u201cPreferred Stock\u201d) at $2.65 per""}]",round_dollar,medium,0001624658,"Allena Pharmaceuticals, Inc."
600.0,$600.0M (from proceeds phrasing),1,"[{""type"": ""aggregate_proceeds"", ""amount_m"": 300.0, ""sentence"": ""(2) In April 2018, we entered into a Series A and\nA-1 preferred stock purchase agreement with various investors, pursuant to which we issued and sold to such investors an aggregate of 7,557,990 shares""}, {""type"": ""aggregate_proceeds"", ""amount_m"": 300.0, ""sentence"": ""In April 2018, we entered into a Series A and A-1 preferred stock purchase agreement with various investors, pursuant to which we issued and\nsold to participating investors an aggregate of 7,557,900 s""}, {""type"": ""round_financing"", ""round"": ""Series A"", ""amount_m"": 111.8, ""sentence"": ""As consideration for the purchased assets, the Company issued Pfizer 3,187,772 shares of its Series\u00a0A-1 convertible preferred stock with an estimated fair value of $111.8\u00a0million or $35.06 per share.""}, {""type"": ""round_financing"", ""round"": ""Series A"", ""amount_m"": 264.4, ""sentence"": ""In April 2018, the Company issued 7,557,990 shares of its Series\u00a0A convertible preferred stock at a price per share of $35.06 for net cash proceeds of\n$264.4\u00a0million and issued 998,225 shares of Serie""}]",proceeds_phrasing+round_dollar,high,0001737287,Allogene Therapeutics Inc.
,,0,[],none,none,0001723128,"Amneal Pharmaceuticals, Inc."
,,0,[],none,none,0001297184,Amphastar Pharmaceuticals Inc
40.8,"$40.8M (max single round, 2 rounds detected)",2,"[{""type"": ""round_financing"", ""round"": ""Series D"", ""amount_m"": 40.7, ""sentence"": ""In July, 2015, we issued an aggregate of 38,436,851 shares of Series D Preferred Stock at a purchase price of $1.06 per share, for aggregate net proceeds of $40.7\nmillion.""}, {""type"": ""round_financing"", ""round"": ""Series D"", ""amount_m"": 40.8, ""sentence"": ""The purchasers of our Series C-1 convertible preferred stock are entitled to specified registration rights, as described below under \u201cDescription of Capital Stock\u2014Registration Rights.\u201d Series D Prefer""}, {""type"": ""round_financing"", ""round"": ""Series D"", ""amount_m"": 0.5, ""sentence"": ""Deferred Offering Costs During the six months ended June\u00a030, 2015, we incurred an aggregate of $0.5 million in direct costs related to our July 2015 Series D\nConvertible Preferred Stock financing and ""}, {""type"": ""round_financing"", ""round"": ""Series D"", ""amount_m"": 40.7, ""sentence"": ""F-39 Table of Contents Issuance of Series D Convertible Preferred Stock On July\u00a013, 2015, we issued and sold 38,436,851 shares of Series D Convertible Preferred Stock at $1.06 per share for net procee""}, {""type"": ""round_financing"", ""round"": ""Series C"", ""amount_m"": 2.2, ""sentence"": ""In April 2014, the Registrant issued an aggregate of 3,318,054 shares of the Registrant\u2019s Series C-1 convertible preferred stock at a\npurchase price of $0.65 per share for an aggregate purchase price ""}, {""type"": ""round_financing"", ""round"": ""Series D"", ""amount_m"": 40.8, ""sentence"": ""In July 2015, the Registrant issued an aggregate of 38,436,851 shares of the Registrant\u2019s Series D convertible preferred stock at a\npurchase price of $1.06 per share for an aggregate purchase price of""}, {""type"": ""round_financing"", ""round"": ""Series C"", ""amount_m"": 2.2, ""sentence"": ""In April 2014, we issued an aggregate of 3,318,054 shares of our Series C-1 convertible preferred stock at a purchase\nprice of $0.65 per share, in exchange for the cancellation of secured convertible ""}, {""type"": ""round_financing"", ""round"": ""Series D"", ""amount_m"": 40.8, ""sentence"": ""In July 2015, we sold an aggregate of 38,436,851 shares of our Series D convertible preferred stock at a purchase price of $1.06 per share, for\nan aggregate cash purchase price of $40.8 million.""}, {""type"": ""round_financing"", ""round"": ""Series D"", ""amount_m"": 0.5, ""sentence"": ""During the six months ended June\u00a030, 2015, we incurred an aggregate of $0.5 million in direct costs related to our July 2015 Series D\nConvertible Preferred Stock financing and anticipated public offer""}, {""type"": ""round_financing"", ""round"": ""Series D"", ""amount_m"": 40.7, ""sentence"": ""Table of Contents Issuance of Series D Convertible Preferred Stock On July\u00a013, 2015, we issued and sold 38,436,851 shares of Series D Convertible Preferred Stock at $1.06 per share for net proceeds of""}]",round_dollar,medium,0001370053,AnaptysBio Inc
,,0,[],none,none,0001601485,Angion Biomedica Corp.
0.57,"$0.6M (max single round, 1 rounds detected)",1,"[{""type"": ""round_financing"", ""round"": ""Series A"", ""amount_m"": 0.57, ""sentence"": ""In December 2017 and March 2018, we issued and sold an aggregate of 630,722 shares of series\u00a0A-1 convertible preferred stock at a\npurchase price per share of $.90, for an aggregate purchase price of a""}]",round_dollar,medium,0001477845,"Annovis Bio, Inc."
,,0,[],none,none,0001509261,"AntriaBio, Inc."
3.1,$3.1M (from proceeds phrasing),2,"[{""type"": ""aggregate_proceeds"", ""amount_m"": 3.1, ""sentence"": ""Pro forma net tangible book value per share represents our total tangible assets less our total liabilities, divided by the number of outstanding\nshares of common stock, after giving effect to (i)\u00a0the""}, {""type"": ""round_financing"", ""round"": ""Series B"", ""amount_m"": 3.1, ""sentence"": ""Based on our research and development plans, we believe that the $3.1\u00a0million of net proceeds from the sale of 8,017 shares of\nSeries\u00a0B Preferred Stock subsequent to December\u00a031, 2018 and the net proc""}, {""type"": ""round_financing"", ""round"": ""Series B"", ""amount_m"": 18.7, ""sentence"": ""We expect our existing cash and cash equivalents of $18.7\u00a0million as of December\u00a031, 2018, together with the net proceeds from the sale of 8,017\nshares of Series\u00a0B Preferred Stock subsequent to Decemb""}, {""type"": ""round_financing"", ""round"": ""Series A"", ""amount_m"": 6.5, ""sentence"": ""During the year ended December\u00a031, 2017, net cash provided by financing activities was $6.5\u00a0million, net of cash issuance costs,\nreceived from the sale of our Series\u00a0A convertible preferred stock, or ""}, {""type"": ""round_financing"", ""round"": ""Series B"", ""amount_m"": 21.2, ""sentence"": ""Cash proceeds, net of cash issuance costs, from the sale of our\nSeries\u00a0B Preferred Stock was $21.2\u00a0million and cash proceeds, net of cash issuance costs, from the sale of convertible promissory notes ""}, {""type"": ""round_financing"", ""round"": ""Series A"", ""amount_m"": 7.0, ""sentence"": ""Between January and March 2017, we issued an aggregate of 56,000 shares of our Series\u00a0A Preferred Stock at a price per share of $125.00\nin five closings for total gross proceeds of $7.0\u00a0million.""}, {""type"": ""round_financing"", ""round"": ""Series A"", ""amount_m"": 5.2, ""sentence"": ""The first two closings occurred in January 2017, at which time we issued an aggregate of 41,167 shares of our Series\u00a0A\nPreferred Stock for gross cash proceeds of approximately $5.2\u00a0million.""}, {""type"": ""round_financing"", ""round"": ""Series A"", ""amount_m"": 1.7, ""sentence"": ""The third and fourth closings occurred in February 2017, at which time we issued an additional 13,566 shares of our\nSeries\u00a0A Preferred Stock for gross cash proceeds of approximately $1.7\u00a0million.""}, {""type"": ""round_financing"", ""round"": ""Series A"", ""amount_m"": 0.1, ""sentence"": ""The fifth closing occurred in March 2017, at which time we issued an additional 817 shares of our\nSeries\u00a0A Preferred Stock for gross cash proceeds of $0.1\u00a0million.""}, {""type"": ""round_financing"", ""round"": ""Series B"", ""amount_m"": 25.1, ""sentence"": ""Between November 2018 and February 2019, we issued an aggregate of 60,582 new shares of our Series\u00a0B Preferred Stock at a price per share\nof $413.67 in five closings for total gross cash proceeds of a""}]",proceeds_phrasing+round_dollar,high,0001697532,Applied Therapeutics Inc.
62.3,"$62.3M (max single round, 2 rounds detected)",2,"[{""type"": ""round_financing"", ""round"": ""Series C"", ""amount_m"": 5.6, ""sentence"": ""The increase in cash provided by financing activities of $5.6\u00a0million was primarily attributable to the issuance of Series\u00a0C convertible preferred stock in February\n2019 for net proceeds of $5.6\u00a0milli""}, {""type"": ""round_financing"", ""round"": ""Series C"", ""amount_m"": 33.1, ""sentence"": ""The increase in cash provided by financing activities of $33.1\u00a0million was attributable to the issuance of Series\u00a0C convertible preferred stock in November 2018 for net proceeds of\n$56.4\u00a0million.""}, {""type"": ""round_financing"", ""round"": ""Series B"", ""amount_m"": 23.3, ""sentence"": ""In October 2017, we issued Series\u00a0B convertible preferred stock for net proceeds of $23.3\u00a0million.""}, {""type"": ""round_financing"", ""round"": ""Series B"", ""amount_m"": 50.0, ""sentence"": ""(1)\u00a0\u00a0\u00a0In\nMarch 2016 and October 2017, Aprea AB issued and sold an aggregate of 4,509,800 shares of its Series\u00a0B preferred stock to five accredited investors at a\npurchase price of $10.92 and $11.27, r""}, {""type"": ""round_financing"", ""round"": ""Series C"", ""amount_m"": 62.3, ""sentence"": ""(2)\u00a0\u00a0\u00a0In\nNovember 2018 and February 2019, Aprea AB issued and sold an aggregate of 3,228,347 shares of its Series\u00a0C preferred stock to six accredited investors at a\npurchase price of $19.38 and $19.42""}]",round_dollar,medium,0001781983,Aprea Therapeutics Inc
,,0,[],none,none,0001588172,Aptalis Holdings Inc.
70.0,"$70.0M (max single round, 2 rounds detected)",2,"[{""type"": ""round_financing"", ""round"": ""Series A"", ""amount_m"": 40.0, ""sentence"": ""Net cash provided by financing activities during the three months ended March\u00a031, 2017 was due to the\ngross proceeds of $40.0\u00a0million received from the issuance of Series\u00a0A-2 convertible preferred sto""}, {""type"": ""round_financing"", ""round"": ""Series A"", ""amount_m"": 40.0, ""sentence"": ""The\nincrease in cash provided by financing activities was due to the gross proceeds of $40.0\u00a0million received from the issuance of Series\u00a0A-2 convertible preferred stock and proceeds of\n$70.0\u00a0million ""}, {""type"": ""round_financing"", ""round"": ""Series B"", ""amount_m"": 40.0, ""sentence"": ""The\nincrease in cash provided by financing activities was due to the gross proceeds of $40.0\u00a0million received from the issuance of Series\u00a0A-2 convertible preferred stock and proceeds of\n$70.0\u00a0million ""}, {""type"": ""round_financing"", ""round"": ""Series B"", ""amount_m"": 70.0, ""sentence"": ""Conversion\nis at the option of the respective holders of Series\u00a0A and Series\u00a0B Preferred Stock, although conversion is automatic upon the earlier of (a)\u00a0the consummation of an\nunderwritten public offe""}, {""type"": ""round_financing"", ""round"": ""Series A"", ""amount_m"": 25.0, ""sentence"": ""In\nMay 2016, we issued and sold to investors an aggregate of 151,772,701 shares of Series\u00a0A-1 convertible preferred stock at a purchase price of $0.16472 per share, for an aggregate purchase\nprice of ""}, {""type"": ""round_financing"", ""round"": ""Series A"", ""amount_m"": 40.0, ""sentence"": ""In\nFebruary 2017, we issued and sold to investors an aggregate of 173,453,018 shares of Series\u00a0A-2 convertible preferred stock at a purchase price of $0.23061 per share, for an aggregate\npurchase pric""}, {""type"": ""round_financing"", ""round"": ""Series B"", ""amount_m"": 70.0, ""sentence"": ""In\nDecember 2017, we issued and sold to investors an aggregate of 234,954,520 shares of Series\u00a0B convertible preferred stock at a purchase price of $0.29793 per share, for an aggregate purchase\nprice ""}]",round_dollar,medium,0001674365,Aptinyx Inc.
,,0,[],none,none,0001398733,Aquestive Therapeutics Inc
12.0,$12.0M (from proceeds phrasing),1,"[{""type"": ""aggregate_proceeds"", ""amount_m"": 12.0, ""sentence"": ""In\nconnection with the acquisition, Tribute completed a private placement pursuant to which it issued 13,043,695\u00a0common shares at a price of\u00a0$0.92 per share for aggregate gross proceeds of\napproximate""}]",proceeds_phrasing,high,0001660719,Aralez Pharmaceuticals Inc.
,,0,[],none,none,0001648419,Aralez Pharmaceuticals Ltd
107.4,"$107.4M (max single round, 3 rounds detected)",3,"[{""type"": ""round_financing"", ""round"": ""Series A"", ""amount_m"": 49.6, ""sentence"": ""We received net proceeds of $49.6\u00a0million from the sale and issuance of 81 Table of Contents shares of our Series A convertible preferred stock in the year ended December 31, 2015, net proceeds of $69""}, {""type"": ""round_financing"", ""round"": ""Series B"", ""amount_m"": 49.6, ""sentence"": ""We received net proceeds of $49.6\u00a0million from the sale and issuance of 81 Table of Contents shares of our Series A convertible preferred stock in the year ended December 31, 2015, net proceeds of $69""}, {""type"": ""round_financing"", ""round"": ""Series C"", ""amount_m"": 69.8, ""sentence"": ""We received net proceeds of $49.6\u00a0million from the sale and issuance of 81 Table of Contents shares of our Series A convertible preferred stock in the year ended December 31, 2015, net proceeds of $69""}, {""type"": ""round_financing"", ""round"": ""Series C"", ""amount_m"": 107.4, ""sentence"": ""Cash Provided by Financing Activities Cash provided by financing activities was $107.4\u00a0million in the year ended December\u00a031, 2017, which consisted primarily of net proceeds of\n$106.9\u00a0million from the""}, {""type"": ""round_financing"", ""round"": ""Series B"", ""amount_m"": 70.1, ""sentence"": ""83 Table of Contents Cash provided by financing activities was $70.1\u00a0million in the year ended December\u00a031, 2016, which\nconsisted primarily of net proceeds of $69.8\u00a0million from the issuance and sale ""}, {""type"": ""round_financing"", ""round"": ""Series A"", ""amount_m"": 69.8, ""sentence"": ""Table of Contents shares of our Series A convertible preferred stock in the year ended December 31, 2015, net proceeds of $69.8\u00a0million from the sale and issuance of shares of our Series B convertible""}, {""type"": ""round_financing"", ""round"": ""Series B"", ""amount_m"": 69.8, ""sentence"": ""Table of Contents shares of our Series A convertible preferred stock in the year ended December 31, 2015, net proceeds of $69.8\u00a0million from the sale and issuance of shares of our Series B convertible""}, {""type"": ""round_financing"", ""round"": ""Series C"", ""amount_m"": 69.8, ""sentence"": ""Table of Contents shares of our Series A convertible preferred stock in the year ended December 31, 2015, net proceeds of $69.8\u00a0million from the sale and issuance of shares of our Series B convertible""}, {""type"": ""round_financing"", ""round"": ""Series A"", ""amount_m"": 69.8, ""sentence"": ""shares of our Series A convertible preferred stock in the year ended December 31, 2015, net proceeds of $69.8\u00a0million from the sale and issuance of shares of our Series B convertible\npreferred stock i""}, {""type"": ""round_financing"", ""round"": ""Series B"", ""amount_m"": 69.8, ""sentence"": ""shares of our Series A convertible preferred stock in the year ended December 31, 2015, net proceeds of $69.8\u00a0million from the sale and issuance of shares of our Series B convertible\npreferred stock i""}]",round_dollar,medium,0001724521,Arcus Biosciences Inc
,,0,[],none,none,0001437402,Ardelyx Inc
25.0,"$25.0M (max single round, 1 rounds detected)",1,"[{""type"": ""round_financing"", ""round"": ""Series A"", ""amount_m"": 25.0, ""sentence"": ""Under the terms of the engagement, upon being appointed\nthe Company's Vice Chairman and the closing of a minimum of $25\u00a0million in gross proceeds from sales of its Series\u00a0A convertible preferred stock""}, {""type"": ""round_financing"", ""round"": ""Series A"", ""amount_m"": 15.2, ""sentence"": ""On\nAugust\u00a012, 2016, the Company completed its first and initial closing under a private placement memorandum and sold 7,422,600 shares of its Series\u00a0A convertible preferred\nstock at a price of $2.05 p""}, {""type"": ""round_financing"", ""round"": ""Series A"", ""amount_m"": 13.6, ""sentence"": ""On\nDecember\u00a012, 2016, the Company completed its second closing under a private placement memorandum and sold 6,654,981 shares of its Series\u00a0A convertible preferred stock at\na price of $2.05 per share ""}, {""type"": ""round_financing"", ""round"": ""Series A"", ""amount_m"": 5.0, ""sentence"": ""On\nDecember\u00a030, 2016, the Company completed its third closing under a private placement memorandum and sold 2,439,024 shares of its Series\u00a0A convertible preferred stock at\na price of\n$2.05 per share t""}, {""type"": ""round_financing"", ""round"": ""Series A"", ""amount_m"": 18.3, ""sentence"": ""From\nJune through August of 2017, the Company sold 6,516,142 shares of Series\u00a0A convertible preferred stock to various investors at prices ranging from $2.70 to $2.95 per share\nfor total gross proceed""}]",round_dollar,medium,0001614067,"Aridis Pharmaceuticals, Inc."
42.9,"$42.9M (max single round, 4 rounds detected)",4,"[{""type"": ""round_financing"", ""round"": ""Series D"", ""amount_m"": 8.0, ""sentence"": ""In connection with the letter agreement, the Gates Foundation purchased $8.0\u00a0million of shares of our Series D convertible\npreferred stock, and we committed to use the proceeds from the investment by ""}, {""type"": ""round_financing"", ""round"": ""Series D"", ""amount_m"": 42.9, ""sentence"": ""During the nine months ended September 30, 2017, net cash provided by financing activities was $42.9 million, consisting primarily of net cash proceeds of $39.9 million from our issuances of 80 Table ""}, {""type"": ""round_financing"", ""round"": ""Series C"", ""amount_m"": 17.9, ""sentence"": ""During the nine months ended September 30, 2016, net cash provided by financing activities was\n$17.9\u00a0million, consisting primarily of net proceeds of $7.0 million from borrowings under the 2012 Loan A""}, {""type"": ""round_financing"", ""round"": ""Series C"", ""amount_m"": 18.1, ""sentence"": ""During the year ended\nDecember\u00a031, 2016, net cash provided by financing activities was $18.1\u00a0million, consisting primarily of net proceeds of $7.0\u00a0million from borrowings under the 2012 Loan Agreement""}, {""type"": ""round_financing"", ""round"": ""Series B"", ""amount_m"": 11.5, ""sentence"": ""During the year ended December\u00a031, 2015, net cash provided by financing activities was $11.5\u00a0million, consisting primarily of net proceeds of $7.0\u00a0million from our issuance of Series\u00a0B\nconvertible pre""}, {""type"": ""round_financing"", ""round"": ""Series D"", ""amount_m"": 8.0, ""sentence"": ""In connection with the letter agreement,\nthe Gates Foundation purchased $8.0\u00a0million of shares of our Series D convertible preferred stock as a program-related investment, and we committed to use the ""}, {""type"": ""round_financing"", ""round"": ""Series D"", ""amount_m"": 5.0, ""sentence"": ""The following table sets forth the aggregate numbers of\nshares of our Series\u00a0D convertible preferred stock that we sold to our 5% stockholders and their affiliates in these transactions and the aggreg""}, {""type"": ""round_financing"", ""round"": ""Series D"", ""amount_m"": 8.0, ""sentence"": ""In connection with the letter agreement, the Gates\nFoundation purchased 2,464,799 shares of the Company\u2019s Series D preferred stock for proceeds of $8.0\u00a0million and the Company committed to use the pro""}, {""type"": ""round_financing"", ""round"": ""Series C"", ""amount_m"": 4.0, ""sentence"": ""In April\n2016, in connection with the Company\u2019s issuance and sale of Series C redeemable convertible preferred stock (the \u201cSeries C preferred stock\u201d), all of the outstanding principal and accrued inte""}, {""type"": ""round_financing"", ""round"": ""Series D"", ""amount_m"": 5.5, ""sentence"": ""In April 2017, in connection with the Company\u2019s issuance and sale of Series D preferred stock, all of the outstanding principal and\naccrued interest under the 2016 Notes, totaling $5.5 million, was au""}]",round_dollar,medium,0001501697,"Arsanis, Inc."
15.3,"$15.3M (max single round, 1 rounds detected)",1,"[{""type"": ""round_financing"", ""round"": ""Series A"", ""amount_m"": 15.3, ""sentence"": ""sold 22,463,665 shares of Series A Redeemable Convertible Preferred Stock (Series A Preferred Stock) for $15.3\u00a0million at a price of $0.6811 per share.""}]",round_dollar,medium,0001655759,Arvinas Holding Co LLC
,,0,[],none,none,0001612042,Ascendis Pharma A/S
,,0,[],none,none,0001300699,"Athenex, Inc."
,,0,[],none,none,0001488039,Atossa Genetics Inc
160.0,$160.0M (from proceeds phrasing),2,"[{""type"": ""aggregate_proceeds"", ""amount_m"": 125.0, ""sentence"": ""In\nSeptember 2018, we issued and sold 53,648,060 shares of Series\u00a0C convertible preferred stock for gross proceeds of approximately $125\u00a0million.""}, {""type"": ""aggregate_proceeds"", ""amount_m"": 35.0, ""sentence"": ""In August 2017, we issued and sold\n18,008,749 shares of Series\u00a0B Convertible preferred stock for gross proceeds of approximately $35.0\u00a0million.""}, {""type"": ""round_financing"", ""round"": ""Series C"", ""amount_m"": 120.3, ""sentence"": ""For the year ended December\u00a031, 2018, cash provided by financing activities of $120.3\u00a0million was related primarily to\n$125.0\u00a0million in cash proceeds received from the September 2018 issuance of our ""}, {""type"": ""round_financing"", ""round"": ""Series B"", ""amount_m"": 34.3, ""sentence"": ""For\nthe year ended December\u00a031, 2017, cash provided by financing activities of $34.3\u00a0million was related primarily to $35.0\u00a0million in cash proceeds received from\nthe August 2017 issuance of our Serie""}, {""type"": ""round_financing"", ""round"": ""Series B"", ""amount_m"": 35.0, ""sentence"": ""In August 2017, we issued an aggregate of 18,008,749 shares of our Series\u00a0B preferred stock at a purchase price of $1.9435 per share for an\naggregate purchase price of $35.0\u00a0million.""}]",proceeds_phrasing+round_dollar,high,0001532346,"Atreca, Inc."
65.0,"$65.0M (max single round, 3 rounds detected)",3,"[{""type"": ""round_financing"", ""round"": ""Series C"", ""amount_m"": 62.8, ""sentence"": ""In October 2015, we completed our Series\u00a0C preferred stock financing and obtained net proceeds of $62.8\u00a0million.""}, {""type"": ""round_financing"", ""round"": ""Series C"", ""amount_m"": 62.8, ""sentence"": ""In October 2015, we completed our Series C preferred stock financing and obtained net proceeds of $62.8\u00a0million.""}, {""type"": ""round_financing"", ""round"": ""Series C"", ""amount_m"": 62.8, ""sentence"": ""In October 2015, we completed our\nSeries C preferred stock financing and received net cash proceeds of $62.8\u00a0million.""}, {""type"": ""round_financing"", ""round"": ""Series C"", ""amount_m"": 62.8, ""sentence"": ""We believe that our existing cash, cash equivalents and investments, including the $62.8\u00a0million in net proceeds from our Series C\npreferred stock financing in October 2015, will be sufficient to meet""}, {""type"": ""round_financing"", ""round"": ""Series A"", ""amount_m"": 30.0, ""sentence"": ""Equity Financings Series\u00a0A Convertible Preferred Stock Financing In three closings in July 2013,\u00a0December 2013 and November 2014, we sold an aggregate of 11,199,876 shares of our Series\u00a0A\nconvertible ""}, {""type"": ""round_financing"", ""round"": ""Series B"", ""amount_m"": 42.5, ""sentence"": ""Series\u00a0B Convertible Preferred Stock Financing In November 2014, we sold an aggregate of 8,465,630 shares of our Series\u00a0B convertible preferred stock at a purchase price of $5.0203 per\nshare for an ag""}, {""type"": ""round_financing"", ""round"": ""Series C"", ""amount_m"": 65.0, ""sentence"": ""Series C Convertible Preferred Stock Financing In October 2015, we sold an aggregate of 9,645,913 shares of our Series C convertible preferred stock at a purchase price of $6.7386 per share\nfor an agg""}, {""type"": ""round_financing"", ""round"": ""Series A"", ""amount_m"": 3.0, ""sentence"": ""In the initial July 2013 closing, the Company issued 1,119,987 shares of Series A\nconvertible preferred stock at a purchase price of $2.6786 per share, resulting in gross proceeds of $3.0 million.""}, {""type"": ""round_financing"", ""round"": ""Series A"", ""amount_m"": 12.0, ""sentence"": ""In December 2013, the Series A preferred stockholders elected to purchase shares pursuant to the\nsecond closing and the Company issued 4,479,950 shares of Series A convertible preferred stock at $2.67""}, {""type"": ""round_financing"", ""round"": ""Series A"", ""amount_m"": 15.0, ""sentence"": ""In November 2014, the Series A preferred stockholders elected to purchase shares pursuant to the third and final Tranche Option and the\nCompany issued 5,599,939 shares for gross proceeds of $15.0 mill""}]",round_dollar,medium,0001628738,"Audentes Therapeutics, Inc."
25.0,"$25.0M (max single round, 5 rounds detected)",5,"[{""type"": ""round_financing"", ""round"": ""Series E"", ""amount_m"": 19.5, ""sentence"": ""In December\n2013, we issued 11.3\u00a0million shares of Series\u00a0E convertible preferred stock to new and existing investors at a price of $1.724 per share for gross proceeds of $19.5 million.""}, {""type"": ""round_financing"", ""round"": ""Series C"", ""amount_m"": 7.5, ""sentence"": ""The Series C convertible preferred stock financing included the conversion of outstanding 2009 and 2010 convertible notes in the principal amount of $7.5 million that were converted\ninto 8,700,693 sha""}, {""type"": ""round_financing"", ""round"": ""Series D"", ""amount_m"": 9.5, ""sentence"": ""As part of the financing, we\ncancelled approximately $9.5 million of principal and accrued interest expense from the 2011 and 2012 convertible notes in exchange for 11,012,456 shares of Series\u00a0D conve""}, {""type"": ""round_financing"", ""round"": ""Series D"", ""amount_m"": 25.0, ""sentence"": ""Convertible Preferred Stock Tranche Liability In October 2012, we entered into a purchase agreement for the sale of up to an aggregate of $25.0 million of Series D\nconvertible preferred stock in one o""}, {""type"": ""round_financing"", ""round"": ""Series D"", ""amount_m"": 10.5, ""sentence"": ""In May and July 2013, we issued additional shares of Series\nD convertible preferred stock in two closings for aggregate cash proceeds of $10.5 million.""}, {""type"": ""round_financing"", ""round"": ""Series E"", ""amount_m"": 19.5, ""sentence"": ""In December 2013, we raised gross cash proceeds of $19.5\u00a0million from the sale of Series\u00a0E convertible preferred\nstock to new and existing investors.""}, {""type"": ""round_financing"", ""round"": ""Series D"", ""amount_m"": 7.8, ""sentence"": ""In addition, we raised net cash proceeds of $7.8 million from the sale of Series D convertible preferred stock in October 2012.""}, {""type"": ""round_financing"", ""round"": ""Series D"", ""amount_m"": 2.0, ""sentence"": ""Net cash provided by financing activities during 2013 consisted of net proceeds of $2.0 million and $8.5 million from the completion of our Series D convertible preferred stock financing in May and\nJu""}, {""type"": ""round_financing"", ""round"": ""Series A"", ""amount_m"": 3.4, ""sentence"": ""Between August\u00a02001 and May\u00a02006, the Company issued 1,826,174 shares of Series\u00a0A Preferred Stock for purchase\nprices ranging from $1.00 to $3.80 per share, raising net cash proceeds of $3.4 million.""}, {""type"": ""round_financing"", ""round"": ""Series B"", ""amount_m"": 11.9, ""sentence"": ""On June\u00a015, 2007, the\nCompany issued 3,157,894 shares of Series\u00a0B Preferred Stock at $3.80 per share raising net cash proceeds of $11.9 million.""}]",round_dollar,medium,0001454189,"Auspex Pharmaceuticals, Inc."
,,0,[],none,none,0001730463,Autolus Therapeutics Ltd
55.0,"$55.0M (max single round, 2 rounds detected)",2,"[{""type"": ""round_financing"", ""round"": ""Series B"", ""amount_m"": 55.0, ""sentence"": ""Recent Financing In April 2014, we completed a private placement of $55 million of shares of Series B convertible preferred stock, or the Series\u00a0B Financing.""}, {""type"": ""round_financing"", ""round"": ""Series B"", ""amount_m"": 52.9, ""sentence"": ""In April 2014, we received gross proceeds of $52.9 million from the sale of shares of Series B convertible preferred stock, of which $4.0 million was used to repurchase outstanding shares of Series A ""}, {""type"": ""round_financing"", ""round"": ""Series A"", ""amount_m"": 52.9, ""sentence"": ""In April 2014, we received gross proceeds of $52.9 million from the sale of shares of Series B convertible preferred stock, of which $4.0 million was used to repurchase outstanding shares of Series A ""}, {""type"": ""round_financing"", ""round"": ""Series B"", ""amount_m"": 52.9, ""sentence"": ""In April 2014, we received gross proceeds of $52.9\u00a0million from the sale of Series B convertible preferred stock, of which $4.0 million was used to repurchase outstanding shares of Series\u00a0A convertibl""}, {""type"": ""round_financing"", ""round"": ""Series A"", ""amount_m"": 52.9, ""sentence"": ""In April 2014, we received gross proceeds of $52.9\u00a0million from the sale of Series B convertible preferred stock, of which $4.0 million was used to repurchase outstanding shares of Series\u00a0A convertibl""}, {""type"": ""round_financing"", ""round"": ""Series A"", ""amount_m"": 1.5, ""sentence"": ""Cash 67 Table of Contents provided by financing activities for 2013 consisted of $1.5 million from the borrowing under related-party convertible notes as well as $1.0 million in net proceeds from the ""}, {""type"": ""round_financing"", ""round"": ""Series B"", ""amount_m"": 1.0, ""sentence"": ""We also had total outstanding debt of $1.0 million under our related-party convertible notes as of March\u00a031, 2014, which were converted into shares of Series B\nconvertible preferred stock in April 201""}, {""type"": ""round_financing"", ""round"": ""Series B"", ""amount_m"": 55.0, ""sentence"": ""Issuance of Series B Convertible Preferred Stock In April 2014, we issued\nan aggregate of 7,321,003 shares of our Series B convertible preferred stock for an aggregate purchase price of approximately ""}, {""type"": ""round_financing"", ""round"": ""Series A"", ""amount_m"": 3.1, ""sentence"": ""116 Table of Contents Issuance of Series A Convertible Preferred Stock In November 2013, we issued an aggregate of 2,109,614 shares of our Series A convertible preferred stock at a price per share of ""}, {""type"": ""round_financing"", ""round"": ""Series A"", ""amount_m"": 50.0, ""sentence"": ""The Series A convertible preferred stock will also be converted automatically into shares of common stock (1)\u00a0immediately prior to an\ninitial public offering with aggregate proceeds of at least $50\u00a0mi""}]",round_dollar,medium,0001501756,"Avalanche Biotechnologies, Inc."
,,0,[],none,none,0001652923,"AveXis, Inc."
70.3,"$70.3M (max single round, 5 rounds detected)",5,"[{""type"": ""round_financing"", ""round"": ""Series C"", ""amount_m"": 25.7, ""sentence"": ""During\nthe year ended December\u00a031, 2017, net cash provided by financing activities was $25.7\u00a0million, consisting primarily of proceeds from the issuance of Series\u00a0C\nPreferred Stock.""}, {""type"": ""round_financing"", ""round"": ""Series C"", ""amount_m"": 70.3, ""sentence"": ""From January 2015 to August 2017, we issued and sold to investors in a private placement an aggregate of 6,969,044 shares of our\nSeries\u00a0C Preferred Stock at a purchase price of $10.08 per share, for a""}, {""type"": ""round_financing"", ""round"": ""Series D"", ""amount_m"": 42.5, ""sentence"": ""In February 2016, we issued and sold to investors in a private placement an aggregate of 2,997,179 shares of our Series\u00a0D Preferred\nStock at a purchase price of $14.18 per share, for aggregate conside""}, {""type"": ""round_financing"", ""round"": ""Series E"", ""amount_m"": 59.0, ""sentence"": ""In November 2018, we issued and sold to investors in a private placement an aggregate of 5,282,002 shares of our Series\u00a0E Preferred\nStock at a purchase price of $11.17 per share, for aggregate conside""}, {""type"": ""round_financing"", ""round"": ""Series A"", ""amount_m"": 10.8, ""sentence"": ""On April\u00a08, 2011, the Company entered into the Series\u00a0A Preferred Stock Purchase Agreement with its founding investor committing\n$10.8\u00a0million in Series\u00a0A Preferred Stock equity financing.""}, {""type"": ""round_financing"", ""round"": ""Series B"", ""amount_m"": 12.3, ""sentence"": ""On October\u00a010, 2013 and December\u00a011, 2013, the Company entered into the Series\u00a0B Preferred Stock Purchase Agreements with\nits founding investor and other investors providing $12.3\u00a0million in Series\u00a0B ""}, {""type"": ""round_financing"", ""round"": ""Series B"", ""amount_m"": 12.3, ""sentence"": ""In connection with entering into the\nSeries\u00a0B Agreement, the Company issued 4,737,041 shares of Series\u00a0B Redeemable Convertible Preferred Stock (\""Series\u00a0B Preferred Stock\"") at $2.59 per share for gros""}, {""type"": ""round_financing"", ""round"": ""Series B"", ""amount_m"": 3.0, ""sentence"": ""On March\u00a012, 2014, the Company entered into the Series\u00a0B-1 Preferred Stock Purchase Agreement with a new investor providing\n$3.0\u00a0million in Series\u00a0B-1 Preferred Stock equity financing (the \""Series\u00a0B-1""}, {""type"": ""round_financing"", ""round"": ""Series B"", ""amount_m"": 3.0, ""sentence"": ""In connection with entering into the Series\u00a0B-1 Agreement, the Company issued\n1,084,441 shares of Series\u00a0B-1 Redeemable Convertible Preferred Stock (\""Series\u00a0B-1 Preferred Stock\"") at $2.77 per share fo""}, {""type"": ""round_financing"", ""round"": ""Series C"", ""amount_m"": 44.3, ""sentence"": ""On each of January\u00a030, 2015, April\u00a028, 2015 and September\u00a016, 2015, the Company entered into the Series\u00a0C Preferred\nStock Purchase Agreements with its founding investor and other investors providing $""}]",round_dollar,medium,0001633070,Axcella Health Inc.
,,0,[],none,none,0001636050,Axovant Sciences Ltd.
33.8,$33.8M (from proceeds phrasing),1,"[{""type"": ""aggregate_proceeds"", ""amount_m"": 16.9, ""sentence"": ""As of June\u00a030, 2015, we have received\naggregate gross proceeds of approximately $16.9\u00a0million from the sale of our convertible notes.""}, {""type"": ""aggregate_proceeds"", ""amount_m"": 16.9, ""sentence"": ""Since our inception, our operations have been financed primarily by proceeds from the sale of convertible notes, which as of\nJune\u00a030, 2015, amounted to aggregate gross proceeds of approximately $16.9\u00a0""}]",proceeds_phrasing,high,0001579428,Axsome Therapeutics Inc
9.7,$9.7M (from proceeds phrasing),3,"[{""type"": ""aggregate_proceeds"", ""amount_m"": 9.7, ""sentence"": ""On July\u00a031, 2013, the Company\nissued 2,098,219 shares of Series B for aggregate gross proceeds of approximately $9.7 million, or $4.625 per share, comprised of 757,497 shares issued upon the cancellat""}, {""type"": ""round_financing"", ""round"": ""Series C"", ""amount_m"": 55.0, ""sentence"": ""The key elements of our strategy to achieve this goal are as follows: 4 Table of Contents Index to Financial Statements 5 Table of Contents Index to Financial Statements Recent Developments To\nenable ""}, {""type"": ""round_financing"", ""round"": ""Series C"", ""amount_m"": 55.0, ""sentence"": ""Recent Developments To enable further development of our proprietary technology and product candidates, we completed a private placement of $55 million of Series C convertible preferred\nstock and warr""}, {""type"": ""round_financing"", ""round"": ""Series B"", ""amount_m"": 7.3, ""sentence"": ""During the nine months ended\nSeptember\u00a030, 2014, we sold 1,582,705 shares of our Series B convertible preferred stock for net proceeds of $7.3 million, and received $0.2 million pursuant to the exerci""}, {""type"": ""round_financing"", ""round"": ""Series C"", ""amount_m"": 55.0, ""sentence"": ""In August 2014, we completed a private placement of 10,091,743 shares of Series\u00a0C convertible preferred stock and received gross proceeds of $55 million, resulting\nin net proceeds of $51.5 million.""}, {""type"": ""round_financing"", ""round"": ""Series C"", ""amount_m"": 55.0, ""sentence"": ""The key elements of our strategy to achieve this goal are as follows: 70 Table of Contents Index to Financial Statements Recent Developments To enable further development of our proprietary technology""}, {""type"": ""round_financing"", ""round"": ""Series B"", ""amount_m"": 3.5, ""sentence"": ""The aggregate of $3.5 million representing the outstanding principal and accrued and unpaid interest on\nthe notes was exchanged for 757,497 shares of Series\u00a0B convertible preferred stock at a price of""}, {""type"": ""round_financing"", ""round"": ""Series A"", ""amount_m"": 2.9, ""sentence"": ""The following table presents the aggregate principal amount of promissory notes issued to these related\nparties for more than $120,000: Certain of our directors have affiliations with the investors th""}, {""type"": ""round_financing"", ""round"": ""Series B"", ""amount_m"": 6.8, ""sentence"": ""We received proceeds of approximately $6.8 million for which we issued an initial 1,475,144 shares of Series B convertible preferred stock, at a purchase price of $4.625 per share.""}, {""type"": ""round_financing"", ""round"": ""Series B"", ""amount_m"": 3.2, ""sentence"": ""In addition, the aggregate of approximately $3.2 million\nof accrued and unpaid interest on convertible notes issued in September 2010 and December 2010 automatically converted into 699,680 shares of S""}]",proceeds_phrasing+round_dollar,high,0001358403,"BELLICUM PHARMACEUTICALS, INC"
40.6,"$40.6M (max single round, 2 rounds detected)",2,"[{""type"": ""round_financing"", ""round"": ""Series D"", ""amount_m"": 8.7, ""sentence"": ""In addition, in June 2013 we issued and sold additional shares of Series D preferred\nstock to existing investors for $8.7 million in gross proceeds and borrowed $4.5 million under our amended and rest""}, {""type"": ""round_financing"", ""round"": ""Series D"", ""amount_m"": 0.3, ""sentence"": ""Change in Fair Value of Preferred Stock Warrant Liability We\nrecorded $0.3 million of expense for the year ended December\u00a031, 2011 reflecting the increase in the fair market value of the underlying se""}, {""type"": ""round_financing"", ""round"": ""Series D"", ""amount_m"": 8.7, ""sentence"": ""In addition, in June 2013 we issued and sold additional shares of Series D preferred stock to existing investors for $8.7 million in gross proceeds and borrowed $4.5 million under our amended and rest""}, {""type"": ""round_financing"", ""round"": ""Series D"", ""amount_m"": 10.0, ""sentence"": ""Subject to customary conditions for funding\nand us delivering evidence that we have received proceeds or payments in an amount equal to at least $10.0 million, of which we received $8.7 million from t""}, {""type"": ""round_financing"", ""round"": ""Series D"", ""amount_m"": 8.1, ""sentence"": ""Net Cash Provided by (Used in) Financing Activities Net cash provided by financing activities of $8.1 million during the three months ended March\u00a031, 2013 is primarily due to cash\nreceived related to ""}, {""type"": ""round_financing"", ""round"": ""Series C"", ""amount_m"": 12.4, ""sentence"": ""In June 2010, we issued and sold to investors in\nprivate placements an aggregate of 3,105,238 shares of our Series C-1 preferred stock at a purchase price of $4.00 per share, for aggregate considerati""}, {""type"": ""round_financing"", ""round"": ""Series D"", ""amount_m"": 40.6, ""sentence"": ""In November 2011,\u00a0January 2013 and June 2013, we issued and sold to\ninvestors in private placements an aggregate of 6,773,640 shares of our Series D preferred stock at a purchase price of $6.00 per sh""}, {""type"": ""round_financing"", ""round"": ""Series C"", ""amount_m"": 12.4, ""sentence"": ""In June 2010, we issued an aggregate of 3,105,238 shares of our Series C-1 preferred stock to investors at a price per share of $4.00 for aggregate gross consideration of approximately $12.4 million.""}, {""type"": ""round_financing"", ""round"": ""Series D"", ""amount_m"": 40.6, ""sentence"": ""In November 2011,\u00a0January 2013 and June 2013, we issued an aggregate of 6,773,640 shares of our Series D preferred stock,\nincluding the conversion of the 2011 notes, to certain investors at a price pe""}, {""type"": ""round_financing"", ""round"": ""Series D"", ""amount_m"": 0.3, ""sentence"": ""We\nrecorded $0.3 million of expense for the year ended December\u00a031, 2011 reflecting the increase in the fair market value of the underlying security which was defined to be equal to the value paid by ""}]",round_dollar,medium,0001385228,"BIND Therapeutics, Inc"
179.7,"$179.7M (max single round, 2 rounds detected)",2,"[{""type"": ""round_financing"", ""round"": ""Series A"", ""amount_m"": 0.1, ""sentence"": ""Loss on issuance of preferred stock to investors Loss on\nissuance of preferred stock to investors consisted of a $0.1 million discount for the six months ended June\u00a030, 2018, which resulted from issua""}, {""type"": ""round_financing"", ""round"": ""Series A"", ""amount_m"": 5.7, ""sentence"": ""Loss on issuance of\npreferred stock to investors Loss on issuance of preferred stock to investors consisted of a $5.7\u00a0million discount for the year ended\nDecember\u00a031, 2018, resulted from issuance of o""}, {""type"": ""round_financing"", ""round"": ""Series B"", ""amount_m"": 37.9, ""sentence"": ""Financing\nactivities Net cash provided by financing activities for the six months ended June\u00a030, 2019 consisted primarily of the net proceeds from the\nissuance of Series\u00a0B Preferred Stock of $37.9\u00a0mil""}, {""type"": ""round_financing"", ""round"": ""Series A"", ""amount_m"": 19.8, ""sentence"": ""Net cash provided by financing activities for the six months ended June\u00a030, 2018 consisted primarily of the net proceeds from the issuance of Series\u00a0A-1 Preferred Stock of\n$19.8\u00a0million, Series\u00a0A-2 Pr""}, {""type"": ""round_financing"", ""round"": ""Series A"", ""amount_m"": 179.7, ""sentence"": ""Net cash\nprovided by financing activities for the year ended December\u00a031, 2018 was $179.7\u00a0million, consisting of the net proceeds from the issuance of Series A-1 Preferred Stock of $19.8\u00a0million, net\n""}, {""type"": ""round_financing"", ""round"": ""Series B"", ""amount_m"": 19.8, ""sentence"": ""Net cash\nprovided by financing activities for the year ended December\u00a031, 2018 was $179.7\u00a0million, consisting of the net proceeds from the issuance of Series A-1 Preferred Stock of $19.8\u00a0million, net\n""}, {""type"": ""round_financing"", ""round"": ""Series A"", ""amount_m"": 5.0, ""sentence"": ""Net cash provided by financing activities for the period from\nJanuary 25, 2017 (Inception) to December\u00a031, 2017 was $5.0\u00a0million consisting of net proceeds from the first tranche of the issuance of Se""}, {""type"": ""round_financing"", ""round"": ""Series B"", ""amount_m"": 38.0, ""sentence"": ""The Company expects that its cash and cash equivalents as of December\u00a031, 2018 along with $38.0\u00a0million in proceeds from its redeemable convertible Series B Preferred Stock (\u201cSeries B\nPreferred\u201d) fina""}, {""type"": ""round_financing"", ""round"": ""Series B"", ""amount_m"": 38.0, ""sentence"": ""In January and February 2019, the Company issued an\nadditional 11,308,397 shares of Series B Preferred stock at a price of $3.36 per share, resulting in gross cash proceeds of $38.0\u00a0million.""}, {""type"": ""round_financing"", ""round"": ""Series B"", ""amount_m"": 37.9, ""sentence"": ""In January and February 2019, the Company issued an additional 11,308,397 shares of Series B Preferred Stock at a price of $3.36 per share, resulting in net cash\nproceeds of $37.9\u00a0million.""}]",round_dollar,medium,0001745999,Beam Therapeutics Inc.
,,0,[],none,none,0001651308,"BeiGene, Ltd."
,,0,[],none,none,0001600132,"Bellerophon Therapeutics, Inc."
,,0,[],none,none,0001677940,Beyondspring Inc
,,0,[],none,none,0001761612,Bicycle Therapeutics Ltd
7.3,$7.3M (from proceeds phrasing),1,"[{""type"": ""aggregate_proceeds"", ""amount_m"": 7.3, ""sentence"": ""In 2013, the Company issued 4,161,152\u00a0shares of Series\u00a0F convertible preferred stock and 332,879 warrants to purchase Series\u00a0F convertible\npreferred stock for net proceeds of approximately $7.3 millio""}, {""type"": ""round_financing"", ""round"": ""Series F"", ""amount_m"": 5.1, ""sentence"": ""Net cash provided by financing activities of $5.1 million during the year ended December\u00a031, 2013 was primarily a result of proceeds received from the\nissuance of Series F preferred stock.""}, {""type"": ""round_financing"", ""round"": ""Series F"", ""amount_m"": 7.3, ""sentence"": ""The following table presents the principal amount of the convertible notes and the warrants issued to our directors, officers and holders of more than 5% for the 2012 bridge financing: Series F Prefer""}, {""type"": ""round_financing"", ""round"": ""Series F"", ""amount_m"": 7.2, ""sentence"": ""The following table presents the principal amount of\nthe convertible notes issued and the number of Series F Preferred Stock issued upon conversion thereof, to our directors, officers and holders of m""}, {""type"": ""round_financing"", ""round"": ""Series F"", ""amount_m"": 7.3, ""sentence"": ""In 2013, we issued and sold to investors an aggregate of 4,161,152 shares of Series F Preferred Stock and warrants to purchase an aggregate of 514,928\nshares of Series F Preferred Stock, for an aggreg""}]",proceeds_phrasing+round_dollar,high,0001635886,"BioCardia, Inc."
,,0,[],none,none,0001776985,BioNTech SE
,,0,[],none,none,0001739174,BiomX Inc.
,,0,[],none,none,0001720893,Bioxcel Therapeutics Inc
,,0,[],none,none,0001597264,Blueprint Medicines Corp
,,0,[],none,none,0001688765,"Braeburn Pharmaceuticals, Inc."
501.7,$501.7M (from proceeds phrasing),1,"[{""type"": ""aggregate_proceeds"", ""amount_m"": 33.1, ""sentence"": ""(a) Private Placements of Convertible Preferred Stock Between March 2016 and May 2017, we issued 75,340,907 Series B preferred units in several closings at a price of $0.44 per unit to seven accredite""}, {""type"": ""aggregate_proceeds"", ""amount_m"": 136.3, ""sentence"": ""Between August 2017 and March 2018, we issued 141,155,758 Series C preferred units in several closings at a price of $0.9656 per unit to seven accredited\ninvestors for aggregate gross proceeds of appr""}, {""type"": ""aggregate_proceeds"", ""amount_m"": 299.2, ""sentence"": ""In November and December 2018, we issued 150,955,597 Series D preferred units at a purchase price of $1.9823 per unit to 10 accredited investors for aggregate\ngross proceeds of approximately $299.2\u00a0mi""}, {""type"": ""aggregate_proceeds"", ""amount_m"": 33.1, ""sentence"": ""Between March 2016 and May 2017, we issued 75,340,907 Series B preferred units in several closings at a price of $0.44 per unit to seven accredited investors\nfor aggregate gross proceeds of approximat""}, {""type"": ""round_financing"", ""round"": ""Series A"", ""amount_m"": 15.0, ""sentence"": ""As\nconsideration for the License Agreement, QED made an upfront cash payment of $15.0\u00a0million and issued 2,941,176 shares of QED Series A Preferred Stock to Novartis.""}]",proceeds_phrasing+round_dollar,high,0001743881,BridgeBio Pharma Inc
,,0,[],none,none,0001544238,"CARDAX, INC."
32.4,"$32.4M (max single round, 2 rounds detected)",2,"[{""type"": ""round_financing"", ""round"": ""Series B"", ""amount_m"": 12.4, ""sentence"": ""Pro forma net tangible book value represents the\namount of our total tangible assets less our total liabilities, after giving effect to (i)\u00a0the completion of our series\u00a0B preferred stock\nfinancing in ""}, {""type"": ""round_financing"", ""round"": ""Series B"", ""amount_m"": 12.4, ""sentence"": ""The\nfollowing table summarizes, on a pro forma basis as of December\u00a031, 2014, after giving effect to the completion of our series\u00a0B preferred stock financing in March 2015\nin which we issued and sold ""}, {""type"": ""round_financing"", ""round"": ""Series B"", ""amount_m"": 12.4, ""sentence"": ""The\nnumber of shares purchased from us by existing stockholders is based on 122,368,159 shares of our common stock outstanding as of December\u00a031, 2014, after giving effect to the\ncompletion of our ser""}, {""type"": ""round_financing"", ""round"": ""Series B"", ""amount_m"": 15.0, ""sentence"": ""Of the remaining\n$15.0\u00a0million available to us under the amended Credit Facility, (i)\u00a0$5.0\u00a0million will be available subject to our completion of a series\u00a0B preferred stock financing\nmeeting certain c""}, {""type"": ""round_financing"", ""round"": ""Series B"", ""amount_m"": 12.4, ""sentence"": ""In\nMarch 2015, we raised $12.4 million in gross proceeds from the sale of 13,062,965 shares of series B preferred stock at a price per share of $0.9503.""}, {""type"": ""round_financing"", ""round"": ""Series A"", ""amount_m"": 9.2, ""sentence"": ""The cash provided by financing activities for the year ended\nDecember\u00a031, 2013\nconsisted of net proceeds of $9.2\u00a0million from the issuance of 13,136,951 shares of Series\u00a0A convertible preferred stock ""}, {""type"": ""round_financing"", ""round"": ""Series B"", ""amount_m"": 9.2, ""sentence"": ""The cash provided by financing activities for the year ended\nDecember\u00a031, 2013\nconsisted of net proceeds of $9.2\u00a0million from the issuance of 13,136,951 shares of Series\u00a0A convertible preferred stock ""}, {""type"": ""round_financing"", ""round"": ""Series A"", ""amount_m"": 17.9, ""sentence"": ""In closings that occurred in July 2012, January 2013 and June 2013, we issued and sold an aggregate of 25,636,951 shares of our\nseries\u00a0A preferred stock at a price per share of $0.70, for an aggregate""}, {""type"": ""round_financing"", ""round"": ""Series B"", ""amount_m"": 32.4, ""sentence"": ""In October 2013, we issued and sold an aggregate of 34,129,571 shares of our series\u00a0B preferred stock at a price per share of\n$0.9503, for an aggregate purchase price of $32.4\u00a0million.""}, {""type"": ""round_financing"", ""round"": ""Series B"", ""amount_m"": 12.4, ""sentence"": ""In\nMarch 2015, we issued and sold an aggregate of 13,062,965 additional shares of our Series\u00a0B preferred stock at a price per share of $0.9503, for an aggregate purchase price of\n$12.4\u00a0million.""}]",round_dollar,medium,0001454789,CATABASIS PHARMACEUTICALS INC
,,0,[],none,none,0001461993,"CEMPRA, INC."
,,0,[],none,none,0001339469,"CHIASMA, INC"
45.0,"$45.0M (max single round, 1 rounds detected)",1,"[{""type"": ""round_financing"", ""round"": ""Series F"", ""amount_m"": 45.0, ""sentence"": ""Our Series F preferred stock financing resulted in gross proceeds of $45.0 million, approximately 62% of which was raised from new outside investors.""}, {""type"": ""round_financing"", ""round"": ""Series F"", ""amount_m"": 44.8, ""sentence"": ""Net cash provided by financing activities for the year ended December 31, 2011 primarily consisted of approximately $44.8 million of net proceeds from the sale of our Series F preferred stock, offset ""}]",round_dollar,medium,0001117480,CHIMERIX INC
,,0,[],none,none,0001729427,CNS Pharmaceuticals Inc
30.0,"$30.0M (max single round, 3 rounds detected)",3,"[{""type"": ""round_financing"", ""round"": ""Series B"", ""amount_m"": 30.0, ""sentence"": ""Conversion is automatic immediately upon the closing of a firm commitment underwritten public offering in which the public offering price equals or exceeds $4.00 per share and the gross proceeds are n""}, {""type"": ""round_financing"", ""round"": ""Series C"", ""amount_m"": 30.0, ""sentence"": ""Conversion is automatic immediately upon the closing of a firm commitment underwritten public offering in which the public offering price equals or exceeds $4.00 per share and the gross proceeds are n""}, {""type"": ""round_financing"", ""round"": ""Series D"", ""amount_m"": 16.7, ""sentence"": ""In addition, GSK purchased 6,666,667 shares of Series D Preferred Stock at a per share price of $2.50, resulting in gross proceeds to the Company of $16.7 million.""}]",round_dollar,medium,0001367920,"CONCERT PHARMACEUTICALS, INC."
99.8,"$99.8M (max single round, 2 rounds detected)",2,"[{""type"": ""round_financing"", ""round"": ""Series F"", ""amount_m"": 71.5, ""sentence"": ""Our future capital\nrequirements will depend on many factors, including: 12 Table of Contents As of March\u00a031, 2018, we had cash and cash equivalents of approximately $71.5\u00a0million, which does not inclu""}, {""type"": ""round_financing"", ""round"": ""Series F"", ""amount_m"": 71.5, ""sentence"": ""As of March\u00a031, 2018, we had cash and cash equivalents of\n$71.5\u00a0million, which does not include $31.3\u00a0million of gross proceeds received from the sale of additional shares of our Series F preferred st""}, {""type"": ""round_financing"", ""round"": ""Series F"", ""amount_m"": 31.3, ""sentence"": ""Pro forma net tangible book value\nrepresents the amount of our total tangible assets less our total liabilities, after giving effect to (i)\u00a0our issuance and sale in April 2018 of an aggregate of 31,25""}, {""type"": ""round_financing"", ""round"": ""Series F"", ""amount_m"": 31.3, ""sentence"": ""In April 2018, we issued and sold an aggregate\nof 31,250,000 additional shares of Series F preferred stock for gross proceeds of $31.3\u00a0million.""}, {""type"": ""round_financing"", ""round"": ""Series F"", ""amount_m"": 31.3, ""sentence"": ""We believe that the net proceeds from this offering, together with our cash and cash equivalents as of March\u00a031, 2018 and the net proceeds from the issuance and sale of additional shares of Series F p""}, {""type"": ""round_financing"", ""round"": ""Series F"", ""amount_m"": 31.3, ""sentence"": ""In April 2018, we issued and sold an aggregate of 31,250,000 additional shares of Series F preferred stock for gross proceeds of $31.3\u00a0million.""}, {""type"": ""round_financing"", ""round"": ""Series F"", ""amount_m"": 66.9, ""sentence"": ""Financing activities During the three months ended March 31, 2018, net cash\nprovided by financing activities was $66.9 million, consisting primarily of net proceeds from the issuance of Series F prefe""}, {""type"": ""round_financing"", ""round"": ""Series E"", ""amount_m"": 55.8, ""sentence"": ""Series\u00a0E preferred stock financing In December 2015, we issued and sold an aggregate of 24,810,759 shares of our Series\u00a0E preferred stock at a price per share of approximately $2.25 in cash, for an\nag""}, {""type"": ""round_financing"", ""round"": ""Series E"", ""amount_m"": 24.2, ""sentence"": ""In July 2017, we issued and sold an aggregate of 13,846,174\nshares of our Series\u00a0E-1 preferred stock in the second tranche of our Series E-1 preferred stock financing at the same price per share as th""}, {""type"": ""round_financing"", ""round"": ""Series F"", ""amount_m"": 68.5, ""sentence"": ""The following table sets forth the aggregate numbers of shares of our Series\u00a0E-1 preferred stock that we sold to our 5% stockholders and their affiliates in\nthe first and second tranches and the aggre""}]",round_dollar,medium,0001434418,CONSTELLATION PHARMACEUTICALS INC
1.2,$1.2M (from proceeds phrasing),1,"[{""type"": ""aggregate_proceeds"", ""amount_m"": 1.2, ""sentence"": ""In March 2014, the Company sold additional senior convertible notes for net proceeds of approximately $1.2\u00a0million.""}, {""type"": ""round_financing"", ""round"": ""Series C"", ""amount_m"": 14.6, ""sentence"": ""In August and September 2011, we issued 4,429,707 shares of our Series C preferred stock at $3.30 per share to investors for proceeds of approximately $14.6 million.""}, {""type"": ""round_financing"", ""round"": ""Series C"", ""amount_m"": 30.0, ""sentence"": ""We also completed the $30 million of Series C\npreferred stock financing, issuing 4,630,899 shares of our Series C preferred stock at $3.30 per share to investors for proceeds of approximately $15.3 mi""}]",proceeds_phrasing+round_dollar,high,0001478069,CONTRAFECT Corp
144.6,$144.6M (from proceeds phrasing),1,"[{""type"": ""aggregate_proceeds"", ""amount_m"": 38.1, ""sentence"": ""An aggregate of 2,834,252 Series\u00a0B Preferred Shares were issued to certain new and existing investors at a purchase price of $13.43 per share for gross proceeds of approximately $38.1\u00a0million.""}, {""type"": ""aggregate_proceeds"", ""amount_m"": 22.8, ""sentence"": ""Series A-3 Financing In April 2015, we issued an aggregate of\n10,758,006 Series A-3 Preferred Shares at a purchase price of $4.24 per share, whereby $2.12 per share was received upon issuance, resulti""}, {""type"": ""aggregate_proceeds"", ""amount_m"": 22.8, ""sentence"": ""This resulted in additional gross proceeds of approximately $22.8 million.""}, {""type"": ""aggregate_proceeds"", ""amount_m"": 38.1, ""sentence"": ""An aggregate of 2,834,252 Series B Preferred Shares were issued to\ncertain new and existing investors at a purchase price of $13.43 per share for gross proceeds of approximately $38.1 million.""}, {""type"": ""aggregate_proceeds"", ""amount_m"": 22.8, ""sentence"": ""In April 2015, we issued an aggregate of\n10,758,006 Series A-3 Preferred Shares at a purchase price of $4.24 per share, whereby $2.12 per share was received upon issuance, resulting in gross proceeds ""}]",proceeds_phrasing,high,0001674416,CRISPR Therapeutics AG
50.0,"$50.0M (max single round, 2 rounds detected)",2,"[{""type"": ""round_financing"", ""round"": ""Series B"", ""amount_m"": 48.7, ""sentence"": ""For the six months ended June\u00a030, 2019, our financing activities provided\n$48.7\u00a0million of proceeds upon the issuance of Series B convertible preferred stock in January 2019.""}, {""type"": ""round_financing"", ""round"": ""Series A"", ""amount_m"": 38.3, ""sentence"": ""In October 2018, we\nissued and sold an aggregate of 3,146,551 shares of our Series A preferred stock, 7,372,719 shares of our Series A-1 preferred stock, and 1,873,777 shares of our Series A-2 preferr""}, {""type"": ""round_financing"", ""round"": ""Series B"", ""amount_m"": 50.0, ""sentence"": ""In January 2019, we issued and sold an aggregate of 6,963,788 shares of our Series B preferred stock to 16 investors for aggregate\nconsideration of approximately $50.0\u00a0million.""}]",round_dollar,medium,0001759138,Cabaletta Bio Inc
238.2,$238.2M (from proceeds phrasing),3,"[{""type"": ""aggregate_proceeds"", ""amount_m"": 79.4, ""sentence"": ""Since inception, our operations have been financed primarily by net proceeds of approximately $79.4 million from the sale of shares of\nour preferred stock, including net proceeds of $16.0\u00a0million from""}, {""type"": ""aggregate_proceeds"", ""amount_m"": 79.4, ""sentence"": ""Liquidity and Capital Resources Since inception, our operations have been financed primarily by net proceeds of approximately $79.4\u00a0million from the sale of shares\nof our preferred stock.""}, {""type"": ""aggregate_proceeds"", ""amount_m"": 79.4, ""sentence"": ""Since inception, our operations have been financed primarily by net proceeds of approximately $79.4\u00a0million from the sale of shares\nof our preferred stock.""}, {""type"": ""round_financing"", ""round"": ""Series D"", ""amount_m"": 16.0, ""sentence"": ""Pro forma net tangible book value per share represents our total tangible assets less our total liabilities, divided by the number of outstanding shares of common stock, after giving effect to (i)\u00a0the""}, {""type"": ""round_financing"", ""round"": ""Series D"", ""amount_m"": 16.0, ""sentence"": ""44 Table of Contents Index to Financial Statements Recent Developments In July 2014, we issued and sold 91,324,195 shares of Series\nD preferred stock and received net proceeds of $16.0 million.""}, {""type"": ""round_financing"", ""round"": ""Series D"", ""amount_m"": 16.0, ""sentence"": ""In July 2014, we issued and sold 91,324,195 shares of Series D preferred stock for net proceeds of $16.0 million.""}, {""type"": ""round_financing"", ""round"": ""Series B"", ""amount_m"": 8.0, ""sentence"": ""Series B Preferred Stock\nFinancing In November 2011 and May 2012, we\nissued an aggregate of 80,482,896\u00a0shares of our Series B preferred stock at a purchase price of $0.0994 per share for an aggregate ""}, {""type"": ""round_financing"", ""round"": ""Series C"", ""amount_m"": 10.7, ""sentence"": ""Series C Preferred Stock Financing In December 2012 and April 2013, we issued\nan aggregate of 107,645,875\u00a0shares of our Series C preferred stock at a purchase price of $0.0994 per share for an aggrega""}, {""type"": ""round_financing"", ""round"": ""Series D"", ""amount_m"": 51.0, ""sentence"": ""Series D Preferred Stock Financing In October 2013 and July 2014, we issued an\naggregate of 291,091,034\u00a0shares of our Series D preferred stock at a purchase price of $0.1752 per share for an aggregate""}, {""type"": ""round_financing"", ""round"": ""Series D"", ""amount_m"": 16.0, ""sentence"": ""In July 2014, the Company issued 91,324,195\u00a0shares of Series D convertible preferred stock for $16.0 million in net proceeds (see Note 11).""}]",proceeds_phrasing+round_dollar,high,0001496671,"Calithera Biosciences, Inc."
,,0,[],none,none,0001471002,"Cancer Prevention Pharmaceuticals, Inc."
49.6,"$49.6M (max single round, 1 rounds detected)",1,"[{""type"": ""round_financing"", ""round"": ""Series D"", ""amount_m"": 9.1, ""sentence"": ""64 Table of Contents Net cash provided by financing activities was $9.1\u00a0million for the year\nended December\u00a031, 2011, which consisted primarily of the net proceeds of $10.0 million from the issuance o""}, {""type"": ""round_financing"", ""round"": ""Series D"", ""amount_m"": 2.0, ""sentence"": ""GAAP, we determined that the\nintrinsic value of the beneficial conversion feature embedded in the notes issued in the initial closing was approximately $2.0 million, based on the estimated fair value ""}, {""type"": ""round_financing"", ""round"": ""Series D"", ""amount_m"": 1.4, ""sentence"": ""We determined that the intrinsic value of the beneficial conversion feature of the notes issued in the final closing was $1.4 million, based on the estimated fair value of the Series D Preferred\nStock""}, {""type"": ""round_financing"", ""round"": ""Series D"", ""amount_m"": 49.6, ""sentence"": ""The market approach, based on the valuation of our July 2010 Series D Preferred Stock\nfinancing, implied an estimated fair value of our equity capital to be $49.6 million.""}, {""type"": ""round_financing"", ""round"": ""Series D"", ""amount_m"": 15.0, ""sentence"": ""At additional closings held between\nAugust 2010 and August 2011, we issued and sold an aggregate of 7,073,204 additional shares of Series D Preferred Stock at a purchase price of approximately $1.44 p""}, {""type"": ""round_financing"", ""round"": ""Series D"", ""amount_m"": 9.1, ""sentence"": ""Table of Contents Net cash provided by financing activities was $9.1\u00a0million for the year\nended December\u00a031, 2011, which consisted primarily of the net proceeds of $10.0 million from the issuance of S""}, {""type"": ""round_financing"", ""round"": ""Series D"", ""amount_m"": 9.1, ""sentence"": ""Net cash provided by financing activities was $9.1\u00a0million for the year\nended December\u00a031, 2011, which consisted primarily of the net proceeds of $10.0 million from the issuance of Series\u00a0D Convertibl""}, {""type"": ""round_financing"", ""round"": ""Series D"", ""amount_m"": 4.8, ""sentence"": ""Table of Contents Series D Preferred Stock Financing In July 2010, we entered into a Series D Preferred Stock Purchase Agreement, or the Series D Purchase Agreement, pursuant to\nwhich we initially iss""}, {""type"": ""round_financing"", ""round"": ""Series D"", ""amount_m"": 4.8, ""sentence"": ""In July 2010, we entered into a Series D Preferred Stock Purchase Agreement, or the Series D Purchase Agreement, pursuant to\nwhich we initially issued and sold to investors an aggregate of 3,312,853 s""}]",round_dollar,medium,0001346830,"Cara Therapeutics, Inc."
6.0,"$6.0M (max single round, 1 rounds detected)",1,"[{""type"": ""round_financing"", ""round"": ""Series B"", ""amount_m"": 3.0, ""sentence"": ""Upon the\ndrawdown of the $3.0\u00a0million, we issued a warrant to purchase 86,957\u00a0shares of Series\u00a0B convertible preferred stock.""}, {""type"": ""round_financing"", ""round"": ""Series B"", ""amount_m"": 1.3, ""sentence"": ""In January 2014, we drew the second loan of $1.3\u00a0million and issued a warrant to purchase 41,576 shares of\nSeries\u00a0B convertible preferred stock.""}, {""type"": ""round_financing"", ""round"": ""Series B"", ""amount_m"": 6.0, ""sentence"": ""Net cash provided by financing activities in the year ended December\u00a031, 2012 primarily consisted of $6.0\u00a0million from\nthe sale of Series B preferred stock, net of issuance costs, offset by $0.4\u00a0milli""}, {""type"": ""round_financing"", ""round"": ""Series B"", ""amount_m"": 6.0, ""sentence"": ""Net cash provided by financing activities in the year ended December\u00a031, 2013 primarily consisted of $6.0\u00a0million\nreceived from the sale of Series\u00a0B preferred stock, net of issuance costs, net proceed""}, {""type"": ""round_financing"", ""round"": ""Series B"", ""amount_m"": 6.0, ""sentence"": ""Net cash provided by financing activities in the nine months ended September\u00a030, 2013 consisted primarily of $6.0\u00a0million from the sale of Series\u00a0B preferred stock, net of issuance\ncosts, in addition ""}, {""type"": ""round_financing"", ""round"": ""Series B"", ""amount_m"": 6.0, ""sentence"": ""In December 2012 and June 2013, the Company issued 4,989,189 and 5,009,980\u00a0shares of Series\u00a0B convertible preferred stock,\nrespectively, for net cash proceeds of $6.0 million and $6.0 million, respect""}]",round_dollar,medium,0001348911,"Carbylan Therapeutics, Inc."
,,0,[],none,none,0001569340,"Cell Source, Inc."
49.8,"$49.8M (max single round, 1 rounds detected)",1,"[{""type"": ""round_financing"", ""round"": ""Series A"", ""amount_m"": 21.8, ""sentence"": ""Net cash used in investing activities was $21.8 million during the year ended December\u00a031, 2012 and consisted primarily of the investment\nof proceeds received from our Series A-1 preferred stock finan""}, {""type"": ""round_financing"", ""round"": ""Series A"", ""amount_m"": 4.5, ""sentence"": ""Net cash provided by financing activities of $4.5 million during the year ended June\u00a030, 2011 and $1.5\nmillion during the six months ended December\u00a031, 2011, was primarily a result of proceeds receive""}, {""type"": ""round_financing"", ""round"": ""Series A"", ""amount_m"": 49.8, ""sentence"": ""79 Table of Contents Net cash provided by financing activities of $49.8 million during the year ended\nDecember\u00a031, 2012 and the six months ended June\u00a030, 2012 was primarily a result of proceeds receiv""}, {""type"": ""round_financing"", ""round"": ""Series A"", ""amount_m"": 17.8, ""sentence"": ""Preferred Stock Financing and Convertible Note and Warrant Financing In January 2012, we issued and sold to investors an aggregate of 27,616,923 shares of our Series A-1 preferred stock and 12,138,080""}, {""type"": ""round_financing"", ""round"": ""Series A"", ""amount_m"": 0.9, ""sentence"": ""153 Table of Contents In March 2012, we issued and sold to investors an aggregate of 1,913,987 shares of Series A-1\npreferred stock for aggregate cash consideration of $0.9 million.""}, {""type"": ""round_financing"", ""round"": ""Series A"", ""amount_m"": 0.8, ""sentence"": ""In April 2012, we issued and sold to Co\u00f6peratief LSP IV UA, or LSP, share capital in our Netherlands-based subsidiary, Celladon Europe B.V., or Celladon Europe, for aggregate\ncash consideration of $0.""}, {""type"": ""round_financing"", ""round"": ""Series A"", ""amount_m"": 43.1, ""sentence"": ""In June\u00a02012, in exchange for aggregate cash consideration of $43.1\nmillion, we issued and sold to investors an additional 86,893,215 shares of our Series A-1 preferred stock, at a purchase price of $""}, {""type"": ""round_financing"", ""round"": ""Series A"", ""amount_m"": 2.2, ""sentence"": ""The financing included the conversion of the outstanding convertible notes to Series A-1\npreferred stock and Junior preferred stock and conversion of approximately $2.2 million of accrued interest to ""}, {""type"": ""round_financing"", ""round"": ""Series A"", ""amount_m"": 17.8, ""sentence"": ""In January\u00a02012, the Company issued 27,616,923 shares of Series A-1 preferred stock and 12,138,080 of Junior preferred stock under\nthe initial closing of a Series\u00a0A-1 and Junior preferred stock purcha""}, {""type"": ""round_financing"", ""round"": ""Series A"", ""amount_m"": 0.9, ""sentence"": ""In March\u00a02012 and June\u00a02012, the Company issued\n1,913,987 and 86,893,215 shares of Series\u00a0A-1 preferred stock for gross proceeds of $0.9 million and $39.1 million, respectively.""}]",round_dollar,medium,0001305253,Celladon Corp
,,0,[],none,none,0001541157,Celsus Therapeutics Plc.
66.1,"$66.1M (max single round, 2 rounds detected)",2,"[{""type"": ""round_financing"", ""round"": ""Series D"", ""amount_m"": 5.3, ""sentence"": ""Our interest expense in the nine months ended September 30, 2017 primarily relates to the principal\namount of $5.3 million of convertible notes payable issued in the first nine months of 2017 ahead of""}, {""type"": ""round_financing"", ""round"": ""Series C"", ""amount_m"": 30.0, ""sentence"": ""Our interest expense in the year ended\nDecember\u00a031, 2016 primarily relates to the principal amount of $30.0\u00a0million of convertible notes payable issued in 2016 ahead of our Series C preferred stock fi""}, {""type"": ""round_financing"", ""round"": ""Series D"", ""amount_m"": 9.2, ""sentence"": ""Our interest expense in the year ended\nDecember\u00a031, 2017 primarily relates to the principal amount of $9.2\u00a0million of convertible notes payable issued in 2017 ahead of our Series D preferred stock fin""}, {""type"": ""round_financing"", ""round"": ""Series C"", ""amount_m"": 47.6, ""sentence"": ""On December\u00a030, 2016, we issued and\nsold to investors in a private placement 26,446,984 shares of our Series C preferred stock at a price per share of $1.80, for aggregate consideration of approximate""}, {""type"": ""round_financing"", ""round"": ""Series C"", ""amount_m"": 0.2, ""sentence"": ""On January\u00a06, 2017, we issued and sold an additional 111,334 shares of our Series C preferred stock for aggregate consideration of approximately\n$0.2\u00a0million.""}, {""type"": ""round_financing"", ""round"": ""Series D"", ""amount_m"": 66.1, ""sentence"": ""On December\u00a018, 2017, we issued\nand sold to investors in a private placement 36,717,364 shares of our Series D preferred stock at a price per share of $1.80, for aggregate consideration of approximate""}, {""type"": ""round_financing"", ""round"": ""Series D"", ""amount_m"": 7.0, ""sentence"": ""On December\u00a020, 2017, we issued and sold an additional 3,888,885 shares of our Series D preferred stock for aggregate consideration of approximately\n$7.0\u00a0million.""}, {""type"": ""round_financing"", ""round"": ""Series C"", ""amount_m"": 47.6, ""sentence"": ""On December\u00a030, 2016, the registrant issued 26,446,984 shares of its Series C preferred stock at a price per share of $1.80, for\naggregate consideration of approximately $47.6\u00a0million, to accredited i""}, {""type"": ""round_financing"", ""round"": ""Series C"", ""amount_m"": 16.6, ""sentence"": ""The aggregate II-2 Table of Contents consideration consisted of $16.6\u00a0million in cash proceeds in exchange for 9,202,662 shares of Series C preferred stock, and the conversion of the promissory notes ""}, {""type"": ""round_financing"", ""round"": ""Series C"", ""amount_m"": 0.2, ""sentence"": ""On\nJanuary\u00a06, 2017, the registrant issued an additional 111,334 shares of its Series C preferred Stock at a price per share of $1.80, for aggregate consideration of approximately $0.2\u00a0million, to accr""}]",round_dollar,medium,0001592052,Centrexion Therapeutics Corp
,,0,[],none,none,0001534120,Cerecor Inc.
15.0,"$15.0M (max single round, 2 rounds detected)",2,"[{""type"": ""round_financing"", ""round"": ""Series C"", ""amount_m"": 7.5, ""sentence"": ""Series C Preferred Stock Financing In June 2011, we issued and sold an aggregate of 10,135,128 shares of our Series C convertible preferred stock at a price of $0.74 per share\nfor an aggregate purchas""}, {""type"": ""round_financing"", ""round"": ""Series D"", ""amount_m"": 15.0, ""sentence"": ""Series D Convertible Preferred Stock Financing In December 2011, we issued and sold an aggregate of 18,072,287 shares of our Series D convertible preferred stock at a price of $0.83 per\nshare for an a""}, {""type"": ""round_financing"", ""round"": ""Series D"", ""amount_m"": 13.0, ""sentence"": ""In November 2012, we issued and sold an aggregate of 15,662,650 shares of our Series D convertible preferred stock at a price of $0.83 per share for an aggregate purchase price of\napproximately $13.0 ""}, {""type"": ""round_financing"", ""round"": ""Series C"", ""amount_m"": 7.5, ""sentence"": ""In June 2011, we issued and sold an aggregate of 10,135,128 shares of our Series C convertible preferred stock at a price of $0.74 per share\nfor an aggregate purchase price of approximately $7.5 milli""}, {""type"": ""round_financing"", ""round"": ""Series D"", ""amount_m"": 15.0, ""sentence"": ""In December 2011, we issued and sold an aggregate of 18,072,287 shares of our Series D convertible preferred stock at a price of $0.83 per\nshare for an aggregate purchase price of approximately $15.0 ""}]",round_dollar,medium,0001401914,Cerulean Pharma Inc.
,,0,[],none,none,0001723980,China Sxt Pharms Inc
345.2,$345.2M (from proceeds phrasing),2,"[{""type"": ""aggregate_proceeds"", ""amount_m"": 74.2, ""sentence"": ""Since December\u00a06, 2012 (inception)\nthrough February\u00a028, 2015, our operations have been financed primarily by gross proceeds of approximately $74.2\u00a0million from the issuance of convertible debt securit""}, {""type"": ""aggregate_proceeds"", ""amount_m"": 53.0, ""sentence"": ""37 Table of Contents USE OF PROCEEDS We estimate that we will receive net proceeds of approximately $53.0\u00a0million (or approximately $61.4\u00a0million if the underwriters\u2019 option to purchase\nadditional sha""}, {""type"": ""aggregate_proceeds"", ""amount_m"": 42.0, ""sentence"": ""Pro forma net tangible book value gives effect to (i)\u00a0the conversion of all of our outstanding convertible preferred stock as of December 31, 2014, into an aggregate\nof \u00a0\u00a0\u00a0\u00a0\u00a0\u00a0\u00a0\u00a0\u00a0\u00a0\u00a0\u00a0 shares of our comm""}, {""type"": ""aggregate_proceeds"", ""amount_m"": 28.0, ""sentence"": ""We received gross proceeds of approximately $28.0 million for which we issued 83,333,334 shares of Series A convertible preferred stock, at a purchase price of $0.336 per\nshare.""}, {""type"": ""aggregate_proceeds"", ""amount_m"": 42.0, ""sentence"": ""The per share purchase price of the Series B convertible preferred stock was $0.4445 and we received gross proceeds of approximately $42.0\nmillion.""}, {""type"": ""aggregate_proceeds"", ""amount_m"": 53.0, ""sentence"": ""Table of Contents USE OF PROCEEDS We estimate that we will receive net proceeds of approximately $53.0\u00a0million (or approximately $61.4\u00a0million if the underwriters\u2019 option to purchase\nadditional shares""}, {""type"": ""aggregate_proceeds"", ""amount_m"": 53.0, ""sentence"": ""We estimate that we will receive net proceeds of approximately $53.0\u00a0million (or approximately $61.4\u00a0million if the underwriters\u2019 option to purchase\nadditional shares is exercised in full) from the sa""}, {""type"": ""round_financing"", ""round"": ""Series B"", ""amount_m"": 42.0, ""sentence"": ""Key elements\nof our strategy include: 3 Table of Contents Recent Developments In February 2015, we completed a\nprivate placement of approximately $42.0\u00a0million of shares of our Series\u00a0B convertible pr""}, {""type"": ""round_financing"", ""round"": ""Series A"", ""amount_m"": 30.0, ""sentence"": ""In May and June 2014, we also issued an additional\n89,360,118 shares of our Series A convertible preferred stock for $0.336 per share and received $30.0\u00a0million in net proceeds.""}, {""type"": ""round_financing"", ""round"": ""Series B"", ""amount_m"": 42.0, ""sentence"": ""In February 2015, we issued 94,533,183\u00a0shares of our Series\u00a0B convertible preferred stock for $0.4445 per share and\nreceived approximately $42.0\u00a0million in gross proceeds.""}]",proceeds_phrasing+round_dollar,high,0001610618,"Cidara Therapeutics, Inc."
98.7,$98.7M (from proceeds phrasing),1,"[{""type"": ""aggregate_proceeds"", ""amount_m"": 66.6, ""sentence"": ""To date, we have raised gross proceeds of approximately $66.6\u00a0million from the issuance of equity\nsecurities.""}, {""type"": ""aggregate_proceeds"", ""amount_m"": 10.0, ""sentence"": ""Pursuant to the amended and restated Series\u00a0A-2/A-3 preferred stock purchase agreement in August 2018, we issued and sold\nto participating investors an aggregate of 9,708,739\u00a0shares of our Series\u00a0A-2 ""}, {""type"": ""aggregate_proceeds"", ""amount_m"": 5.0, ""sentence"": ""Pursuant to the amended and restated Series A-2/A-3 preferred stock purchase agreement, we issued and sold to participating investors an aggregate of\n3,734,130 shares of our Series A-3 convertible pre""}, {""type"": ""aggregate_proceeds"", ""amount_m"": 17.1, ""sentence"": ""In May 2016 and in connection with the contribution and assignment agreement described above, we entered into a Series A preferred unit\npurchase agreement with various investors, and in December 2016 ""}, {""type"": ""round_financing"", ""round"": ""Series A"", ""amount_m"": 30.0, ""sentence"": ""In March 2017, the Company entered into a Series A-2 preferred stock purchase agreement (\u201cSeries A-2 Purchase Agreement\u201d) under which it issued 29,126,210 shares of Series A-2 convertible preferred st""}, {""type"": ""round_financing"", ""round"": ""Series A"", ""amount_m"": 4.5, ""sentence"": ""On April\u00a018, 2018, the Company issued 4,368,919 shares of Series A-2 convertible preferred stock in\nthe Second Tranche Closing resulting in gross proceeds of $4.5\u00a0million.""}, {""type"": ""round_financing"", ""round"": ""Series A"", ""amount_m"": 10.0, ""sentence"": ""On\nAugust\u00a023, 2018, the Company issued 5,825,243 shares of Series A-2 convertible preferred stock at $1.03 per share in the Opportunity Tranche Closing and issued 3,883,496 shares of Series A-2 conver""}]",proceeds_phrasing+round_dollar,high,0001702956,"Cirius Therapeutics, Inc."
55.3,"$55.3M (max single round, 3 rounds detected)",3,"[{""type"": ""round_financing"", ""round"": ""Series C"", ""amount_m"": 13.9, ""sentence"": ""Our cash and cash equivalents\nwere $13.9\u00a0million as of June 30, 2014, and we received an additional $55.3 million in cash proceeds from our Series C Preferred Stock financing that we completed in Augu""}, {""type"": ""round_financing"", ""round"": ""Series C"", ""amount_m"": 55.3, ""sentence"": ""Our future capital requirements depend on many factors, including: Based on our current operating plan, we believe that the net proceeds we receive from this offering, together with our existing cash ""}, {""type"": ""round_financing"", ""round"": ""Series B"", ""amount_m"": 5.0, ""sentence"": ""In connection with the initial $5.0\u00a0million draw, we issued warrants to purchase 106,383 shares of our Series B Preferred Stock.""}, {""type"": ""round_financing"", ""round"": ""Series C"", ""amount_m"": 36.2, ""sentence"": ""As of June 30, 2014, the pro forma net tangible book value of our common stock was $36.2 million, or $0.45 per share of common stock, taking\ninto account the issuance of 17,000,000 shares of Series C ""}, {""type"": ""round_financing"", ""round"": ""Series A"", ""amount_m"": 1.8, ""sentence"": ""As consideration for the agreement with Alkermes, we issued 1,764,706 shares of Series A Preferred Stock to Alkermes with a fair value of $1.8\nmillion, and an additional 1,764,706 shares upon the achi""}, {""type"": ""round_financing"", ""round"": ""Series C"", ""amount_m"": 55.3, ""sentence"": ""On August 22, 2014, we completed our Series C Preferred Stock\nfinancing, which resulted in proceeds to us of $55.3 million.""}, {""type"": ""round_financing"", ""round"": ""Series B"", ""amount_m"": 5.0, ""sentence"": ""In connection with the initial $5.0 million draw, we issued to the Lenders warrants to purchase 106,383 shares of Series B Preferred Stock at an exercise price of $1.41 per share.""}, {""type"": ""round_financing"", ""round"": ""Series B"", ""amount_m"": 29.5, ""sentence"": ""Net cash provided by financing activities for the year ended December\u00a031, 2013 was $29.5 million and is primarily the result of the\nissuance and sale of 28,825,492 shares of our Series B Preferred Sto""}, {""type"": ""round_financing"", ""round"": ""Series C"", ""amount_m"": 55.3, ""sentence"": ""Based on our current operating plan, we believe\nthat the net proceeds we receive from this offering, together with our existing cash and cash equivalents and the $55.3 million in cash proceeds from ou""}, {""type"": ""round_financing"", ""round"": ""Series C"", ""amount_m"": 55.3, ""sentence"": ""Based on our current operating plan, we believe that the net proceeds we receive from this offering, together with our existing cash and cash\nequivalents and the $55.3 million in cash proceeds from ou""}]",round_dollar,medium,0001509697,"Civitas Therapeutics, Inc."
50.0,"$50.0M (max single round, 3 rounds detected)",3,"[{""type"": ""round_financing"", ""round"": ""Series C"", ""amount_m"": 20.0, ""sentence"": ""In November and December 2015, we raised an additional $20.0 million from\nthe sale of Series C convertible preferred stock.""}, {""type"": ""round_financing"", ""round"": ""Series B"", ""amount_m"": 3.0, ""sentence"": ""The net cash provided by financing activities during the nine\nmonths ended September 30, 2014 consisted primarily of $3.0 million received from the issuance of the bridge notes and $12.8 million from ""}, {""type"": ""round_financing"", ""round"": ""Series A"", ""amount_m"": 7.8, ""sentence"": ""The net cash provided by\nfinancing activities during the year ended December 31, 2013 consisted primarily of $7.8 million from the sale of our Series A-1 convertible preferred stock, net of issuance c""}, {""type"": ""round_financing"", ""round"": ""Series B"", ""amount_m"": 3.0, ""sentence"": ""The net cash provided by\nfinancing activities during the year ended December 31, 2013 consisted primarily of $7.8 million from the sale of our Series A-1 convertible preferred stock, net of issuance c""}, {""type"": ""round_financing"", ""round"": ""Series B"", ""amount_m"": 16.2, ""sentence"": ""Sales of Series B Convertible Preferred Stock In August 2014, we issued an aggregate of 6,009,202 shares of our Series B convertible preferred stock at a price of $2.69783 per share for\nan aggregate p""}, {""type"": ""round_financing"", ""round"": ""Series C"", ""amount_m"": 20.0, ""sentence"": ""157 Table of Contents Sales of Series C Convertible Preferred Stock In November and December 2015, we issued an aggregate of 5,274,674 shares of our Series\u00a0C convertible preferred stock at a price of\n""}, {""type"": ""round_financing"", ""round"": ""Series B"", ""amount_m"": 50.0, ""sentence"": ""In addition, the Series A, Series A-1 and Series B shares are convertible into common stock immediately upon: (i) the closing of an initial public offering generating net proceeds of not less than\n$50""}, {""type"": ""round_financing"", ""round"": ""Series C"", ""amount_m"": 20.0, ""sentence"": ""In November\u00a0and December 2015, the Company issued an aggregate of 5,274,674 shares of Series C convertible preferred stock to 17\naccredited investors at a per share price of $3.7917, for aggregate con""}, {""type"": ""round_financing"", ""round"": ""Series C"", ""amount_m"": 50.0, ""sentence"": ""The shares of Series C convertible preferred stock are convertible into common stock immediately upon either (i)\u00a0the closing of an initial\npublic offering generating net proceeds to the Company of at ""}, {""type"": ""round_financing"", ""round"": ""Series A"", ""amount_m"": 7.9, ""sentence"": ""In January 2013, we sold an aggregate of 4,356,931 shares of our Series\u00a0A-1 convertible preferred stock at a price of $1.8132\nper share for an aggregate price of $7.9\u00a0million, 3,860,573 shares of whic""}]",round_dollar,medium,0001539029,"Clearside Biomedical, Inc."
65.6,"$65.6M (max single round, 2 rounds detected)",2,"[{""type"": ""round_financing"", ""round"": ""Series B"", ""amount_m"": 65.6, ""sentence"": ""In the fourth quarter of 2009, we completed the in-licensing of\n    our first product candidate and the issuance of our Series\u00a0A-2 and Series\u00a0B convertible preferred stock for total net\n    proceeds o""}, {""type"": ""round_financing"", ""round"": ""Series A"", ""amount_m"": 9.9, ""sentence"": ""Financing\n    Activities The cash provided by financing activities in 2009 is the result\n    of the sale and issuance of 5,044,828\u00a0shares of our Series\u00a0A-1 convertible preferred stock for net proceeds""}, {""type"": ""round_financing"", ""round"": ""Series B"", ""amount_m"": 9.9, ""sentence"": ""Financing\n    Activities The cash provided by financing activities in 2009 is the result\n    of the sale and issuance of 5,044,828\u00a0shares of our Series\u00a0A-1 convertible preferred stock for net proceeds""}, {""type"": ""round_financing"", ""round"": ""Series A"", ""amount_m"": 20.0, ""sentence"": ""Preferred\n    Stock and Convertible Promissory Note Issuances Since our inception, we have sold an aggregate of\n    5,044,828\u00a0shares of Series\u00a0A-1 convertible preferred stock, 5,044,828\u00a0shares of Seri""}, {""type"": ""round_financing"", ""round"": ""Series B"", ""amount_m"": 20.0, ""sentence"": ""Preferred\n    Stock and Convertible Promissory Note Issuances Since our inception, we have sold an aggregate of\n    5,044,828\u00a0shares of Series\u00a0A-1 convertible preferred stock, 5,044,828\u00a0shares of Seri""}]",round_dollar,medium,0001466301,"Clovis Oncology, Inc."
37.1,"$37.1M (max single round, 1 rounds detected)",1,"[{""type"": ""round_financing"", ""round"": ""Series C"", ""amount_m"": 36.9, ""sentence"": ""Series C Financing In January 2015, we issued and sold shares of our Series C convertible preferred stock in a private placement, or our Series C financing, for gross proceeds of $36.9 million.""}, {""type"": ""round_financing"", ""round"": ""Series C"", ""amount_m"": 36.9, ""sentence"": ""In January 2015, we issued and sold shares of our Series C convertible preferred stock in our Series\u00a0C financing for gross proceeds of $36.9 million.""}, {""type"": ""round_financing"", ""round"": ""Series C"", ""amount_m"": 36.9, ""sentence"": ""In January 2015, we issued and sold Series C convertible preferred stock in our Series C\nfinancing with gross proceeds of $36.9 million.""}, {""type"": ""round_financing"", ""round"": ""Series C"", ""amount_m"": 36.9, ""sentence"": ""140 Table of Contents Sale of Preferred Stock In January 2015, we sold the following beneficial owners of more than 5% of our capital stock and entities affiliated with certain of our directors, share""}, {""type"": ""round_financing"", ""round"": ""Series C"", ""amount_m"": 37.1, ""sentence"": ""Issuance of Preferred Stock In January 2015, we sold the \u00a0\u00a0\u00a0\u00a0\u00a0\u00a0\u00a0\u00a0\u00a0\u00a0\u00a0\u00a0 shares of our Series C preferred stock at the price of $0.20981325 per share, for a\ntotal price of $37.1\u00a0million.""}, {""type"": ""round_financing"", ""round"": ""Series C"", ""amount_m"": 36.9, ""sentence"": ""In January 2015, we issued and sold shares of our Series C convertible preferred stock in a private placement, or our Series C financing, for gross proceeds of $36.9 million.""}, {""type"": ""round_financing"", ""round"": ""Series C"", ""amount_m"": 36.9, ""sentence"": ""Table of Contents Sale of Preferred Stock In January 2015, we sold the following beneficial owners of more than 5% of our capital stock and entities affiliated with certain of our directors, shares of""}, {""type"": ""round_financing"", ""round"": ""Series C"", ""amount_m"": 36.9, ""sentence"": ""In January 2015, we sold the following beneficial owners of more than 5% of our capital stock and entities affiliated with certain of our directors, shares of our Series\u00a0C preferred\nstock at the price""}, {""type"": ""round_financing"", ""round"": ""Series C"", ""amount_m"": 37.1, ""sentence"": ""In January 2015, we sold the \u00a0\u00a0\u00a0\u00a0\u00a0\u00a0\u00a0\u00a0\u00a0\u00a0\u00a0\u00a0 shares of our Series C preferred stock at the price of $0.20981325 per share, for a\ntotal price of $37.1\u00a0million.""}]",round_dollar,medium,0001348649,"CoLucid Pharmaceuticals, Inc."
76.5,"$76.5M (max single round, 3 rounds detected)",3,"[{""type"": ""round_financing"", ""round"": ""Series A"", ""amount_m"": 29.7, ""sentence"": ""On\nNovember\u00a012, 2015, the Company issued 29,700,000 shares of Series A Preferred Stock at $1.00 per share for aggregate cash proceeds of $29.7\u00a0million, less issuance costs of $0.2\u00a0million.""}, {""type"": ""round_financing"", ""round"": ""Series A"", ""amount_m"": 1.3, ""sentence"": ""In connection with the financing, the Company\nsettled all of its previously outstanding convertible notes with principal totaling $1.3\u00a0million through the issuance of 1,300,000 shares of Series A Pref""}, {""type"": ""round_financing"", ""round"": ""Series B"", ""amount_m"": 61.0, ""sentence"": ""F-27 Table of Contents On January\u00a021, 2016, the Company issued 20,333,331 shares of Series B Preferred Stock at $3.00 per share for\naggregate cash proceeds of $61.0\u00a0million, less issuance costs of les""}, {""type"": ""round_financing"", ""round"": ""Series C"", ""amount_m"": 76.5, ""sentence"": ""On November\u00a017, 2017,\nthe Company issued 20,204,079 shares of Series C Preferred Stock at $3.7876 per share for aggregate cash proceeds of $76.5\u00a0million, less issuance costs of $0.2\u00a0million.""}, {""type"": ""round_financing"", ""round"": ""Series A"", ""amount_m"": 1.5, ""sentence"": ""In consideration for MDACC\u2019s agreement to\npay patent expenses up to the specified amount of $1.5\u00a0million, the Company issued 1,500,000 shares of Series A Preferred Stock to MDACC on November\u00a012, 2015.""}, {""type"": ""round_financing"", ""round"": ""Series B"", ""amount_m"": 61.0, ""sentence"": ""In January 2016, we\nissued and sold to investors in a private placement an aggregate of 20,333,331 shares of our Series B preferred stock at a purchase price of $3.00 per share, for aggregate consider""}, {""type"": ""round_financing"", ""round"": ""Series C"", ""amount_m"": 76.5, ""sentence"": ""In November 2017, we issued and sold to investors in a private placement an aggregate of 20,204,079 shares of our Series C preferred stock at a purchase price of\n$3.7876 per share, for aggregate consi""}, {""type"": ""round_financing"", ""round"": ""Series B"", ""amount_m"": 61.0, ""sentence"": ""Table of Contents On January\u00a021, 2016, the Company issued 20,333,331 shares of Series B Preferred Stock at $3.00 per share for\naggregate cash proceeds of $61.0\u00a0million, less issuance costs of less tha""}, {""type"": ""round_financing"", ""round"": ""Series B"", ""amount_m"": 61.0, ""sentence"": ""On January\u00a021, 2016, the Company issued 20,333,331 shares of Series B Preferred Stock at $3.00 per share for\naggregate cash proceeds of $61.0\u00a0million, less issuance costs of less than $0.1\u00a0million.""}]",round_dollar,medium,0001659352,"Codiak BioSciences, Inc."
,,0,[],none,none,0001522602,"CohBar, Inc."
42.6,$42.6M (from proceeds phrasing),2,"[{""type"": ""aggregate_proceeds"", ""amount_m"": 20.3, ""sentence"": ""Table of Contents Index to Financial Statements Series\u00a0B Convertible Preferred Stock Financing In January 2012, we issued an aggregate of 5,377,500 shares of our Series B convertible preferred stock a""}, {""type"": ""aggregate_proceeds"", ""amount_m"": 20.3, ""sentence"": ""In January 2012, we issued an aggregate of 5,377,500 shares of our Series B convertible preferred stock at a price per\nshare of $4.1841 for aggregate net proceeds of approximately $20.3 million to 18 ""}, {""type"": ""aggregate_proceeds"", ""amount_m"": 1.0, ""sentence"": ""Table of Contents Index to Financial Statements Series\u00a0A Convertible Preferred Stock Financing In March 2011, we issued an aggregate of 1,406,663 shares of our Series\u00a0A convertible preferred stock at ""}, {""type"": ""aggregate_proceeds"", ""amount_m"": 1.0, ""sentence"": ""In March 2011, we issued an aggregate of 1,406,663 shares of our Series\u00a0A convertible preferred stock at a price per\nshare of $0.75 for aggregate net proceeds of approximately $1.0\u00a0million to 13 accre""}, {""type"": ""round_financing"", ""round"": ""Series C"", ""amount_m"": 54.7, ""sentence"": ""In May 2014, we completed our Series C convertible preferred stock financing which resulted in aggregate net cash proceeds of $54.7 million.""}, {""type"": ""round_financing"", ""round"": ""Series C"", ""amount_m"": 54.0, ""sentence"": ""Cash provided by financing activities Cash provided by financing activities of $54.0 million for the six months ended June 30, 2014 was\nprimarily related to the net proceeds from the issuance of our S""}, {""type"": ""round_financing"", ""round"": ""Series B"", ""amount_m"": 26.9, ""sentence"": ""Cash provided by financing activities of $26.9 million for\nthe year ended December\u00a031, 2012 was related to net proceeds from issuance of our Series B convertible preferred stock.""}, {""type"": ""round_financing"", ""round"": ""Series C"", ""amount_m"": 54.7, ""sentence"": ""Sales and Purchases of Securities Series\u00a0C Convertible Preferred Stock Financing In May 2014, we issued an aggregate of 9,149,993\u00a0shares of our Series\u00a0C convertible preferred stock at a price\nper shar""}, {""type"": ""round_financing"", ""round"": ""Series C"", ""amount_m"": 54.7, ""sentence"": ""The Company believes that its cash at\nDecember\u00a031, 2013, together with the net cash proceeds of $54.7 million received from its sale of Series\u00a0C convertible preferred stock in May 2014 (see Note 14), ""}, {""type"": ""round_financing"", ""round"": ""Series B"", ""amount_m"": 3.5, ""sentence"": ""The following table sets forth a summary of the changes in the estimated fair value of the derivative instrument (in\nthousands): Prepaid\nAssets Prepaid assets are as follows (in thousands): Contempora""}]",proceeds_phrasing+round_dollar,high,0001512762,Coherus Biosciences Inc
50.0,"$50.0M (max single round, 3 rounds detected)",3,"[{""type"": ""round_financing"", ""round"": ""Series D"", ""amount_m"": 50.0, ""sentence"": ""In\nMarch 2015, we issued 41,666,667 shares of Series\u00a0D Convertible Preferred Stock in exchange for aggregate consideration of $50.0\u00a0million, including $45.0\u00a0million in cash.""}, {""type"": ""round_financing"", ""round"": ""Series D"", ""amount_m"": 5.0, ""sentence"": ""In\nconnection with this financing, convertible notes with related parties in the aggregate principal amount of $5.0\u00a0million automatically converted to an aggregate of 4,166,667 shares of\nSeries\u00a0D Pref""}, {""type"": ""round_financing"", ""round"": ""Series C"", ""amount_m"": 12.0, ""sentence"": ""During 2013, we issued 8,658,008 shares of Series\u00a0C Preferred Stock in exchange for net proceeds of $12.0\u00a0million.""}, {""type"": ""round_financing"", ""round"": ""Series C"", ""amount_m"": 12.0, ""sentence"": ""During 2013, we issued 8,658,008 shares of Series\u00a0C Preferred Stock for net proceeds of $12.0\u00a0million.""}, {""type"": ""round_financing"", ""round"": ""Series B"", ""amount_m"": 23.0, ""sentence"": ""In February 2012, we entered into a Series\u00a0B Convertible Preferred Stock Purchase Agreement, pursuant to which we issued and sold to investors\nan aggregate of 27,324,237 shares of our Series\u00a0B\nConvert""}, {""type"": ""round_financing"", ""round"": ""Series C"", ""amount_m"": 3.1, ""sentence"": ""In August 2013, we entered into a Series\u00a0C Convertible Preferred Stock Purchase Agreement, or the Series\u00a0C Purchase Agreement, pursuant\nto which we issued and sold to investors an aggregate of 2,220,6""}, {""type"": ""round_financing"", ""round"": ""Series C"", ""amount_m"": 8.0, ""sentence"": ""In December 2013, those investors who participated in the closings in\nAugust and September 2013 exercised their option under the Series\u00a0C Purchase Agreement to purchase an additional pro rata portion ""}, {""type"": ""round_financing"", ""round"": ""Series D"", ""amount_m"": 50.0, ""sentence"": ""In March 2015, we entered into a Series\u00a0D Convertible Preferred Stock Purchase Agreement pursuant to which we issued and sold to investors an\naggregate of 41,666,667 shares of our Series\u00a0D Convertible""}, {""type"": ""round_financing"", ""round"": ""Series D"", ""amount_m"": 5.0, ""sentence"": ""In connection with the Series\u00a0D Convertible Preferred Stock financing, convertible notes with related parties in the aggregate principal amount of $5\u00a0million\nautomatically converted to an aggregate of""}]",round_dollar,medium,0001267565,Collegium Pharmaceutical Inc
32.8,"$32.8M (max single round, 2 rounds detected)",2,"[{""type"": ""round_financing"", ""round"": ""Series A"", ""amount_m"": 31.9, ""sentence"": ""From October 2006 through December 2006 and in May\n2007, we issued and sold to investors in private placements an aggregate of 42,494,218 shares of our Series A convertible preferred stock at a purcha""}, {""type"": ""round_financing"", ""round"": ""Series B"", ""amount_m"": 32.8, ""sentence"": ""In February and March 2011, we issued and sold to investors in private\nplacements an aggregate of 36,417,224 shares of our Series B convertible preferred stock at a purchase price of $0.90 per share, ""}, {""type"": ""round_financing"", ""round"": ""Series A"", ""amount_m"": 5.0, ""sentence"": ""In March 2010, we entered into a note and warrant purchase agreement with\ncertain existing investors pursuant to which we sold, in private placements in March 2010 and October 2010, an aggregate of $5""}, {""type"": ""round_financing"", ""round"": ""Series B"", ""amount_m"": 1.0, ""sentence"": ""In May 2013, we entered into a note and warrant purchase\nagreement with certain existing investors pursuant to which we sold, in a private placement in May 2013, an aggregate of $1.0 million of conver""}, {""type"": ""round_financing"", ""round"": ""Series B"", ""amount_m"": 1.0, ""sentence"": ""Subsequent Events (unaudited) In May 2013, the Company entered into a note and warrant purchase agreement with certain existing investors pursuant to which\nit sold, in a private placement, an aggregat""}, {""type"": ""round_financing"", ""round"": ""Series B"", ""amount_m"": 1.0, ""sentence"": ""In May 2013, the Company entered into a note and warrant purchase agreement with certain existing investors pursuant to which\nit sold, in a private placement, an aggregate of $1.0 million of convertib""}]",round_dollar,medium,0001383701,Conatus Pharmaceuticals Inc
402.5,$402.5M (from proceeds phrasing),1,"[{""type"": ""aggregate_proceeds"", ""amount_m"": 71.0, ""sentence"": ""As of March\u00a031, 2015, we had cash and cash equivalents of $49.9\u00a0million, and following the closing of a series of private placements\nin June 2015 pursuant to which we raised net proceeds of approximat""}, {""type"": ""aggregate_proceeds"", ""amount_m"": 71.0, ""sentence"": ""Recent Equity Transactions In June 2015, we raised net proceeds of approximately $71.0\u00a0million from the sale of common stock in a series of private placement\ntransactions to third parties and repurcha""}, {""type"": ""aggregate_proceeds"", ""amount_m"": 47.5, ""sentence"": ""Soon-Shiong, at a price of $3.4908 per share with gross proceeds of approximately $47.5 million.""}, {""type"": ""aggregate_proceeds"", ""amount_m"": 71.0, ""sentence"": ""Retroactive\nReassessment of Estimated Fair Value of Common Stock From June 10, 2015 through June\u00a018, 2015, we entered into a series of\nsubscription and investment agreements whereby we sold and issued""}, {""type"": ""aggregate_proceeds"", ""amount_m"": 71.0, ""sentence"": ""In June 2015, we raised net proceeds of approximately $71.0\u00a0million from the sale of common stock in a series of private placement\ntransactions to third parties and repurchased common stock from an em""}, {""type"": ""aggregate_proceeds"", ""amount_m"": 71.0, ""sentence"": ""From June 10, 2015 through June\u00a018, 2015, we entered into a series of\nsubscription and investment agreements whereby we sold and issued shares of our common stock in arm\u2019s length transactions with sop""}]",proceeds_phrasing,high,0001326110,"Conkwest, Inc."
,,0,[],none,none,0001594337,"Corium International, Inc."
99.5,$99.5M (from proceeds phrasing),2,"[{""type"": ""aggregate_proceeds"", ""amount_m"": 99.5, ""sentence"": ""From inception through December\u00a031, 2018, we received net proceeds of approximately $99.5\u00a0million from the issuance of redeemable convertible preferred stock and convertible promissory notes.""}, {""type"": ""round_financing"", ""round"": ""Series A"", ""amount_m"": 15.9, ""sentence"": ""(2)\u00a0\u00a0\u00a0\u00a0From December 2015 through September 2016, we issued and sold an aggregate of 24,504,298 shares of our Series A\nconvertible preferred stock at a purchase price of $0.7010 per share, for aggrega""}, {""type"": ""round_financing"", ""round"": ""Series B"", ""amount_m"": 85.8, ""sentence"": ""(4)\u00a0\u00a0\u00a0\u00a0From May 2018 through July 2018, we\nissued and sold an aggregate of 24,893,782 shares of our Series B convertible preferred stock at a purchase price of $3.5339 per share, for aggregate conside""}]",proceeds_phrasing+round_dollar,high,0001662774,"Cortexyme, Inc."
74.8,"$74.8M (max single round, 2 rounds detected)",2,"[{""type"": ""round_financing"", ""round"": ""Series A"", ""amount_m"": 33.3, ""sentence"": ""In November 2014, January\n2015 and June 2015, we received aggregate net proceeds of $33.3\u00a0million from the sale of our Series\u00a0A convertible preferred stock.""}, {""type"": ""round_financing"", ""round"": ""Series B"", ""amount_m"": 74.8, ""sentence"": ""In September 2015, we received net proceeds of\n$74.8\u00a0million from the sale of our Series\u00a0B convertible preferred stock.""}, {""type"": ""round_financing"", ""round"": ""Series A"", ""amount_m"": 16.7, ""sentence"": ""In June 2015, we achieved the relevant milestones, and the investors exercised their\nright to purchase 4,460,715 shares of Series\u00a0A convertible preferred stock for net proceeds of $16.7\u00a0million.""}, {""type"": ""round_financing"", ""round"": ""Series B"", ""amount_m"": 74.8, ""sentence"": ""In September 2015, we issued an aggregate of 5,353,312 shares of our Series\u00a0B convertible preferred stock at a price per share\nof $14.01 for aggregate net proceeds of $74.8\u00a0million to 33\u00a0accredited in""}, {""type"": ""round_financing"", ""round"": ""Series A"", ""amount_m"": 12.6, ""sentence"": ""In November 2014, we issued an aggregate of 3,395,468 shares of our Series\u00a0A convertible preferred stock at a price per share of\n$3.755 for aggregate net proceeds of $12.6\u00a0million to twelve accredited""}, {""type"": ""round_financing"", ""round"": ""Series A"", ""amount_m"": 12.6, ""sentence"": ""On November\u00a026, 2014, the Company executed the Series\u00a0A Convertible Preferred Stock Purchase Agreement for the issuance of up to 8,921,438 shares of Series\u00a0A\nconvertible preferred stock and issued 3,3""}, {""type"": ""round_financing"", ""round"": ""Series A"", ""amount_m"": 4.0, ""sentence"": ""In January 2015, in connection with the\nsecond closing of the first tranche, the Company issued 1,065,246 shares of Series\u00a0A convertible preferred stock for net proceeds of $4.0\u00a0million and in June 20""}, {""type"": ""round_financing"", ""round"": ""Series A"", ""amount_m"": 2.6, ""sentence"": ""A liability was recorded in connection with the first tranche of the Series\u00a0A convertible\npreferred stock financing at its initial estimated fair value of $2.6\u00a0million, with gains and losses arising f""}]",round_dollar,medium,0001626971,Corvus Pharmaceuticals Inc
93.5,$93.5M (from proceeds phrasing),2,"[{""type"": ""aggregate_proceeds"", ""amount_m"": 93.5, ""sentence"": ""To date, we have raised gross proceeds of approximately $93.5\u00a0million to fund our operations from the issuance of convertible preferred stock.""}, {""type"": ""round_financing"", ""round"": ""Series B"", ""amount_m"": 63.4, ""sentence"": ""Net cash provided by financing activities for the three months ended March\u00a031, 2018 was primarily due to $63.4\u00a0million of net proceeds from the issuance of Series B convertible preferred stock and $0.""}, {""type"": ""round_financing"", ""round"": ""Series A"", ""amount_m"": 12.0, ""sentence"": ""Net cash provided by financing activities for the year ended December\u00a031, 2017 was the result of\nnet proceeds of $12.0\u00a0million from the sale of Series A convertible preferred stock and $0.1\u00a0million fr""}, {""type"": ""round_financing"", ""round"": ""Series A"", ""amount_m"": 30.0, ""sentence"": ""In October 2015, we entered into a Series A preferred stock purchase agreement, pursuant to which we sold to investors in an initial closing and, upon the\nachievement of certain specified milestones, ""}, {""type"": ""round_financing"", ""round"": ""Series B"", ""amount_m"": 63.5, ""sentence"": ""In February 2018, we entered into\na Series B preferred stock purchase agreement, pursuant to which we sold to investors in an initial closing and a subsequent closing in February and March 2018 in pri""}, {""type"": ""round_financing"", ""round"": ""Series A"", ""amount_m"": 12.0, ""sentence"": ""Convertible Preferred Stock Transactions In April and December 2017, pursuant to a Series A\npreferred stock purchase agreement entered into in October 2015 which called for an initial closing and, upo""}, {""type"": ""round_financing"", ""round"": ""Series A"", ""amount_m"": 12.0, ""sentence"": ""In April and December 2017, pursuant to a Series A\npreferred stock purchase agreement entered into in October 2015 which called for an initial closing and, upon the achievement of certain specified mi""}, {""type"": ""round_financing"", ""round"": ""Series B"", ""amount_m"": 63.5, ""sentence"": ""In February and March 2018, pursuant to a Series B stock purchase agreement entered into in\nFebruary 2018 which called for an initial closing and a subsequent closing, the Company issued an aggregate ""}]",proceeds_phrasing+round_dollar,high,0001658247,Crinetics Pharmaceuticals Inc
,,0,[],none,none,0001645460,Cue Biopharma Inc
70.0,"$70.0M (max single round, 3 rounds detected)",3,"[{""type"": ""round_financing"", ""round"": ""Series C"", ""amount_m"": 21.5, ""sentence"": ""Issuance of Series C Preferred Stock In December 2014,\u00a0February 2015 and May 2015, we issued and sold an aggregate of 255,109,301 shares of our Series C preferred stock at a\npurchase price of $0.08428""}, {""type"": ""round_financing"", ""round"": ""Series B"", ""amount_m"": 24.7, ""sentence"": ""Issuance of Series B-1 Preferred Stock In July, August and October 2012, and January and April 2014, we issued and sold an aggregate of 504,223,689 shares of our Series B-1\npreferred stock at a purcha""}, {""type"": ""round_financing"", ""round"": ""Series B"", ""amount_m"": 30.0, ""sentence"": ""Notes to the Financial Statements\u2014(Continued) Convertible preferred stock consisted of the following (in thousands, except share amounts): Series\u00a0B-1 Redeemable Convertible Preferred Stock On Septembe""}, {""type"": ""round_financing"", ""round"": ""Series D"", ""amount_m"": 70.0, ""sentence"": ""Table of Contents Issuance of Series D Preferred Stock In June 2015, we issued and sold an aggregate of 471,882,536 shares of our Series D preferred stock at a purchase price of $0.148342 per share\nfo""}, {""type"": ""round_financing"", ""round"": ""Series D"", ""amount_m"": 70.0, ""sentence"": ""In June 2015, we issued and sold an aggregate of 471,882,536 shares of our Series D preferred stock at a purchase price of $0.148342 per share\nfor an aggregate purchase price of approximately $70.0 mi""}, {""type"": ""round_financing"", ""round"": ""Series C"", ""amount_m"": 21.5, ""sentence"": ""In December 2014,\u00a0February 2015 and May 2015, we issued and sold an aggregate of 255,109,301 shares of our Series C preferred stock at a\npurchase price of $0.084280 per share for an aggregate purchase""}, {""type"": ""round_financing"", ""round"": ""Series B"", ""amount_m"": 24.7, ""sentence"": ""In July, August and October 2012, and January and April 2014, we issued and sold an aggregate of 504,223,689 shares of our Series B-1\npreferred stock at a purchase price of $0.048961 per share for an ""}, {""type"": ""round_financing"", ""round"": ""Series B"", ""amount_m"": 30.0, ""sentence"": ""On September\u00a022, 2010, the Company executed a Series\u00a0B-1 Preferred Stock Purchase Agreement (\u201cSeries\u00a0B-1 Agreement\u201d) to raise up to an aggregate of $30.0\u00a0million of equity capital through the issuance""}]",round_dollar,medium,0001501989,CytomX Therapeutics Inc
6.6,$6.6M (from proceeds phrasing),1,"[{""type"": ""aggregate_proceeds"", ""amount_m"": 2.2, ""sentence"": ""Series B Preferred Stock Financing In January 2014, we sold and issued 629,643 shares of Series\u00a0B preferred stock, at a price of $3.50 per share, for aggregate gross proceeds of approximately $2.2 mil""}, {""type"": ""aggregate_proceeds"", ""amount_m"": 2.2, ""sentence"": ""Pro forma net tangible book value per share represents our total tangible assets less our total liabilities, divided by the\nnumber of outstanding shares of common stock, after giving effect to (i)\u00a0the""}, {""type"": ""aggregate_proceeds"", ""amount_m"": 2.2, ""sentence"": ""In January 2014, we sold and issued 629,643 shares of Series\u00a0B preferred stock, at a price of $3.50 per share, for aggregate gross proceeds of approximately $2.2 million.""}, {""type"": ""round_financing"", ""round"": ""Series B"", ""amount_m"": 10.5, ""sentence"": ""Net cash\nprovided by financing activities during 2013 was primarily comprised of proceeds of $10.5 million and $2.4\u00a0million from the issuance of Series A and Series B preferred stock, respectively, an""}, {""type"": ""round_financing"", ""round"": ""Series B"", ""amount_m"": 9.1, ""sentence"": ""The Company believes\nthat its cash, cash equivalents and short-term investments of $9.1 million as of December\u00a031, 2013, funds available under its credit facility and its Series B preferred stock fina""}, {""type"": ""round_financing"", ""round"": ""Series B"", ""amount_m"": 2.2, ""sentence"": ""Series B Preferred Stock Financing In January 2014, the Company sold and issued 629,643 shares of Series B preferred stock, at a price of $3.50 per share, for aggregate gross proceeds of $2.2 million.""}, {""type"": ""round_financing"", ""round"": ""Series B"", ""amount_m"": 2.2, ""sentence"": ""In January 2014, the Company sold and issued 629,643 shares of Series B preferred stock, at a price of $3.50 per share, for aggregate gross proceeds of $2.2 million.""}]",proceeds_phrasing+round_dollar,high,0001596126,"Dance Biopharm, Inc."
,,0,[],none,none,0001654151,"Deciphera Pharmaceuticals, Inc."
300.4,"$300.4M (max single round, 2 rounds detected)",2,"[{""type"": ""round_financing"", ""round"": ""Series B"", ""amount_m"": 300.4, ""sentence"": ""During 2016, net proceeds from our sale of Series A and Series B-1 convertible preferred stock were $300.4 million.""}, {""type"": ""round_financing"", ""round"": ""Series A"", ""amount_m"": 43.2, ""sentence"": ""During 2015, net proceeds from our sale of Series A-1 convertible preferred stock were $43.2 million and net proceeds from the sale and issuance of a convertible promissory note was $5.0 million.""}, {""type"": ""round_financing"", ""round"": ""Series A"", ""amount_m"": 24.8, ""sentence"": ""Additionally, at the Initial Closing, the Company concurrently issued 25,183,223 shares of Series A-1 convertible preferred stock for\nnet proceeds of $24.8\u00a0million.""}, {""type"": ""round_financing"", ""round"": ""Series A"", ""amount_m"": 13.9, ""sentence"": ""Additionally, at the\nFirst Additional Closing, the Company issued 13,925,000 shares of Series A-1 convertible preferred stock for net proceeds of $13.9\u00a0million and on July\u00a022, 2015 (\u201cSecond Additional""}, {""type"": ""round_financing"", ""round"": ""Series A"", ""amount_m"": 2.0, ""sentence"": ""Notes to Consolidated Financial Statements On January\u00a06, 2016 (the \u201cThird Additional Closing\u201d), the Company issued 2,000,000 shares\nof Series A-1 convertible preferred stock, for net proceeds of $2.0\u00a0""}, {""type"": ""round_financing"", ""round"": ""Series A"", ""amount_m"": 45.0, ""sentence"": ""On January\u00a026, 2016 (the \u201cfirst Tranche Closing\u201d), the Company issued 45,000,000 shares of Series A-1 convertible preferred stock, for net proceeds of $45.0\u00a0million.""}, {""type"": ""round_financing"", ""round"": ""Series A"", ""amount_m"": 88.7, ""sentence"": ""On June\u00a06, 2016 (the \u201cSecond Tranche Closing and Series A-2 Closing\u201d), the Company\nissued 88,666,177 shares of Series A-1 convertible preferred stock and 17,446,133 shares of Series A-2 convertible pr""}, {""type"": ""round_financing"", ""round"": ""Series B"", ""amount_m"": 122.2, ""sentence"": ""On\nJune\u00a023, 2016 (the \u201cFirst Series B-1 Closing\u201d), the Company entered into a preferred stock purchase agreement (\u201cSeries B Preferred Stock Purchase Agreement\u201d) with certain investors,\nunder which the""}, {""type"": ""round_financing"", ""round"": ""Series B"", ""amount_m"": 7.6, ""sentence"": ""On August\u00a026, 2016, (the \u201cSecond Series B-1 Closing\u201d), the Company sold 1,912,500 shares of\nSeries B-1 convertible preferred stock at a price of $4.00 per share for net proceeds of $7.6\u00a0million.""}, {""type"": ""round_financing"", ""round"": ""Series A"", ""amount_m"": 39.1, ""sentence"": ""II-2 Table of Contents Index to Financial Statements (c) In May 2015, we issued 39,108,223 shares of our Series A-1 convertible preferred stock at $1.00 per share, for aggregate proceeds of $39.1 mill""}]",round_dollar,medium,0001714899,Denali Therapeutics Inc
,,0,[],none,none,0001753483,Dermavant Sciences Ltd
51.0,"$51.0M (max single round, 3 rounds detected)",3,"[{""type"": ""round_financing"", ""round"": ""Series C"", ""amount_m"": 9.8, ""sentence"": ""As\nof June\u00a030, 2014, we had capital resources consisting of cash and cash equivalents of $9.8\u00a0million and in August 2014, we issued shares of our Series\u00a0C\nconvertible preferred stock and received rela""}, {""type"": ""round_financing"", ""round"": ""Series C"", ""amount_m"": 9.8, ""sentence"": ""As\nof June\u00a030, 2014, we had cash and cash equivalents of $9.8\u00a0million and received an additional $48.8\u00a0million in net proceeds from the sale of shares of our\nSeries\u00a0C convertible preferred stock in Au""}, {""type"": ""round_financing"", ""round"": ""Series C"", ""amount_m"": 48.8, ""sentence"": ""Pro forma net tangible book value per share\nrepresents the amount of our tangible assets less our liabilities divided by the total number of shares of our common stock outstanding, after giving effect""}, {""type"": ""round_financing"", ""round"": ""Series C"", ""amount_m"": 48.8, ""sentence"": ""In August 2014, we issued 30,722,886 shares of Series\u00a0C convertible preferred stock at a price\nof $1.66 per share for aggregate net proceeds of $48.8\u00a0million.""}, {""type"": ""round_financing"", ""round"": ""Series B"", ""amount_m"": 24.5, ""sentence"": ""Net cash provided by financing activities was $24.5\u00a0million for the six months ended June 30, 2013 and\nconsisted of the\nnet proceeds from the sale of our Series\u00a0B convertible preferred stock in March ""}, {""type"": ""round_financing"", ""round"": ""Series B"", ""amount_m"": 5.0, ""sentence"": ""Net cash provided by financing activities was $5.0\u00a0million for the six months ended June 30, 2014\nand related primarily to the net proceeds from the sale of shares of our Series B convertible preferre""}, {""type"": ""round_financing"", ""round"": ""Series A"", ""amount_m"": 12.1, ""sentence"": ""Net\ncash provided by financing activities was $12.1\u00a0million for the year ended December\u00a031, 2012 and consisted of the net proceeds from the sale of our Series\u00a0A\nconvertible preferred stock in August 2""}, {""type"": ""round_financing"", ""round"": ""Series B"", ""amount_m"": 26.5, ""sentence"": ""Net cash provided by financing activities was $26.5\u00a0million for the year ended December\u00a031, 2013 and consisted primarily of the net proceeds\nof $24.5\u00a0million from the sale of our Series\u00a0B convertible ""}, {""type"": ""round_financing"", ""round"": ""Series B"", ""amount_m"": 5.0, ""sentence"": ""In connection with the UCB agreement, UCB purchased $5.0\u00a0million of shares of our Series\u00a0B convertible preferred stock in April\n2014, purchased $7.5\u00a0million of shares of our Series\u00a0C convertible prefe""}, {""type"": ""round_financing"", ""round"": ""Series C"", ""amount_m"": 5.0, ""sentence"": ""In connection with the UCB agreement, UCB purchased $5.0\u00a0million of shares of our Series\u00a0B convertible preferred stock in April\n2014, purchased $7.5\u00a0million of shares of our Series\u00a0C convertible prefe""}]",round_dollar,medium,0001557883,"Dermira, Inc."
18.9,$18.9M (from proceeds phrasing),1,"[{""type"": ""aggregate_proceeds"", ""amount_m"": 6.3, ""sentence"": ""On March 29, 2018, we completed, in two tranches, a brokered and non-brokered private placement of 26,489,284 units at a price of $0.245 per unit for aggregate gross proceeds of approximately $6.3 mil""}, {""type"": ""aggregate_proceeds"", ""amount_m"": 6.3, ""sentence"": ""During March 2018, the Company completed a brokered and non-brokered private placement of 26,489,284 units at a price of $0.245 per unit for aggregate gross proceeds of approximately $6.3 million.""}, {""type"": ""aggregate_proceeds"", ""amount_m"": 6.3, ""sentence"": ""On March 29, 2018, the Company completed, in two tranches, a brokered and non-brokered private placement of 26,489,284 units at a price of $0.245 per unit for aggregate gross proceeds of approximately""}]",proceeds_phrasing,high,0001401040,DiaMedica Therapeutics Inc.
60.0,"$60.0M (max single round, 2 rounds detected)",2,"[{""type"": ""round_financing"", ""round"": ""Series C"", ""amount_m"": 57.0, ""sentence"": ""In addition, in July 2013, we issued 8,142,891\u00a0shares of Series C preferred stock for $57.0 million in gross proceeds and\nissued 428,526 shares of Series C preferred stock in satisfaction of the $3.0 ""}, {""type"": ""round_financing"", ""round"": ""Series C"", ""amount_m"": 57.0, ""sentence"": ""In July 2013, we closed\non our Series C preferred stock financing and issued 8,142,891 shares of Series C preferred stock for gross proceeds of $57.0 million and issued 428,526 shares of Series C pref""}, {""type"": ""round_financing"", ""round"": ""Series C"", ""amount_m"": 56.5, ""sentence"": ""Net cash provided by financing activities of $56.5\nmillion for the nine months ended September\u00a030, 2013 is due to $60.0 million of proceeds from the issuance of Series C preferred stock (including $3.""}, {""type"": ""round_financing"", ""round"": ""Series C"", ""amount_m"": 60.0, ""sentence"": ""Issuances of Preferred Stock Issuance of Series C preferred stock In July 2013, we\nissued and sold an aggregate of 8,571,417 shares of our Series C preferred stock at a purchase price of $7.00 per sha""}, {""type"": ""round_financing"", ""round"": ""Series B"", ""amount_m"": 29.0, ""sentence"": ""115 Table of Contents Issuance of Series B preferred stock In August, September and October 2010, we issued and sold an aggregate of 1,162,021 shares of our Series B preferred stock at a purchase pric""}, {""type"": ""round_financing"", ""round"": ""Series C"", ""amount_m"": 60.0, ""sentence"": ""In July 2013, we\nissued and sold an aggregate of 8,571,417 shares of our Series C preferred stock at a purchase price of $7.00 per share, for an aggregate purchase price of approximately $60.0 million""}, {""type"": ""round_financing"", ""round"": ""Series B"", ""amount_m"": 29.0, ""sentence"": ""Table of Contents Issuance of Series B preferred stock In August, September and October 2010, we issued and sold an aggregate of 1,162,021 shares of our Series B preferred stock at a purchase price of""}, {""type"": ""round_financing"", ""round"": ""Series B"", ""amount_m"": 29.0, ""sentence"": ""In August, September and October 2010, we issued and sold an aggregate of 1,162,021 shares of our Series B preferred stock at a purchase price of $25.00 per share (after giving effect to the reverse s""}]",round_dollar,medium,0001399529,Dicerna Pharmaceuticals Inc
65.0,"$65.0M (max single round, 2 rounds detected)",2,"[{""type"": ""round_financing"", ""round"": ""Series A"", ""amount_m"": 4.9, ""sentence"": ""During\nthe six months ended June\u00a030, 2014, net cash provided by financing activities was $4.9\u00a0million, consisting of net proceeds from our issuance of Series\u00a0A\npreferred stock.""}, {""type"": ""round_financing"", ""round"": ""Series A"", ""amount_m"": 6.4, ""sentence"": ""During\nthe year ended December\u00a031, 2014, net cash provided by financing activities was $6.4\u00a0million, consisting of net proceeds from our issuance of Series\u00a0A\npreferred stock of $4.9\u00a0million and net pr""}, {""type"": ""round_financing"", ""round"": ""Series A"", ""amount_m"": 4.7, ""sentence"": ""During\nthe period from inception (June\u00a020, 2013) to December\u00a031, 2013, net cash provided by financing activities was $4.7\u00a0million, consisting of net proceeds from\nour issuance of Series\u00a0A preferred st""}, {""type"": ""round_financing"", ""round"": ""Series A"", ""amount_m"": 5.0, ""sentence"": ""amendments,\nwe issued our Series\u00a0A convertible preferred stock at a purchase price of $1.00 per share as follows: on October\u00a030, 2013, we issued 5,000,000 shares to Beacon for an\naggregate purchase pr""}, {""type"": ""round_financing"", ""round"": ""Series B"", ""amount_m"": 65.0, ""sentence"": ""On\nApril\u00a020, 2015, we issued an aggregate of 20,183,824 shares of our Series\u00a0B convertible preferred stock to 12 investors (including Beacon and OrbiMed) at a purchase\nprice of $3.2204 per share, for ""}]",round_dollar,medium,0001592288,"Dimension Therapeutics, Inc."
,,0,[],none,none,0001497504,"Dipexium Pharmaceuticals, LLC"
29.0,$29.0M (from proceeds phrasing),1,"[{""type"": ""aggregate_proceeds"", ""amount_m"": 29.0, ""sentence"": ""Between\nSeptember\u00a019, 2016 and November\u00a018, 2016, the Company closed on the sale of an aggregate of 982,714 shares of Series\u00a0A Preferred Stock for gross proceeds of approximately\n$29.0\u00a0million (purcha""}, {""type"": ""round_financing"", ""round"": ""Series A"", ""amount_m"": 29.7, ""sentence"": ""From\ninception through March\u00a031, 2017, we have raised an aggregate of $29.7\u00a0million from capital contributions from PBM Capital Investments,\u00a0LLC and certain affiliates of PBM Capital\nInvestments,\u00a0LLC,""}, {""type"": ""round_financing"", ""round"": ""Series A"", ""amount_m"": 13.6, ""sentence"": ""We have\nfunded our operations primarily through the capital contributions from PBM Capital, sale of Series\u00a0A preferred stock and financing payments due to Eisai under the TSA through incurrence of deb""}, {""type"": ""round_financing"", ""round"": ""Series A"", ""amount_m"": 29.7, ""sentence"": ""From inception\nthrough March\u00a031, 2017, we have raised an aggregate of $29.7\u00a0million from capital contributions from PBM Capital and from the sale of shares of our Series\u00a0A preferred stock.""}, {""type"": ""round_financing"", ""round"": ""Series A"", ""amount_m"": 0.7, ""sentence"": ""Financing activities used $0.7\u00a0million of cash during the three months ended March\u00a031, 2017 for costs associated with the sale of\nSeries\u00a0A preferred stock.""}, {""type"": ""round_financing"", ""round"": ""Series A"", ""amount_m"": 29.7, ""sentence"": ""Financing\nactivities provided $29.7\u00a0million of cash in 2016, primarily from the sale of 982,714 shares of Series\u00a0A preferred stock to various investors.""}, {""type"": ""round_financing"", ""round"": ""Series A"", ""amount_m"": 29.0, ""sentence"": ""From September to November 2016, we sold an aggregate of 982,714 shares of our Series\u00a0A preferred stock at a price of $29.51 per share\nfor aggregate gross proceeds of $29.0\u00a0million.""}, {""type"": ""round_financing"", ""round"": ""Series A"", ""amount_m"": 29.0, ""sentence"": ""Between\nSeptember\u00a019, 2016 and November\u00a018, 2016, the Company closed on the sale of an aggregate of 982,714 shares of Series\u00a0A preferred stock for gross proceeds of\n$29.0\u00a0million (at a purchase price ""}, {""type"": ""round_financing"", ""round"": ""Series A"", ""amount_m"": 29.0, ""sentence"": ""Between September\u00a019, 2016 and November\u00a018, 2016, the Company closed on the sale of an aggregate of 982,714 shares of Series\u00a0A preferred\nstock for gross proceeds of $29.0\u00a0million (at a purchase price ""}, {""type"": ""round_financing"", ""round"": ""Series A"", ""amount_m"": 60.0, ""sentence"": ""The Series\u00a0A preferred stock is mandatorily convertible under certain\nconditions\u00a0(i) when the Company issues shares of common stock in a public offering generating gross proceeds of at least $60.0\u00a0mil""}]",proceeds_phrasing+round_dollar,high,0001685071,"Dova Pharmaceuticals, Inc."
55.0,"$55.0M (max single round, 1 rounds detected)",1,"[{""type"": ""round_financing"", ""round"": ""Series A"", ""amount_m"": 55.0, ""sentence"": ""As of December\u00a031, 2011, we had received $55 million\nin net proceeds from the issuance of our series\u00a0A preferred stock.""}, {""type"": ""round_financing"", ""round"": ""Series A"", ""amount_m"": 22.0, ""sentence"": ""In March 2012, we received additional proceeds of $22\u00a0million from the sale of\nadditional shares of series\u00a0A preferred stock.""}]",round_dollar,medium,0001544116,"Durata Therapeutics, Inc."
18.5,"$18.5M (max single round, 2 rounds detected)",2,"[{""type"": ""round_financing"", ""round"": ""Series C"", ""amount_m"": 9.8, ""sentence"": ""Net cash provided by financing activities in fiscal 2013 and 2012 was $9.8\u00a0million and $9.6\u00a0million resulting from the issuance of\nSeries\u00a0C Preferred Stock in fiscal 2013 and the issuance of convertib""}, {""type"": ""round_financing"", ""round"": ""Series B"", ""amount_m"": 18.5, ""sentence"": ""In February 2011 and July 2011, we issued an aggregate of 10,177,085 shares of our Series\u00a0B-1 preferred stock at a purchase price of $1.82 per\nshare for aggregate consideration of $18.5\u00a0million to 17 ""}, {""type"": ""round_financing"", ""round"": ""Series C"", ""amount_m"": 9.7, ""sentence"": ""In August 2012 and September 2012 we sold and issued convertible promissory notes to existing investors in an aggregate principal amount of\n$9.7\u00a0million and warrants to purchase shares of Series\u00a0C pre""}, {""type"": ""round_financing"", ""round"": ""Series B"", ""amount_m"": 12.3, ""sentence"": ""In February 2011, we issued an aggregate of 6,784,722 shares of our Series\u00a0B-1 preferred stock to 17 accredited investors at a price per share\nof $1.82, for aggregate consideration of $12.3\u00a0million, i""}, {""type"": ""round_financing"", ""round"": ""Series B"", ""amount_m"": 6.2, ""sentence"": ""In July 2011, we issued an aggregate of 3,392,363 shares of our Series\u00a0B-1\npreferred stock to 17 accredited investors at a price per share of $1.82, for aggregate consideration of approximately $6.2\u00a0m""}, {""type"": ""round_financing"", ""round"": ""Series C"", ""amount_m"": 10.0, ""sentence"": ""In\nApril 2013, we issued 5,494,506 shares of our series\u00a0C preferred stock to one accredited investor at a price per share of $1.82, for aggregate consideration of approximately\n$10.0\u00a0million, in relia""}]",round_dollar,medium,0000827871,"EAGLE PHARMACEUTICALS, INC."
,,0,[],none,none,0001372514,EYEGATE PHARMACEUTICALS INC
6.8,"$6.8M (max single round, 2 rounds detected)",2,"[{""type"": ""round_financing"", ""round"": ""Series A"", ""amount_m"": 4.1, ""sentence"": ""Cash provided by financing activities for the year ended December\u00a031, 2016 totaled approximately $4.1\u00a0million, which related to the sale of Series\u00a0A-2 convertible preferred stock.""}, {""type"": ""round_financing"", ""round"": ""Series A"", ""amount_m"": 5.0, ""sentence"": ""Cash provided by financing activities for the year ended December\u00a031, 2015 totaled approximately $5.0\u00a0million, which related to the sale of Series\u00a0A convertible preferred stock.""}, {""type"": ""round_financing"", ""round"": ""Series B"", ""amount_m"": 6.8, ""sentence"": ""Cash provided from financing activities for the nine\u00a0months ended September\u00a030, 2017 totaled approximately $6.8\u00a0million, which primarily related to advances related to the sale of Series\u00a0B convertible""}, {""type"": ""round_financing"", ""round"": ""Series A"", ""amount_m"": 4.1, ""sentence"": ""Cash provided from financing activities for the nine\u00a0months ended September\u00a030, 2016 totaled approximately $4.1\u00a0million, which related to the sale of Series\u00a0A-2 convertible preferred stock.""}]",round_dollar,medium,0001682639,"EYENOVIA, INC."
138.1,"$138.1M (max single round, 2 rounds detected)",2,"[{""type"": ""round_financing"", ""round"": ""Series B"", ""amount_m"": 138.1, ""sentence"": ""The increase of $138.1\u00a0million in cash provided by financing activities was primarily due to the issuance of\nSeries\u00a0A-2 and Series\u00a0B preferred stock, net of issuance costs, in 2015, resulting in an in""}, {""type"": ""round_financing"", ""round"": ""Series A"", ""amount_m"": 15.5, ""sentence"": ""The increase of $15.5\u00a0million in cash provided by financing activities was primarily due to the issuance of Series\u00a0A-1 preferred stock, net of issuance costs, resulting in\naggregate gross proceeds of ""}, {""type"": ""round_financing"", ""round"": ""Series A"", ""amount_m"": 21.3, ""sentence"": ""In closings that occurred in November 2013, May 2014, July 2014, October 2014, and November 2014, we issued and sold an aggregate of\n21,260,000 shares of our Series\u00a0A-1 preferred stock at a price per ""}, {""type"": ""round_financing"", ""round"": ""Series A"", ""amount_m"": 22.0, ""sentence"": ""In a closing that occurred in June 2015, we issued\nand sold an aggregate of 16,890,699 shares of our Series\u00a0A-2 preferred stock at a price per share of $1.3019, for an aggregate purchase price of $22.""}, {""type"": ""round_financing"", ""round"": ""Series B"", ""amount_m"": 120.0, ""sentence"": ""In August 2015, we issued and sold an aggregate of 26,666,660 shares of our Series\u00a0B preferred stock at a price per share of\n$4.50, for an aggregate purchase price of $120.0\u00a0million.""}, {""type"": ""round_financing"", ""round"": ""Series A"", ""amount_m"": 0.2, ""sentence"": ""Consideration for the granting of the license included the payment of an upfront license issuance fee of $0.2\u00a0million, the\nissuance of 1,459,988 shares of the Company's common stock, which was equal t""}, {""type"": ""round_financing"", ""round"": ""Series A"", ""amount_m"": 43.0, ""sentence"": ""In\nNovember 2013, the Company entered into a preferred stock purchase agreement (the \""Preferred Stock Agreement\"") in which it agreed to sell, and the purchasers agreed to purchase up to\n$43\u00a0million\nof""}, {""type"": ""round_financing"", ""round"": ""Series A"", ""amount_m"": 3.3, ""sentence"": ""Under the Preferred Stock Agreement, the Company initially\nissued 3,260,000 shares of Series\u00a0A-1 Preferred Stock in exchange for gross cash proceeds of $3.3\u00a0million in November 2013.""}, {""type"": ""round_financing"", ""round"": ""Series A"", ""amount_m"": 2.0, ""sentence"": ""The Company issued 2,000,000 shares of Series\u00a0A-1 Preferred Stock in exchange for cash proceeds of $2.0\u00a0million, issued 2,500,000 shares of Series\u00a0A-1 Preferred Stock in\nexchange for cash proceeds of ""}, {""type"": ""round_financing"", ""round"": ""Series A"", ""amount_m"": 13.0, ""sentence"": ""The final closing of the second tranche occurred in November 2014, when the Company issued 13,000,000 shares of Series\u00a0A-1 Preferred Stock in exchange for cash\nproceeds of $13.0\u00a0million.""}]",round_dollar,medium,0001650664,Editas Medicine Inc
,,0,[],none,none,0001586105,Egalet Corp
,,0,[],none,none,0001731831,"Eidos Therapeutics, Inc."
30.0,"$30.0M (max single round, 2 rounds detected)",2,"[{""type"": ""round_financing"", ""round"": ""Series B"", ""amount_m"": 9.0, ""sentence"": ""We believe that the net proceeds from this offering, together with our cash and cash equivalents as of September\u00a030, 2013 and the $9.0\u00a0million in cash proceeds from our series B preferred\nstock financ""}, {""type"": ""round_financing"", ""round"": ""Series B"", ""amount_m"": 9.0, ""sentence"": ""In December 2013, we received $9.0 million in cash proceeds from our series B preferred stock financing.""}, {""type"": ""round_financing"", ""round"": ""Series A"", ""amount_m"": 3.5, ""sentence"": ""In June 2013, we issued and sold 7% convertible promissory notes in the aggregate principal amount of $3.5\u00a0million and accompanying\nwarrants to purchase shares of our common stock to four of the holde""}, {""type"": ""round_financing"", ""round"": ""Series B"", ""amount_m"": 12.6, ""sentence"": ""In December 2013, we issued and sold an aggregate of 7,203,845 shares of our series B preferred stock and accompanying warrants to\npurchase shares of our common stock to four of the holders of our ser""}, {""type"": ""round_financing"", ""round"": ""Series A"", ""amount_m"": 10.4, ""sentence"": ""Net cash provided by financing activities for the year ended December\u00a031,\n2011 was $10.4 million and consisted primarily of proceeds of $11.0 million from the issuance of series A preferred stock offs""}, {""type"": ""round_financing"", ""round"": ""Series A"", ""amount_m"": 26.4, ""sentence"": ""Net cash provided by financing activities for the\nyear ended December\u00a031, 2012 was $26.4 million and consisted primarily of proceeds of $25.4 million from the issuance of series A preferred stock and ""}, {""type"": ""round_financing"", ""round"": ""Series A"", ""amount_m"": 26.4, ""sentence"": ""Net cash provided by financing activities for the nine months ended September\u00a030, 2012 was $26.4\u00a0million and consisted primarily\nof proceeds of $25.4\u00a0million from the issuance of series A preferred st""}, {""type"": ""round_financing"", ""round"": ""Series B"", ""amount_m"": 9.0, ""sentence"": ""We believe that\nthe net proceeds from this offering, together with our cash and cash equivalents as of September\u00a030, 2013 and the $9.0\u00a0million in cash proceeds from our series B preferred stock financ""}, {""type"": ""round_financing"", ""round"": ""Series A"", ""amount_m"": 4.5, ""sentence"": ""The following\ntable sets forth the principal amount of January 2010 convertible notes we issued and sold to our 5% stockholders and their affiliates in this transaction: Series A Preferred Stock Finan""}, {""type"": ""round_financing"", ""round"": ""Series A"", ""amount_m"": 4.3, ""sentence"": ""We issued and sold an additional 4,250,000 shares of our series A preferred stock at a price per share of $1.00 for an aggregate purchase price of $4.3 million in cash to two of our 5%\nstockholders an""}]",round_dollar,medium,0001485003,"Eleven Biotherapeutics, Inc."
,,0,[],none,none,0001177648,Enanta Pharmaceuticals Inc
,,0,[],none,none,0001724344,Entasis Therapeutics Holdings Inc.
,,0,[],none,none,0001638097,Entera Bio Ltd
,,0,[],none,none,0001561551,"Enumeral Biomedical Holdings, Inc."
25.0,"$25.0M (max single round, 2 rounds detected)",2,"[{""type"": ""round_financing"", ""round"": ""Series B"", ""amount_m"": 19.0, ""sentence"": ""In September 2011, we sold 18.1\u00a0million shares of series B preferred stock to our existing investors for net proceeds of $19.0 million.""}, {""type"": ""round_financing"", ""round"": ""Series C"", ""amount_m"": 25.0, ""sentence"": ""In April 2012, we sold 9.8\u00a0million shares of\nseries C preferred stock to an affiliate of Celgene for proceeds of $25.0 million, of which $3.0 million was considered to be a premium and was allocated t""}, {""type"": ""round_financing"", ""round"": ""Series B"", ""amount_m"": 19.0, ""sentence"": ""Series B Preferred Stock Financing In September 2011, we issued and sold an aggregate of 18,095,241 shares our series B preferred stock at a price per share of $1.05 for an\naggregate purchase price of""}, {""type"": ""round_financing"", ""round"": ""Series C"", ""amount_m"": 25.0, ""sentence"": ""The following table sets forth the number of shares of our series B preferred stock that we issued to our 5% stockholders and their affiliates in this transaction: Series C Preferred Stock Financing I""}, {""type"": ""round_financing"", ""round"": ""Series C"", ""amount_m"": 25.0, ""sentence"": ""In April 2012, in\nconnection with the execution of a collaboration agreement with Celgene Corporation and Celgene International S\u00e0rl, collectively referred to as Celgene, the Company issued and sold 9""}, {""type"": ""round_financing"", ""round"": ""Series B"", ""amount_m"": 19.0, ""sentence"": ""In September 2011, we issued and sold an aggregate of 18,095,241 shares our series B preferred stock at a price per share of $1.05 for an\naggregate purchase price of $19.0 million.""}, {""type"": ""round_financing"", ""round"": ""Series C"", ""amount_m"": 25.0, ""sentence"": ""In April 2012, in connection with our collaboration and\nlicense agreement with Celgene, we issued and sold an aggregate of 9,803,922 shares of our series C preferred stock at a purchase price per shar""}]",round_dollar,medium,0001571498,"Epizyme, Inc."
,,0,[],none,none,0001746466,Equillium
17.0,"$17.0M (max single round, 1 rounds detected)",1,"[{""type"": ""round_financing"", ""round"": ""Series A"", ""amount_m"": 17.0, ""sentence"": ""Pro forma net tangible book value per\nshare represents the amount of our total tangible assets less our total liabilities, divided by the number of shares of our common stock outstanding, as of March\u00a0""}, {""type"": ""round_financing"", ""round"": ""Series A"", ""amount_m"": 17.0, ""sentence"": ""On April\u00a019, 2013, we issued an aggregate of 17,000,000 shares of Series\u00a0A preferred\nstock to funds affiliated with Longitude Capital and certain existing investors, for gross proceeds of $17.0\u00a0millio""}, {""type"": ""round_financing"", ""round"": ""Series A"", ""amount_m"": 6.7, ""sentence"": ""Net cash provided by\nfinancing activities in the year ended December\u00a031, 2011 consisted primarily of $6.7\u00a0million in proceeds received from the sale and issuance of 6,700,000 shares of our Series\u00a0A\npr""}, {""type"": ""round_financing"", ""round"": ""Series A"", ""amount_m"": 17.0, ""sentence"": ""On\nApril\u00a019, 2013, we issued and sold an aggregate of 17,000,000 shares of our Series\u00a0A preferred stock at a price of $1.00 per share for gross proceeds of\n$17.0\u00a0million to Dr.""}, {""type"": ""round_financing"", ""round"": ""Series A"", ""amount_m"": 17.0, ""sentence"": ""Newton and affiliated funds of Longitude Capital, Alta Partners, Aisling Capital, Domain Partners, Asset\nManagement Company and Arboretum Ventures, pursuant to which we issued an aggregate of 17,000,0""}, {""type"": ""round_financing"", ""round"": ""Series A"", ""amount_m"": 17.0, ""sentence"": ""On\nApril\u00a019, 2013, the Company issued an aggregate of 17,000,000 shares of Series\u00a0A preferred stock to funds affiliated with\nLongitude Capital and certain existing investors, for an aggregate purchase""}, {""type"": ""round_financing"", ""round"": ""Series A"", ""amount_m"": 17.0, ""sentence"": ""On\nApril\u00a019, 2013, the Company issued and sold an aggregate of 17,000,000 shares of Series\u00a0A preferred stock at a price of $1.00 per share for gross proceeds of\n$17.0\u00a0million to funds affiliated with ""}]",round_dollar,medium,0001434868,Esperion Therapeutics Inc
81.5,"$81.5M (max single round, 3 rounds detected)",3,"[{""type"": ""round_financing"", ""round"": ""Series C"", ""amount_m"": 81.5, ""sentence"": ""Pro forma net tangible book value represents the amount of our total tangible assets less total liabilities, after giving effect to (1)\u00a0the sale by us of 25,232,199 shares\nof Series C preferred stock ""}, {""type"": ""round_financing"", ""round"": ""Series C"", ""amount_m"": 47.5, ""sentence"": ""In February 2018, we raised approximately\n$47.5\u00a0million from the sale of our Series C preferred stock and drew the remaining $5.0\u00a0million of available under our loan and security agreement.""}, {""type"": ""round_financing"", ""round"": ""Series C"", ""amount_m"": 34.0, ""sentence"": ""In March 2018, we raised approximately $34.0 million from additional sales of our Series C\npreferred stock.""}, {""type"": ""round_financing"", ""round"": ""Series C"", ""amount_m"": 47.5, ""sentence"": ""In February 2018, we raised approximately\n$47.5\u00a0million from the sale of our Series C preferred stock, and drew the remaining $5.0\u00a0million of available under our loan and security agreement.""}, {""type"": ""round_financing"", ""round"": ""Series C"", ""amount_m"": 81.5, ""sentence"": ""From February 2018 to March 2018 we received proceeds of $81.5 million from the sales of our Series C Preferred Stock.""}, {""type"": ""round_financing"", ""round"": ""Series B"", ""amount_m"": 49.0, ""sentence"": ""73 Table of Contents Financing Activities Net cash provided by financing activities for the year ended December\u00a031, 2017 was $49.0\u00a0million, primarily consisting of net\nproceeds of $48.9\u00a0million from t""}, {""type"": ""round_financing"", ""round"": ""Series A"", ""amount_m"": 15.7, ""sentence"": ""Net cash provided by financing activities for the year\nended December\u00a031, 2016, was $15.7\u00a0million, primarily consisted of net proceeds of $7.5\u00a0million from the issuance of Series A Preferred Stock and""}, {""type"": ""round_financing"", ""round"": ""Series B"", ""amount_m"": 15.7, ""sentence"": ""Net cash provided by financing activities for the year\nended December\u00a031, 2016, was $15.7\u00a0million, primarily consisted of net proceeds of $7.5\u00a0million from the issuance of Series A Preferred Stock and""}, {""type"": ""round_financing"", ""round"": ""Series A"", ""amount_m"": 8.0, ""sentence"": ""From June\u00a029, 2015 to January\u00a029, 2016, we\nissued and sold to investors in private placements an aggregate of 13,370,279 shares of our Series A preferred stock at a purchase price of $0.60 per share, ""}, {""type"": ""round_financing"", ""round"": ""Series A"", ""amount_m"": 6.1, ""sentence"": ""On June\u00a016, 2016, we issued and sold to investors in\na private placement an aggregate of 10,102,055 shares of our Series A-1 preferred stock at a purchase price of $0.60 per share, for aggregate consi""}]",round_dollar,medium,0001694665,"Evelo Biosciences, Inc."
13.6,$13.6M (from proceeds phrasing),3,"[{""type"": ""aggregate_proceeds"", ""amount_m"": 13.6, ""sentence"": ""In the nine months ended September\u00a030, 2014, we raised net proceeds of approximately $13.6\u00a0million through the sale of shares of our Series C and D convertible preferred stock.""}, {""type"": ""round_financing"", ""round"": ""Series C"", ""amount_m"": 6.4, ""sentence"": ""The cash\nprovided in the nine months ended September\u00a030, 2013 consisted of approximately $6.4\u00a0million of net proceeds from the sale of shares of Series C convertible preferred stock, offset by approxi""}, {""type"": ""round_financing"", ""round"": ""Series C"", ""amount_m"": 8.0, ""sentence"": ""The cash provided in the nine months ended September\u00a030, 2014 was comprised of approximately $8.0 million of net proceeds from the sale of shares of Series C convertible preferred stock, approximately""}, {""type"": ""round_financing"", ""round"": ""Series D"", ""amount_m"": 8.0, ""sentence"": ""The cash provided in the nine months ended September\u00a030, 2014 was comprised of approximately $8.0 million of net proceeds from the sale of shares of Series C convertible preferred stock, approximately""}, {""type"": ""round_financing"", ""round"": ""Series C"", ""amount_m"": 10.2, ""sentence"": ""Financing activities in the year ended December\u00a031, 2012 consisted primarily of the sale of 14,689,923 shares of Series C convertible preferred stock for proceeds of approximately $10.2\u00a0million, as we""}, {""type"": ""round_financing"", ""round"": ""Series C"", ""amount_m"": 6.5, ""sentence"": ""Financing activities in the year ended December\u00a031, 2013 consisted of proceeds of $6.5 million from the sale of 4,918,272 shares of Series C convertible preferred stock, offset by payments on debt of\n""}, {""type"": ""round_financing"", ""round"": ""Series B"", ""amount_m"": 4.0, ""sentence"": ""In March 2011, we entered into a Subordinated Secured Convertible Note and Warrant Purchase Agreement, or the\nFirst Note Purchase Agreement, pursuant to which we issued convertible notes with an aggre""}, {""type"": ""round_financing"", ""round"": ""Series C"", ""amount_m"": 4.0, ""sentence"": ""In September 2011, we entered into another Subordinated Secured Convertible Note and Warrant Purchase Agreement, or the Second Note\nPurchase Agreement, pursuant to which we issued convertible notes wi""}, {""type"": ""round_financing"", ""round"": ""Series C"", ""amount_m"": 6.6, ""sentence"": ""In December 2011, we entered into another Subordinated Secured Convertible Note and Warrant Purchase Agreement, or the Third Note\nPurchase Agreement, pursuant to which we issued convertible notes with""}, {""type"": ""round_financing"", ""round"": ""Series C"", ""amount_m"": 2.5, ""sentence"": ""In July 2012, we entered into an additional Subordinated Secured Convertible Note and Warrant Purchase Agreement, or the Fourth Note\nPurchase Agreement, pursuant to which we issued convertible notes w""}]",proceeds_phrasing+round_dollar,high,0001618835,"Evofem Biosciences, Inc."
18.3,"$18.3M (max single round, 1 rounds detected)",1,"[{""type"": ""round_financing"", ""round"": ""Series A"", ""amount_m"": 17.7, ""sentence"": ""Through March 31, 2013, we have received $17.7\u00a0million in net proceeds from the sale of our Series\u00a0A convertible preferred stock and net\nproceeds of $3.0 million under our current loan and security ag""}, {""type"": ""round_financing"", ""round"": ""Series A"", ""amount_m"": 18.3, ""sentence"": ""Preferred Stock Financings From June 2007 through June 2010, we issued and sold to investors an aggregate of 12,195,068 shares of our Series A\nconvertible preferred stock at a purchase price of $1.50 ""}, {""type"": ""round_financing"", ""round"": ""Series A"", ""amount_m"": 18.3, ""sentence"": ""From June 2007 through June 2010, we issued and sold to investors an aggregate of 12,195,068 shares of our Series A\nconvertible preferred stock at a purchase price of $1.50 per share, for aggregate co""}]",round_dollar,medium,0001403708,Evoke Pharma Inc
15.0,"$15.0M (max single round, 1 rounds detected)",1,"[{""type"": ""round_financing"", ""round"": ""Series A"", ""amount_m"": 15.0, ""sentence"": ""Conversion of all shares of \nconvertible Series A preferred stock\n is automatic upon (i) the closing of a public offering of common stock with gross cash proceeds of at least $15.0 million; or (ii) af""}]",round_dollar,medium,0001570562,Evolus Inc
,,0,[],none,none,0000921299,FIBROGEN INC
35.0,"$35.0M (max single round, 1 rounds detected)",1,"[{""type"": ""round_financing"", ""round"": ""Series A"", ""amount_m"": 7.5, ""sentence"": ""In July 2010, we sold 4.1\u00a0million shares of Series A-2 convertible preferred stock to GSK US for proceeds of $7.5 million,\nof which $3.0 million was considered to be an implied premium and was allocat""}, {""type"": ""round_financing"", ""round"": ""Series A"", ""amount_m"": 35.0, ""sentence"": ""In connection with the agreement, Pfizer purchased 18,918,918 shares of our Series\u00a0A-2 convertible preferred stock at a price\nof $1.85 per share, resulting in net cash proceeds to us of $35.0\u00a0million.""}, {""type"": ""round_financing"", ""round"": ""Series A"", ""amount_m"": 7.5, ""sentence"": ""In\nconnection with the agreement, GSK US purchased 4,054,054 shares of our Series\u00a0A-2 convertible preferred stock at a price of $1.85 per share, resulting in net cash proceeds to us of $7.5\u00a0million.""}, {""type"": ""round_financing"", ""round"": ""Series A"", ""amount_m"": 7.5, ""sentence"": ""(1) On\nAugust\u00a03, 2010, we issued and sold to an accredited investor an aggregate of 4,054,054 shares of our Series A-2 convertible preferred stock in exchange for cash at a price per share of $1.85 fo""}]",round_dollar,medium,0001175505,FIVE PRIME THERAPEUTICS INC
24.1,"$24.1M (max single round, 2 rounds detected)",2,"[{""type"": ""round_financing"", ""round"": ""Series C"", ""amount_m"": 0.3, ""sentence"": ""The increase was primarily due to a $0.3 million loss on extinguishment of debt recognized in\n2012 relating to a transaction with a strategic investor pursuant to our Series C preferred stock financin""}, {""type"": ""round_financing"", ""round"": ""Series B"", ""amount_m"": 0.3, ""sentence"": ""The increase was primarily due to a $0.3 million loss on extinguishment of debt recognized in\n2012 relating to a transaction with a strategic investor pursuant to our Series C preferred stock financin""}, {""type"": ""round_financing"", ""round"": ""Series C"", ""amount_m"": 0.2, ""sentence"": ""During the six months ended June\u00a030, 2012, we received $0.2 million of proceeds from the issuance of restricted stock awards and the exercise of common stock options and received $6.1 million in net p""}, {""type"": ""round_financing"", ""round"": ""Series B"", ""amount_m"": 3.0, ""sentence"": ""The Company drew the full $3.0 million available under the loan and security agreement in 2009 and issued a fully exercisable warrant for 30,000 shares of the\nCompany\u2019s Series B convertible preferred ""}, {""type"": ""round_financing"", ""round"": ""Series B"", ""amount_m"": 0.2, ""sentence"": ""In August 2011,\nthe Company issued the lender a warrant that provided $0.2 million of warrant coverage for either (i)\u00a0100,000 shares of Series B convertible preferred stock at an exercise price of $2.""}, {""type"": ""round_financing"", ""round"": ""Series C"", ""amount_m"": 0.3, ""sentence"": ""In connection with the issuance of the convertible notes, the Company recorded a debt\ndiscount of $0.3 million related to a beneficial conversion feature that was recorded as a result of the gross fai""}, {""type"": ""round_financing"", ""round"": ""Series B"", ""amount_m"": 24.1, ""sentence"": ""(A Development Stage Company) Notes to Financial Statements \u2013 (Continued) (Information as of\nJune\u00a030, 2013 and thereafter and for the six months ended June\u00a030, 2012 and 2013 and the period from April ""}, {""type"": ""round_financing"", ""round"": ""Series B"", ""amount_m"": 3.5, ""sentence"": ""In March 2011,\nwe issued 1,500,000 shares of our Series B convertible preferred stock for aggregate consideration of $3.5 million and a convertible promissory note in the principal amount of $1.0 mill""}, {""type"": ""round_financing"", ""round"": ""Series C"", ""amount_m"": 6.1, ""sentence"": ""II-2 Table of Contents In May 2012, we issued an aggregate of 6,120,369 shares of our Series C convertible\npreferred stock to eight investors for aggregate consideration of approximately $6.1 million.""}, {""type"": ""round_financing"", ""round"": ""Series C"", ""amount_m"": 3.1, ""sentence"": ""In July 2012, we issued an aggregate of 3,124,310 shares of our Series C\nconvertible preferred stock to nine investors for aggregate consideration of approximately $3.1 million.""}]",round_dollar,medium,0001434316,Fate Therapeutics
82.0,$82.0M (from proceeds phrasing),2,"[{""type"": ""aggregate_proceeds"", ""amount_m"": 41.0, ""sentence"": ""Since inception, we have raised net\nproceeds of approximately $41.0\u00a0million through private placements of our convertible preferred stock to finance our operations.""}, {""type"": ""aggregate_proceeds"", ""amount_m"": 41.0, ""sentence"": ""Since our inception, we have raised net proceeds of approximately $41.0\u00a0million through private placements of convertible preferred stock.""}, {""type"": ""round_financing"", ""round"": ""Series B"", ""amount_m"": 41.0, ""sentence"": ""Since inception, we have financed our operations through a series of private placements of our series\u00a0A and series\u00a0B convertible\npreferred stock with several investors, including Bessemer Venture Part""}, {""type"": ""round_financing"", ""round"": ""Series A"", ""amount_m"": 15.6, ""sentence"": ""From\nMarch 2014 through May 2014, we issued an aggregate of 15,775,221 shares of series\u00a0A convertible preferred stock at $1.00 per share and received aggregate proceeds of $15.6\u00a0million,\nnet of issuan""}, {""type"": ""round_financing"", ""round"": ""Series B"", ""amount_m"": 23.9, ""sentence"": ""From\nJuly 2014 through September 2014, we issued an aggregate of 13,248,864 shares of series\u00a0B convertible preferred stock at $1.81 per share and received aggregate proceeds of\n$23.9\u00a0million, net of i""}, {""type"": ""round_financing"", ""round"": ""Series B"", ""amount_m"": 1.5, ""sentence"": ""In October 2014, we issued an additional 829,783 shares of series\u00a0B convertible preferred stock at $1.81 per share for aggregate proceeds of\n$1.5\u00a0million.""}, {""type"": ""round_financing"", ""round"": ""Series A"", ""amount_m"": 15.6, ""sentence"": ""The increase in cash provided by financing activities was the result of $15.6\u00a0million in aggregate net proceeds received from the issuance of series\u00a0A convertible preferred stock\nfrom March 2014 throu""}, {""type"": ""round_financing"", ""round"": ""Series B"", ""amount_m"": 15.6, ""sentence"": ""The increase in cash provided by financing activities was the result of $15.6\u00a0million in aggregate net proceeds received from the issuance of series\u00a0A convertible preferred stock\nfrom March 2014 throu""}, {""type"": ""round_financing"", ""round"": ""Series A"", ""amount_m"": 10.0, ""sentence"": ""In March 2014, we entered into a Series\u00a0A Preferred Stock Purchase Agreement, or the March Purchase Agreement, pursuant to which we issued and\nsold to investors an aggregate of 10,000,000 shares of ou""}, {""type"": ""round_financing"", ""round"": ""Series A"", ""amount_m"": 5.8, ""sentence"": ""In\nApril and May 2014, at additional closings pursuant to the March Purchase Agreement, we issued and sold to investors an aggregate of 5,775,221 additional shares of our series\u00a0A convertible\npreferre""}]",proceeds_phrasing+round_dollar,high,0001615219,"Flex Pharma, Inc."
20.0,"$20.0M (max single round, 2 rounds detected)",2,"[{""type"": ""round_financing"", ""round"": ""Series B"", ""amount_m"": 20.0, ""sentence"": ""Lastly, we raised additional capital of $20.0 million through our Series B convertible preferred stock offering in December 2012.""}, {""type"": ""round_financing"", ""round"": ""Series A"", ""amount_m"": 13.1, ""sentence"": ""Net cash provided by financing activities in the year ended December\u00a031, 2012 primarily consisted of $13.1 million received from the sale of Series A preferred stock net of issuance costs and $19.9 mi""}, {""type"": ""round_financing"", ""round"": ""Series B"", ""amount_m"": 13.1, ""sentence"": ""Net cash provided by financing activities in the year ended December\u00a031, 2012 primarily consisted of $13.1 million received from the sale of Series A preferred stock net of issuance costs and $19.9 mi""}, {""type"": ""round_financing"", ""round"": ""Series A"", ""amount_m"": 13.0, ""sentence"": ""Net cash provided by financing activities in the year ended December\u00a031, 2011 primarily consisted of $13.0 million from the sale of Series A preferred stock, net of issuance costs.""}, {""type"": ""round_financing"", ""round"": ""Series A"", ""amount_m"": 13.1, ""sentence"": ""Net cash provided by financing activities in the nine months ended September 30, 2012\nconsisted of $13.1 million from the sale of Series A preferred stock, net of issuance costs.""}, {""type"": ""round_financing"", ""round"": ""Series A"", ""amount_m"": 13.0, ""sentence"": ""March 2011 and February 2012 Additional Closings of\nSeries A Preferred Stock Financing In\nMarch 2011, we issued and sold to investors an aggregate of 13,000,000 shares of our Series A convertible pref""}, {""type"": ""round_financing"", ""round"": ""Series A"", ""amount_m"": 13.1, ""sentence"": ""In February 2012, at an additional closing pursuant to the 2009 Purchase\nAgreement, we issued and sold to investors an aggregate of 13,093,464 additional shares of our Series A convertible preferred s""}, {""type"": ""round_financing"", ""round"": ""Series B"", ""amount_m"": 20.0, ""sentence"": ""In December 2012, we entered into a Series B Preferred Stock Purchase Agreement, or the Series B Purchase Agreement, pursuant to which we\nissued and sold to investors an aggregate of 17,736,786 shares""}, {""type"": ""round_financing"", ""round"": ""Series A"", ""amount_m"": 13.0, ""sentence"": ""In\nMarch 2011, we issued and sold to investors an aggregate of 13,000,000 shares of our Series A convertible preferred stock at a purchase price of $1.00 per share, for aggregate consideration of $13.""}]",round_dollar,medium,0001419600,Flexion Therapeutics Inc
75.0,"$75.0M (max single round, 2 rounds detected)",2,"[{""type"": ""round_financing"", ""round"": ""Series B"", ""amount_m"": 0.3, ""sentence"": ""The\nincrease was primarily due to $0.3\u00a0million in interest income from the investment of the net proceeds from the issuance of our Series\u00a0A-2 and Series\u00a0B preferred stock financings completed during\n2""}, {""type"": ""round_financing"", ""round"": ""Series A"", ""amount_m"": 34.4, ""sentence"": ""Preferred Stock Financings In November 2015 and from February 2016 through April 2016, we issued and sold an aggregate of 34,400,000 shares of Series A-1 preferred stock at a purchase price of $1.00 p""}, {""type"": ""round_financing"", ""round"": ""Series A"", ""amount_m"": 40.4, ""sentence"": ""In February 2017 and March 2017, we issued and sold an aggregate of 32,454,663 shares of our Series A-2 preferred stock at a purchase price of $1.2448132 per share for an aggregate purchase price of a""}, {""type"": ""round_financing"", ""round"": ""Series B"", ""amount_m"": 75.0, ""sentence"": ""In October 2017, we issued and sold an aggregate of 58,818,912 shares of our Series B preferred stock at a purchase price of\n$1.2751 per share for an aggregate purchase price of approximately $75.0\u00a0mi""}, {""type"": ""round_financing"", ""round"": ""Series B"", ""amount_m"": 50.0, ""sentence"": ""Each share of Series B convertible preferred stock automatically converts into the number of shares of common stock determined in accordance with the\nconversion rate upon the earlier of (a)\u00a0written co""}, {""type"": ""round_financing"", ""round"": ""Series A"", ""amount_m"": 34.4, ""sentence"": ""In November 2015 and from February 2016 through April 2016, we issued and sold an aggregate of 34,400,000 shares of Series A-1 preferred stock at a purchase price of $1.00 per share for an aggregate p""}]",round_dollar,medium,0001667633,"Forty Seven, Inc."
372.0,$372.0M (from proceeds phrasing),3,"[{""type"": ""aggregate_proceeds"", ""amount_m"": 62.0, ""sentence"": ""In July 2019, we issued and sold to investors in a private placement 39,492,960 shares of our Series C convertible preferred stock for aggregate gross proceeds of approximately $62.0\u00a0million, which wa""}, {""type"": ""aggregate_proceeds"", ""amount_m"": 62.0, ""sentence"": ""Pro forma net tangible book value per share represents our total tangible assets less our total liabilities, divided by the number of shares of common stock\noutstanding as of June\u00a030, 2019, after givi""}, {""type"": ""aggregate_proceeds"", ""amount_m"": 62.0, ""sentence"": ""In July 2019, we closed our Series C convertible preferred stock financing in which we issued and sold 39,492,960 shares of our Series C convertible\npreferred stock for aggregate gross proceeds of app""}, {""type"": ""aggregate_proceeds"", ""amount_m"": 62.0, ""sentence"": ""In\nJuly 2019, we closed our Series\u00a0C convertible preferred stock financing, in which we issued 39,492,960 shares of our Series\u00a0C convertible preferred stock, for aggregate gross proceeds of approximat""}, {""type"": ""aggregate_proceeds"", ""amount_m"": 62.0, ""sentence"": ""Series C preferred stock In July 2019, we completed the sale of an aggregate of 39,492,960\u00a0shares of our\nSeries C convertible preferred stock at a purchase price of $1.569884 per share for an aggregat""}, {""type"": ""aggregate_proceeds"", ""amount_m"": 62.0, ""sentence"": ""In July 2019, we completed the sale of an aggregate of 39,492,960\u00a0shares of our\nSeries C convertible preferred stock at a purchase price of $1.569884 per share for an aggregate gross proceeds of appro""}, {""type"": ""round_financing"", ""round"": ""Series C"", ""amount_m"": 228.0, ""sentence"": ""To do so, we are implementing the following strategies: Sources of capital To\ndate, we have raised approximately $228.0\u00a0million in capital primarily through a combination of convertible preferred stoc""}, {""type"": ""round_financing"", ""round"": ""Series C"", ""amount_m"": 228.0, ""sentence"": ""To date, we have raised approximately $228.0\u00a0million through a combination of convertible notes, convertible preferred stock financings (including our\nSeries C convertible preferred stock), the upfron""}, {""type"": ""round_financing"", ""round"": ""Series C"", ""amount_m"": 228.0, ""sentence"": ""To date, we have raised approximately $228.0\u00a0million through a combination of convertible notes, convertible preferred stock financings (including our\nSeries\u00a0C convertible preferred stock), the upfron""}, {""type"": ""round_financing"", ""round"": ""Series B"", ""amount_m"": 0.4, ""sentence"": ""Financing activities Net cash provided\nby financing activities for the six months ended June\u00a030, 2019 was $0.4\u00a0million, consisting of proceeds from the issuance of our Series B convertible preferred s""}]",proceeds_phrasing+round_dollar,high,0001703647,"Frequency Therapeutics, Inc."
105.1,"$105.1M (max single round, 2 rounds detected)",2,"[{""type"": ""round_financing"", ""round"": ""Series A"", ""amount_m"": 12.7, ""sentence"": ""The cash provided by financing activities during the three months ended March\u00a031,\n2018 was primarily the result of $12.7\u00a0million of net proceeds received from private placements of our Series\u00a0A prefer""}, {""type"": ""round_financing"", ""round"": ""Series B"", ""amount_m"": 105.1, ""sentence"": ""The cash provided by financing activities during the year ended December\u00a031, 2018 was primarily the result of $105.1\u00a0million of net proceeds received from\nprivate placements of our Series\u00a0A and Series""}, {""type"": ""round_financing"", ""round"": ""Series A"", ""amount_m"": 17.6, ""sentence"": ""The cash provided by financing activities for the year ended December\u00a031, 2017 was primarily the result of\n$17.6\u00a0million of net proceeds received from private placements of our Series\u00a0A preferred stoc""}, {""type"": ""round_financing"", ""round"": ""Series A"", ""amount_m"": 12.7, ""sentence"": ""During\nthe year ended December\u00a031, 2017, the Company sold 12,666,666 shares of Series\u00a0A Preferred Stock under the 2016 Stock Purchase Agreement for aggregate proceeds of\napproximately $12.7\u00a0million.""}, {""type"": ""round_financing"", ""round"": ""Series A"", ""amount_m"": 25.3, ""sentence"": ""During the year ended December\u00a031, 2018, the Company sold the remaining 25,333,334 shares of Series\u00a0A Preferred Stock under the 2016 Stock Purchase\nAgreement for aggregate proceeds of approximately $2""}, {""type"": ""round_financing"", ""round"": ""Series A"", ""amount_m"": 5.0, ""sentence"": ""In\nApril 2017, the Company increased the number of shares of Series\u00a0A Preferred Stock authorized for issuance to 60,000,000 shares and entered into an additional Series\u00a0A\nPreferred Stock purchase agre""}, {""type"": ""round_financing"", ""round"": ""Series B"", ""amount_m"": 25.5, ""sentence"": ""Under\nthe GSK Agreement, the Company issued 12,500,000\u00a0million shares of Series\u00a0B Preferred Stock to GSK with an estimated fair value of $25.5\u00a0million, or $2.04 per\nshare, which was determined with th""}]",round_dollar,medium,0001680581,Fulcrum Therapeutics Inc
50.0,"$50.0M (max single round, 3 rounds detected)",3,"[{""type"": ""round_financing"", ""round"": ""Series A"", ""amount_m"": 6.3, ""sentence"": ""In October 2013, we issued 7,509,696 shares of our Series A Preferred Stock for total proceeds of $6.3\u00a0million, including cash proceeds of $5.0\u00a0million and cancellation of approximately\n$1.3\u00a0million i""}, {""type"": ""round_financing"", ""round"": ""Series A"", ""amount_m"": 6.3, ""sentence"": ""In May 2014, we issued an additional 7,486,996 shares of our Series A Preferred Stock for total gross proceeds of $6.3\u00a0million.""}, {""type"": ""round_financing"", ""round"": ""Series B"", ""amount_m"": 16.5, ""sentence"": ""In February 2015, we issued 11,382,087 shares of our Series B Preferred Stock for total\nproceeds of $16.5\u00a0million, including cash proceeds of $16.5\u00a0million and cancellation of approximately $12,000 in""}, {""type"": ""round_financing"", ""round"": ""Series B"", ""amount_m"": 16.7, ""sentence"": ""In December 2015, we issued an additional 11,546,147 shares of our Series B Preferred Stock for total gross proceeds of\n$16.7\u00a0million.""}, {""type"": ""round_financing"", ""round"": ""Series C"", ""amount_m"": 50.0, ""sentence"": ""In the second quarter of 2016, we issued 16,828,217 shares of our Series C Preferred Stock for total gross proceeds of $50.0\u00a0million.""}, {""type"": ""round_financing"", ""round"": ""Series B"", ""amount_m"": 33.3, ""sentence"": ""For the year ended December\u00a031, 75 Table of Contents 2015, we issued shares of our Series B Preferred Stock which resulted in $33.3\u00a0million in gross proceeds which was offset in part by financing cost""}, {""type"": ""round_financing"", ""round"": ""Series C"", ""amount_m"": 50.0, ""sentence"": ""During the year\nended December\u00a031, 2016, we issued shares of our Series C Preferred Stock which resulted in $50.0\u00a0million in gross proceeds which was offset in part by financing costs of $0.2\u00a0million.""}, {""type"": ""round_financing"", ""round"": ""Series A"", ""amount_m"": 12.6, ""sentence"": ""Equity\nfinancings Series A financing In October 2013 and May 2014,\nwe issued an aggregate of 14,996,692 Series A Preferred Stock at a purchase price of $0.84 per share for aggregate consideration of $""}, {""type"": ""round_financing"", ""round"": ""Series B"", ""amount_m"": 33.3, ""sentence"": ""The table below sets forth the aggregate number and purchase price of shares of Series A Preferred Stock issued to our directors, executive officers\nor holders of more than 5% of our capital stock, or""}, {""type"": ""round_financing"", ""round"": ""Series C"", ""amount_m"": 50.0, ""sentence"": ""The table below sets forth the aggregate number of shares of Series B Preferred Stock issued to\nour directors, executive officers or holders of more than 5% of our capital stock, or an affiliate or im""}]",round_dollar,medium,0001560241,"G1 Therapeutics, Inc."
30.5,"$30.5M (max single round, 3 rounds detected)",3,"[{""type"": ""round_financing"", ""round"": ""Series C"", ""amount_m"": 15.1, ""sentence"": ""Net cash provided by financing activities for the year ended\nDecember\u00a031, 2012 consisted primarily of $15.1\u00a0million in net proceeds from the issuance of Series\u00a0C preferred stock and $5.0\u00a0million in bo""}, {""type"": ""round_financing"", ""round"": ""Series C"", ""amount_m"": 4.2, ""sentence"": ""Cash provided by financing activities for the nine months ended September\u00a030, 2012 primarily related to $15.1 in net proceeds from the issuance of Series\u00a0C\npreferred stock and $4.2\u00a0million in net debt""}, {""type"": ""round_financing"", ""round"": ""Series C"", ""amount_m"": 15.3, ""sentence"": ""Cash provided for the nine months ended September\u00a030, 2013 primarily related to $15.3\u00a0million in net proceeds from the\nissuance of Series\u00a0C preferred stock and $0.8\u00a0million of net debt payments.""}, {""type"": ""round_financing"", ""round"": ""Series B"", ""amount_m"": 20.1, ""sentence"": ""On December\u00a017, 2010, we issued and sold an aggregate of 34,581,278 shares of our Series\u00a0B preferred stock at a price at\na purchase price of $0.58 per share for an aggregate purchase price of $20.1\u00a0mi""}, {""type"": ""round_financing"", ""round"": ""Series C"", ""amount_m"": 30.5, ""sentence"": ""In September 2012 and June 2013, we issued and sold an aggregate of 52,586,206 shares of our Series\u00a0C preferred stock at a\npurchase price of $0.58 per share for an aggregate purchase price of $30.5\u00a0mi""}, {""type"": ""round_financing"", ""round"": ""Series A"", ""amount_m"": 0.2, ""sentence"": ""In February 2009, the entire outstanding balance, plus $0.2 million of accrued\ninterest, automatically converted into 6,494,438 shares of Series\u00a0A Preferred Stock upon the issuance of the Series\u00a0A Pre""}, {""type"": ""round_financing"", ""round"": ""Series A"", ""amount_m"": 0.25, ""sentence"": ""In\nNovember 2008, the Company entered into a Loan and Security Agreement with a financial institution, which provided for up to $250\u00a0thousand in debt financing prior to a\nSeries\u00a0A Preferred Stock fina""}, {""type"": ""round_financing"", ""round"": ""Series A"", ""amount_m"": 4.2, ""sentence"": ""In\nFebruary 2009, the Company issued 20,938,102 shares of Series\u00a0A Preferred Stock in exchange for $4.2\u00a0million of convertible notes, including accrued interest, along with\ngross proceeds of $9.4\u00a0mill""}, {""type"": ""round_financing"", ""round"": ""Series A"", ""amount_m"": 9.5, ""sentence"": ""In\nDecember 2009, in accordance with the terms of the Series\u00a0A Preferred Stock purchase agreement and upon the achievement of defined clinical milestones, the Company issued an\nadditional 14,638,821 s""}, {""type"": ""round_financing"", ""round"": ""Series B"", ""amount_m"": 20.1, ""sentence"": ""In\nDecember 2010, the Company issued 34,581,278 shares of Series\u00a0B Preferred Stock for $0.58 per share, resulting in gross proceeds of $20.1\u00a0million.""}]",round_dollar,medium,0001457612,"GENOCEA BIOSCIENCES, INC."
18.0,"$18.0M (max single round, 3 rounds detected)",3,"[{""type"": ""round_financing"", ""round"": ""Series D"", ""amount_m"": 10.0, ""sentence"": ""In May\u00a02009, we issued 8,650,519 shares of our\nSeries D preferred stock at a purchase price of $1.156 per share, and a warrant to purchase 2,076,125 shares of our Series C preferred stock with an exer""}, {""type"": ""round_financing"", ""round"": ""Series C"", ""amount_m"": 10.0, ""sentence"": ""In May\u00a02009, we issued 8,650,519 shares of our\nSeries D preferred stock at a purchase price of $1.156 per share, and a warrant to purchase 2,076,125 shares of our Series C preferred stock with an exer""}, {""type"": ""round_financing"", ""round"": ""Series E"", ""amount_m"": 18.0, ""sentence"": ""In January 2010, we issued an aggregate of 11,665,019 shares of our Series E preferred stock at a purchase price of $1.543 per share for\naggregate consideration of approximately $18 million to 27 accr""}]",round_dollar,medium,0001245104,GLOBEIMMUNE INC
,,0,[],none,none,0001253689,GLYCOMIMETICS INC
,,0,[],none,none,0001563577,Galera Therapeutics Inc
1.5,$1.5M (from proceeds phrasing),1,"[{""type"": ""aggregate_proceeds"", ""amount_m"": 1.5, ""sentence"": ""In\nMarch 2015, we issued preferred stock for aggregate net proceeds of approximately $1.5\u00a0million.""}, {""type"": ""round_financing"", ""round"": ""Series A"", ""amount_m"": 1.5, ""sentence"": ""Net cash provided by financing activities during the year ended December\u00a031,\n2015 consisted of $1.5\u00a0million in proceeds from the issuance of Series\u00a0A preferred stock and $7.4\u00a0million in proceeds from ""}, {""type"": ""round_financing"", ""round"": ""Series A"", ""amount_m"": 0.9, ""sentence"": ""On\nMarch\u00a031, 2015, upon the closing of the Series\u00a0A preferred stock financing, the Company issued 2,106,103 shares of its common stock, at a fair market value of $0.9\u00a0million, to\nPfizer in connection ""}, {""type"": ""round_financing"", ""round"": ""Series A"", ""amount_m"": 5.0, ""sentence"": ""On March\u00a031, 2015, the Company issued 2,325,581 shares of Series\u00a0A preferred stock at a per share price of $2.15, or $5.0\u00a0million\nin the aggregate, consisting of $1.5\u00a0million in cash and $3.5\u00a0million ""}]",proceeds_phrasing+round_dollar,high,0001638287,Gemphire Therapeutics Inc.
3.1,$3.1M (from proceeds phrasing),1,"[{""type"": ""aggregate_proceeds"", ""amount_m"": 3.1, ""sentence"": ""From February 2015 to \nJune 2017\n, we entered into a series of subscription agreements with various investment funds affiliated with Viet-An Hoan Ly, who is, together with his affiliated investment fu""}]",proceeds_phrasing,high,0001595248,Genprex
,,0,[],none,none,0001629137,"Global Blood Therapeutics, Inc."
310.0,"$310.0M (max single round, 2 rounds detected)",2,"[{""type"": ""round_financing"", ""round"": ""Series A"", ""amount_m"": 73.9, ""sentence"": ""In January and March 2018, we issued and sold an aggregate of 45,714,286 shares of Series A convertible preferred stock at $1.75 per share, for approximately $73.9\u00a0million in gross proceeds and\nthe ca""}, {""type"": ""round_financing"", ""round"": ""Series B"", ""amount_m"": 230.0, ""sentence"": ""In July 2018, we raised approximately $230.0\u00a0million in gross proceeds from the sale\nof 71,506,513 shares of Series B convertible preferred stock.""}, {""type"": ""round_financing"", ""round"": ""Series A"", ""amount_m"": 0.1, ""sentence"": ""The ARCH note, including $0.1\u00a0million in accrued interest thereon, was automatically converted into shares of our Series A convertible preferred stock\nin the January 2018 Series A convertible preferre""}, {""type"": ""round_financing"", ""round"": ""Series A"", ""amount_m"": 80.0, ""sentence"": ""In January 2018, we entered into a Series A preferred stock purchase agreement,\npursuant to which we sold to investors in an initial closing and subsequent closings from January 2018 to March 2018 in ""}, {""type"": ""round_financing"", ""round"": ""Series B"", ""amount_m"": 230.0, ""sentence"": ""In July 2018, we entered into a Series B preferred stock purchase agreement, pursuant\nto which we sold to investors in July 2018 in private placements an aggregate of 71,506,513 shares of our Series B""}, {""type"": ""round_financing"", ""round"": ""Series B"", ""amount_m"": 310.0, ""sentence"": ""The Company raised $310.0\u00a0million from October 2017 through July 2018 through Series A and Series B Convertible Preferred Stock and convertible note financings.""}, {""type"": ""round_financing"", ""round"": ""Series A"", ""amount_m"": 73.9, ""sentence"": ""Series A Convertible Preferred\nStock In January and March 2018, the Company issued an aggregate of 45,714,286 shares of Series A Convertible Preferred Stock at\n$1.75 per share for approximately $73.9\u00a0""}, {""type"": ""round_financing"", ""round"": ""Series B"", ""amount_m"": 230.0, ""sentence"": ""F-17 Table of Contents Series B Convertible Preferred Stock On July 20 2018, the Company issued an aggregate of 71,506,513 shares of Series B Convertible Preferred Stock at $3.2167 per share for\nappro""}, {""type"": ""round_financing"", ""round"": ""Series A"", ""amount_m"": 73.9, ""sentence"": ""In January and March 2018, the Company issued an aggregate of 45,714,286 shares of Series A Convertible Preferred Stock at\n$1.75 per share for approximately $73.9\u00a0million in cash and the conversion of""}, {""type"": ""round_financing"", ""round"": ""Series B"", ""amount_m"": 230.0, ""sentence"": ""Table of Contents Series B Convertible Preferred Stock On July 20 2018, the Company issued an aggregate of 71,506,513 shares of Series B Convertible Preferred Stock at $3.2167 per share for\napproximat""}]",round_dollar,medium,0001728117,Gossamer Bio Inc
96.0,"$96.0M (max single round, 3 rounds detected)",3,"[{""type"": ""round_financing"", ""round"": ""Series C"", ""amount_m"": 10.0, ""sentence"": ""We have funded our operations to date primarily from private placements of our convertible preferred stock, including a $10.0 million investment in\nour Series\u00a0C convertible preferred stock by bluebird""}, {""type"": ""round_financing"", ""round"": ""Series C"", ""amount_m"": 8.2, ""sentence"": ""Cash Provided by Financing Activities During the six\nmonths ended June\u00a030, 2018, cash provided by financing activities was $8.2\u00a0million, which primarily consisted of $8.9\u00a0million in net proceeds from ""}, {""type"": ""round_financing"", ""round"": ""Series C"", ""amount_m"": 11.0, ""sentence"": ""During 2018, net proceeds from our sale of Series C convertible preferred stock were $11.0 million including our July 2018 sale of Series C preferred stock.""}, {""type"": ""round_financing"", ""round"": ""Series B"", ""amount_m"": 95.8, ""sentence"": ""During 2017, net proceeds from our sale of Series B convertible preferred stock\nwere $95.8 million.""}, {""type"": ""round_financing"", ""round"": ""Series A"", ""amount_m"": 35.7, ""sentence"": ""During 2016, net proceeds from our sale of Series A convertible preferred stock were $35.7 million.""}, {""type"": ""round_financing"", ""round"": ""Series B"", ""amount_m"": 96.0, ""sentence"": ""The table below sets forth the number of shares\nof Series A convertible preferred stock sold to our directors, executive officers or owners of more than 5% of our capital stock, or an affiliate or imm""}, {""type"": ""round_financing"", ""round"": ""Series A"", ""amount_m"": 25.4, ""sentence"": ""The net cash proceeds from this round of financing totaled $25.4\u00a0million, and 25,525,000 shares of Series A convertible\npreferred stock were issued.""}, {""type"": ""round_financing"", ""round"": ""Series A"", ""amount_m"": 35.7, ""sentence"": ""The net cash proceeds from this round of financing totaled\n$35.7\u00a0million, and 35,735,000 shares of Series A convertible preferred stock were issued.""}, {""type"": ""round_financing"", ""round"": ""Series B"", ""amount_m"": 95.8, ""sentence"": ""The net cash proceeds\ntotaled $95.8\u00a0million and 61,543,319 shares of Series B convertible preferred stock were issued.""}, {""type"": ""round_financing"", ""round"": ""Series A"", ""amount_m"": 50.0, ""sentence"": ""Notes to Financial Statements December\u00a031, 2017 effective registration statement under the Securities Act of 1933, as amended, resulting in at least $50.0\u00a0million of net proceeds, or (ii)\u00a0at the elect""}]",round_dollar,medium,0001656634,"Gritstone Oncology, Inc."
15.0,"$15.0M (max single round, 1 rounds detected)",1,"[{""type"": ""round_financing"", ""round"": ""Series A"", ""amount_m"": 15.0, ""sentence"": ""Each share of Preferred Stock automatically converts to common stock upon the earlier to occur of (i) on the date of consummation of a sale of common stock in a firm commitment underwritten public off""}]",round_dollar,medium,0001476963,"HEAT BIOLOGICS, INC."
210.0,$210.0M (from proceeds phrasing),4,"[{""type"": ""aggregate_proceeds"", ""amount_m"": 105.0, ""sentence"": ""We\nhave funded our operations to date primarily from private placements of our redeemable convertible preferred stock, with aggregate gross proceeds of approximately\n$105.0\u00a0million, grant funding and ""}, {""type"": ""aggregate_proceeds"", ""amount_m"": 105.0, ""sentence"": ""Through December\u00a031, 2018, we had received gross proceeds of approximately $105.0\u00a0million from the issuance of our convertible preferred stock and\n$10.9\u00a0million pursuant to the Collaboration Agreement""}, {""type"": ""round_financing"", ""round"": ""Series D"", ""amount_m"": 37.4, ""sentence"": ""In February 2019, we raised an additional gross proceeds of $37.4 million from the issuance of our Series\u00a0D convertible preferred\nstock.""}, {""type"": ""round_financing"", ""round"": ""Series C"", ""amount_m"": 58.9, ""sentence"": ""During the year ended December\u00a031, 2017, cash provided by financing activities was $58.9\u00a0million, which primarily consisted of\nnet proceeds from the issuances of shares of our Series\u00a0C convertible pre""}, {""type"": ""round_financing"", ""round"": ""Series C"", ""amount_m"": 6.9, ""sentence"": ""During\nthe year ended December\u00a031, 2018, cash provided by financing activities was $6.9\u00a0million, which primarily consisted of $6.4\u00a0million in net proceeds from the\nissuances of shares of our Series\u00a0C ""}, {""type"": ""round_financing"", ""round"": ""Series A"", ""amount_m"": 9.5, ""sentence"": ""In\nNovember 2011 the Company issued and sold 137,814 shares of Series\u00a0A Preferred Stock at a price of $68.73 per share for gross proceeds of $9.5\u00a0million.""}, {""type"": ""round_financing"", ""round"": ""Series B"", ""amount_m"": 25.6, ""sentence"": ""Between\nNovember 2013 and June 2015 the Company issued and sold 328,128 shares of Series\u00a0B Preferred Stock at an average price of $78.02 per share for gross proceeds of\n$25.6\u00a0million.""}, {""type"": ""round_financing"", ""round"": ""Series B"", ""amount_m"": 5.2, ""sentence"": ""In December\u00a02016 the Company issued\nand sold 82,032\u00a0shares of Series\u00a0B Preferred Stock at a price of $63.71 per share for gross proceeds of $5.2\u00a0million.""}, {""type"": ""round_financing"", ""round"": ""Series B"", ""amount_m"": 5.3, ""sentence"": ""Subsequently, in March\u00a02017, the Company issued and sold an additional 82,032\u00a0shares of Series\u00a0B Preferred Stock\nat a price of $64.79 per share for gross proceeds of $5.3\u00a0million.""}, {""type"": ""round_financing"", ""round"": ""Series C"", ""amount_m"": 59.4, ""sentence"": ""In\nDecember 2017 the Company issued and sold 693,500 shares of Series\u00a0C Preferred Stock at an average price of $85.60 per share for gross proceeds of $59.4\u00a0million.""}]",proceeds_phrasing+round_dollar,high,0001760542,HOOKIPA Pharma Inc.
60.4,"$60.4M (max single round, 3 rounds detected)",3,"[{""type"": ""round_financing"", ""round"": ""Series B"", ""amount_m"": 20.0, ""sentence"": ""The Series B convertible preferred stock was issued in 2007 in exchange for convertible debt, accrued interest and cash for gross proceeds of $20.0\u00a0million.""}, {""type"": ""round_financing"", ""round"": ""Series A"", ""amount_m"": 2.0, ""sentence"": ""The Series A convertible preferred stock was issued in December 2006 in exchange for cash for gross proceeds of $2.0\u00a0million.""}, {""type"": ""round_financing"", ""round"": ""Series C"", ""amount_m"": 30.0, ""sentence"": ""The principal and the interest under the April 2011 notes are automatically convertible\n(i)\u00a0into securities that are sold in an issuance of preferred stock generating gross proceeds of at least $30.0 ""}, {""type"": ""round_financing"", ""round"": ""Series C"", ""amount_m"": 0.4, ""sentence"": ""The fair value of\npreferred stock liability in the amount of $0.4 million was offset against the proceeds received from the issuance of preferred stock on the date of issuance of the second tranche of""}, {""type"": ""round_financing"", ""round"": ""Series C"", ""amount_m"": 60.4, ""sentence"": ""During June, July and August 2009 and April 2010, we issued and sold in a series of closings, an aggregate of 11,647,769 shares of our\nSeries C-1 convertible preferred stock in exchange for convertibl""}, {""type"": ""round_financing"", ""round"": ""Series C"", ""amount_m"": 60.4, ""sentence"": ""(1) During June, July and August 2009 and April 2010, we issued and sold in a series of closings to 17 accredited investors, an aggregate of 11,647,769 shares of our Series C-1 convertible preferred s""}]",round_dollar,medium,0001386858,HYPERION THERAPEUTICS INC
140.0,$140.0M (from proceeds phrasing),3,"[{""type"": ""aggregate_proceeds"", ""amount_m"": 70.0, ""sentence"": ""In November 2018, we issued and sold 31,963,467 shares of Series C convertible preferred stock for gross proceeds of approximately\n$70.0 million.""}, {""type"": ""aggregate_proceeds"", ""amount_m"": 70.0, ""sentence"": ""In November 2018, the Company entered into a Series C Preferred Stock Purchase Agreement, pursuant to which the Company issued and sold\napproximately 32,000,000\u00a0shares of its Series C convertible pref""}, {""type"": ""round_financing"", ""round"": ""Series B"", ""amount_m"": 20.0, ""sentence"": ""In July 2018, we filed an IND for HPN424 and, as a result, satisfied the condition to cause an additional closing under our Series B\nconvertible preferred stock agreement, pursuant to which we issued ""}, {""type"": ""round_financing"", ""round"": ""Series B"", ""amount_m"": 22.2, ""sentence"": ""For the nine months ended September 30, 2017, cash provided by financing activities of $22.2 million was related primarily to $19.7 million in\nnet cash proceeds received from the issuance of our Serie""}, {""type"": ""round_financing"", ""round"": ""Series B"", ""amount_m"": 22.2, ""sentence"": ""In 2017, cash provided by financing activities of $22.2\u00a0million was related primarily to\n$19.7\u00a0million in net proceeds received from the issuance of our Series B convertible preferred stock and $2.5\u00a0m""}, {""type"": ""round_financing"", ""round"": ""Series A"", ""amount_m"": 10.0, ""sentence"": ""In 2016, cash provided by financing activities of $10.0\u00a0million was related to\n$7.4\u00a0million in net proceeds from the issuance of our Series A convertible preferred stock, $2.5\u00a0million in net cash proc""}, {""type"": ""round_financing"", ""round"": ""Series C"", ""amount_m"": 70.0, ""sentence"": ""Financing Preferred Stock\nFinancings In November 2018, we issued and sold an aggregated of 31,963,467 shares of our Series C convertible preferred stock for\n$2.19 per share, for aggregate gross consid""}, {""type"": ""round_financing"", ""round"": ""Series B"", ""amount_m"": 45.2, ""sentence"": ""Between\nMay 2017 and July 2018, we issued and sold an aggregate of 34,757,852 shares of our Series\u00a0B convertible preferred stock for $1.30 per share, for aggregate gross consideration of approximately""}, {""type"": ""round_financing"", ""round"": ""Series A"", ""amount_m"": 15.0, ""sentence"": ""In April\n2016, we issued and sold an aggregate of 15,000,000 shares of our Series\u00a0A convertible preferred stock for $1.00 per share, for aggregate gross consideration of approximately $15.0\u00a0million (i""}, {""type"": ""round_financing"", ""round"": ""Series B"", ""amount_m"": 20.0, ""sentence"": ""The Company closed the second tranche of an equity financing and obtained $20.0\u00a0million in gross proceeds from the sale\nof its Series B convertible preferred stock in July 2018 (see Note 13).""}]",proceeds_phrasing+round_dollar,high,0001708493,"Harpoon Therapeutics, Inc."
,,0,[],none,none,0001537663,"Health-Right Discoveries, Inc."
20.5,$20.5M (from proceeds phrasing),2,"[{""type"": ""aggregate_proceeds"", ""amount_m"": 20.5, ""sentence"": ""On February\u00a010, 2017, we issued 28,873,237 shares of our Series A\npreferred stock at $0.71 per share upon the achievement of certain development milestones, resulting in net proceeds of approximately ""}, {""type"": ""round_financing"", ""round"": ""Series B"", ""amount_m"": 137.0, ""sentence"": ""Through December\u00a031, 2017, we raised approximately $137\u00a0million in gross proceeds from the sale of Series A and Series B convertible preferred stock, and we received an up-front payment of $35\u00a0million""}, {""type"": ""round_financing"", ""round"": ""Series A"", ""amount_m"": 20.5, ""sentence"": ""The increase was the result of interest income generated on our higher average cash, cash equivalent and short-term investment balances for the year ended December\u00a031, 2017 compared to the year ended ""}, {""type"": ""round_financing"", ""round"": ""Series B"", ""amount_m"": 20.5, ""sentence"": ""The increase was the result of interest income generated on our higher average cash, cash equivalent and short-term investment balances for the year ended December\u00a031, 2017 compared to the year ended ""}, {""type"": ""round_financing"", ""round"": ""Series B"", ""amount_m"": 137.0, ""sentence"": ""Since we were incorporated, we have raised a total of $137.0\u00a0million in gross\nproceeds from the sale of shares of our Series A and Series B convertible preferred stock and a one-time up-front payment ""}, {""type"": ""round_financing"", ""round"": ""Series A"", ""amount_m"": 115.2, ""sentence"": ""Financing Activities Net cash provided by financing activities for the year ended December\u00a031, 2017 was $115.2 million, consisting of the net proceeds from\nthe second tranche of the Series A convertib""}, {""type"": ""round_financing"", ""round"": ""Series B"", ""amount_m"": 115.2, ""sentence"": ""Financing Activities Net cash provided by financing activities for the year ended December\u00a031, 2017 was $115.2 million, consisting of the net proceeds from\nthe second tranche of the Series A convertib""}, {""type"": ""round_financing"", ""round"": ""Series A"", ""amount_m"": 23.1, ""sentence"": ""On December\u00a022, 2015, we issued and sold to investors in a private\nplacement 33,395,907 shares of our Series A preferred stock at a price per share of $0.71, for aggregate consideration of approximate""}, {""type"": ""round_financing"", ""round"": ""Series A"", ""amount_m"": 20.5, ""sentence"": ""On February\u00a010, 2017, we issued and sold an additional 28,873,237 shares of our Series A preferred\nstock for aggregate consideration of approximately $20.5\u00a0million.""}, {""type"": ""round_financing"", ""round"": ""Series B"", ""amount_m"": 93.5, ""sentence"": ""On July\u00a028, 2017\nand November\u00a08, 2017, we issued and sold to investors in private placements an aggregate of 64,930,561 shares of our Series B preferred stock at a purchase price of $1.44 per share, f""}]",proceeds_phrasing+round_dollar,high,0001661998,"Homology Medicines, Inc."
1.3,"$1.3M (max single round, 1 rounds detected)",1,"[{""type"": ""round_financing"", ""round"": ""Series A"", ""amount_m"": 1.3, ""sentence"": ""During the period from May 16, 2017\n(Inception) through December 31, 2017, the Company raised $1.3 million (net of offering costs) in cash from investors in exchange\nfor the issuance of 17.26 units of""}]",round_dollar,medium,0001711786,"Hoth Therapeutics, Inc."
,,0,[],none,none,0001662907,"IASO BioMed, Inc."
269.0,$269.0M (from proceeds phrasing),2,"[{""type"": ""aggregate_proceeds"", ""amount_m"": 65.0, ""sentence"": ""From 2010 through December\u00a031, 2018, we raised aggregate gross proceeds of approximately $65.0\u00a0million from the sale of $60.0\u00a0million of shares of our\nconvertible preferred stock and $5.0\u00a0million from""}, {""type"": ""aggregate_proceeds"", ""amount_m"": 102.0, ""sentence"": ""Additionally, in June 2019, the Company entered into an agreement to issue and sell shares of its Series C convertible preferred\nstock through which the Company has a contractual right to receive gros""}, {""type"": ""aggregate_proceeds"", ""amount_m"": 102.0, ""sentence"": ""In June 2019, the\nCompany entered into an agreement to issue and sell shares of its Series C convertible preferred stock for gross proceeds of approximately $102.0 million, which includes $20.0 millio""}, {""type"": ""round_financing"", ""round"": ""Series C"", ""amount_m"": 40.0, ""sentence"": ""Pro forma net\ntangible book value per share represents our net tangible book value per share on a pro forma basis, to reflect (i) the issuance of 20,000,000 shares of our Series C convertible preferre""}, {""type"": ""round_financing"", ""round"": ""Series C"", ""amount_m"": 59.6, ""sentence"": ""Cash provided by financing activities For the six months ended June 30, 2019, cash provided by financing activities was $59.6 million, which consisted primarily of $42.0\u00a0million of proceeds from the\ni""}, {""type"": ""round_financing"", ""round"": ""Series C"", ""amount_m"": 42.0, ""sentence"": ""Cash provided by financing activities For the six months ended June 30, 2019, cash provided by financing activities was $59.6 million, which consisted primarily of $42.0\u00a0million of proceeds from the\ni""}, {""type"": ""round_financing"", ""round"": ""Series B"", ""amount_m"": 22.3, ""sentence"": ""In 2018, cash provided by financing activities was $22.3\u00a0million, which consisted primarily\nof $17.3\u00a0million in proceeds from the issuance of shares of our Series B convertible preferred stock and $5.""}, {""type"": ""round_financing"", ""round"": ""Series B"", ""amount_m"": 8.1, ""sentence"": ""In 2017, cash provided by financing activities was\u00a0$8.1\u00a0million, which consisted of proceeds from the issuance of shares of our Series B convertible preferred\nstock.""}, {""type"": ""round_financing"", ""round"": ""Series B"", ""amount_m"": 38.5, ""sentence"": ""Sales of Securities Series\u00a0B Preferred Stock Transactions From February\u00a02016\nthrough October\u00a02018, we issued and sold an aggregate of 38,547,231 shares of our Series\u00a0B convertible preferred stock at a""}, {""type"": ""round_financing"", ""round"": ""Series C"", ""amount_m"": 102.0, ""sentence"": ""140 Table of Contents Index to Financial Statements Series\u00a0C Preferred Stock Transactions In June\u00a02019 and July 2019, we issued and sold an aggregate of 51,000,000 shares of our Series\u00a0C convertible p""}]",proceeds_phrasing+round_dollar,high,0001496323,"IGM Biosciences, Inc."
,,0,[],none,none,0001281895,INOTEK PHARMACEUTICALS CORP
,,0,[],none,none,0001676725,Ideaya Biosciences Inc
,,0,[],none,none,0001557421,"Ignyta, Inc."
34.0,"$34.0M (max single round, 3 rounds detected)",3,"[{""type"": ""round_financing"", ""round"": ""Series B"", ""amount_m"": 10.6, ""sentence"": ""In November 2012, we sold shares of Series B convertible preferred stock for net proceeds of $10.6 million.""}, {""type"": ""round_financing"", ""round"": ""Series C"", ""amount_m"": 32.1, ""sentence"": ""In October 2013, we sold 32.3\u00a0million shares of our Series\u00a0C convertible\npreferred stock and 16.2\u00a0million of our 2013 warrants for net proceeds of $32.1 million, of which $2.4 million was allocated to""}, {""type"": ""round_financing"", ""round"": ""Series B"", ""amount_m"": 12.0, ""sentence"": ""The first tranche closed in June 2010, at which time we issued 10,434,780 shares of our Series B convertible preferred stock for gross cash proceeds of\n$12.0 million.""}, {""type"": ""round_financing"", ""round"": ""Series B"", ""amount_m"": 0.8, ""sentence"": ""The second tranche closed in August 2010, at which time we issued 652,173 shares of our Series B convertible preferred stock for gross cash proceeds of $0.8 million.""}, {""type"": ""round_financing"", ""round"": ""Series B"", ""amount_m"": 10.6, ""sentence"": ""The third tranche closed in September 2011, at which time we issued\n9,239,127 shares of our Series B convertible preferred stock for gross cash proceeds of $10.6 million.""}, {""type"": ""round_financing"", ""round"": ""Series B"", ""amount_m"": 10.6, ""sentence"": ""The fourth and final tranche closed in November 2012, at which time we issued 9,239,127 shares of our Series B convertible preferred stock for\ngross cash proceeds of $10.6\u00a0million.""}, {""type"": ""round_financing"", ""round"": ""Series C"", ""amount_m"": 32.3, ""sentence"": ""Series C Convertible Preferred Stock Financing In October 2013, we\nentered into a preferred stock financing in which we issued and sold an aggregate of 32,300,000 shares of our Series C convertible pr""}, {""type"": ""round_financing"", ""round"": ""Series C"", ""amount_m"": 32.3, ""sentence"": ""Series C Convertible Preferred Stock In October 2013, we issued and\nsold 32,300,000 shares of our Series C convertible preferred stock at a price of $1.00 per share resulting in gross proceeds of $32.""}, {""type"": ""round_financing"", ""round"": ""Series B"", ""amount_m"": 10.6, ""sentence"": ""F-17 Table of Contents IMMUNE DESIGN CORP NOTES TO FINANCIAL STATEMENTS\u00a0(CONTINUED) (Information as of March\u00a031, 2014 and for the three months ended March\u00a031, 2013 and 2014 is unaudited) In November 2""}, {""type"": ""round_financing"", ""round"": ""Series B"", ""amount_m"": 34.0, ""sentence"": ""In aggregate, we received gross proceeds of $34.0 million in exchange for the issuance of 29,565,207 shares of Series B convertible preferred stock at a price per share of\n$1.15 between October 2010 a""}]",round_dollar,medium,0001437786,Immune Design Corp.
,,0,[],none,none,0001708688,InflaRx NV (Fireman BV?)
40.3,$40.3M (from proceeds phrasing),1,"[{""type"": ""aggregate_proceeds"", ""amount_m"": 32.5, ""sentence"": ""Historically, the Company has funded its operations primarily through borrowings under a loan and security agreement, as amended (\u201cLoan\nAgreement\u201d), with Oxford Finance LLC (\u201cOxford\u201d), payments receiv""}, {""type"": ""aggregate_proceeds"", ""amount_m"": 2.6, ""sentence"": ""F-20 Table of Contents September 2018 Series Mezzanine 2 Financing In September 2018, the Company received net proceeds of approximately $2.6\u00a0million, after deducting offering expenses, from the issua""}, {""type"": ""aggregate_proceeds"", ""amount_m"": 2.6, ""sentence"": ""Table of Contents September 2018 Series Mezzanine 2 Financing In September 2018, the Company received net proceeds of approximately $2.6\u00a0million, after deducting offering expenses, from the issuance o""}, {""type"": ""aggregate_proceeds"", ""amount_m"": 2.6, ""sentence"": ""In September 2018, the Company received net proceeds of approximately $2.6\u00a0million, after deducting offering expenses, from the issuance of\n0.4\u00a0million shares of Series Mezzanine 2 under an Amended an""}]",proceeds_phrasing,high,0001739614,"Inhibrx, Inc."
,,0,[],none,none,0001711754,Inmune Bio Inc
25.0,$25.0M (from proceeds phrasing),1,"[{""type"": ""aggregate_proceeds"", ""amount_m"": 5.0, ""sentence"": ""On September 2, 2015, the Company completed its Original Issue Discount Convertible Note offering for gross proceeds of approximately $5\nmillion.""}, {""type"": ""aggregate_proceeds"", ""amount_m"": 5.0, ""sentence"": ""On September\u00a02, 2015, the Company\ncompleted the Original Issue Discount Convertible Note Offering and issued $6,250,000 in aggregate principal amount of original issue discount convertible notes (the ""}, {""type"": ""aggregate_proceeds"", ""amount_m"": 5.0, ""sentence"": ""In addition, on September\u00a02, 2015, the Company completed an Original Issue Discount Convertible Note Offering and issued approximately $6.25 million in aggregate\nprincipal amount of original issue dis""}, {""type"": ""aggregate_proceeds"", ""amount_m"": 5.0, ""sentence"": ""On September 2, 2015, the Company completed its Original Issue Discount Convertible Note Offering for gross proceeds of approximately $5\nmillion.""}, {""type"": ""aggregate_proceeds"", ""amount_m"": 5.0, ""sentence"": ""On September 2, 2015, the Company completed the\nOriginal Issue Discount Convertible Note Offering and issued $6,250,000 in aggregate principal amount of Convertible Bridge Notes to accredited investor""}]",proceeds_phrasing,high,0001638851,"Inpellis, Inc."
,,0,[],none,none,0001516479,"Insys Therapeutics, Inc."
,,0,[],none,none,0001659323,Iterum Therapeutics Ltd
225.0,"$225.0M (max single round, 2 rounds detected)",2,"[{""type"": ""round_financing"", ""round"": ""Series B"", ""amount_m"": 139.1, ""sentence"": ""From\ninception through September\u00a030, 2016, we raised an aggregate of $139.1\u00a0million of gross proceeds from sales of our convertible preferred stock, which includes $36.1\u00a0million\nfrom our sale of Serie""}, {""type"": ""round_financing"", ""round"": ""Series A"", ""amount_m"": 139.1, ""sentence"": ""We have funded our operations through September\u00a030, 2016 through proceeds from private placements of our Series\u00a0A convertible preferred\nstock, Series\u00a0B convertible preferred stock, and Series\u00a0B-1 conv""}, {""type"": ""round_financing"", ""round"": ""Series B"", ""amount_m"": 139.1, ""sentence"": ""We have funded our operations through September\u00a030, 2016 through proceeds from private placements of our Series\u00a0A convertible preferred\nstock, Series\u00a0B convertible preferred stock, and Series\u00a0B-1 conv""}, {""type"": ""round_financing"", ""round"": ""Series B"", ""amount_m"": 34.7, ""sentence"": ""The decrease of $34.7\u00a0million of cash provided by financing activities was primarily attributable to the sale of the\nSeries\u00a0B convertible preferred stock for net proceeds of $55.8\u00a0million and the clos""}, {""type"": ""round_financing"", ""round"": ""Series A"", ""amount_m"": 34.7, ""sentence"": ""The decrease of $34.7\u00a0million of cash provided by financing activities was primarily attributable to the sale of the\nSeries\u00a0B convertible preferred stock for net proceeds of $55.8\u00a0million and the clos""}, {""type"": ""round_financing"", ""round"": ""Series B"", ""amount_m"": 36.1, ""sentence"": ""2015,\nas compared to the sale of the Series\u00a0B-1 convertible preferred stock for net proceeds of $36.1\u00a0million in the period ended September\u00a030, 2016.""}, {""type"": ""round_financing"", ""round"": ""Series B"", ""amount_m"": 55.8, ""sentence"": ""The\nincrease was primarily attributable to the issuance of the Series\u00a0B convertible preferred stock for net proceeds of $55.8\u00a0million in April 2015.""}, {""type"": ""round_financing"", ""round"": ""Series B"", ""amount_m"": 36.1, ""sentence"": ""Under the Series B-1 Preferred Stock Purchase\nAgreement, Celgene purchased 10,448,100 shares of Series\u00a0B-1 convertible preferred stock (\""Series\u00a0B-1 preferred stock\"") for $36.1\u00a0million (Note\u00a03).""}, {""type"": ""round_financing"", ""round"": ""Series B"", ""amount_m"": 225.0, ""sentence"": ""The\nCompany received a non-refundable upfront cash payment of $225.0\u00a0million and $36.1\u00a0million from the sale of 10,448,100 shares of Series\u00a0B-1 preferred stock upon execution of\nthe Celgene Collaborat""}, {""type"": ""round_financing"", ""round"": ""Series B"", ""amount_m"": 36.1, ""sentence"": ""Celgene also purchased 10,448,100 shares of Series\u00a0B-1 convertible preferred stock for gross\nproceeds of $36.1\u00a0million.""}]",round_dollar,medium,0001640455,"Jounce Therapeutics, Inc."
133.7,$133.7M (from proceeds phrasing),2,"[{""type"": ""aggregate_proceeds"", ""amount_m"": 133.7, ""sentence"": ""Leerink Partners LLC, or Leerink, acted as a financial advisor to us in our August 2014 private placement, in which we raised gross proceeds\nof approximately $133.7 million and paid Leerink fees in th""}, {""type"": ""round_financing"", ""round"": ""Series A"", ""amount_m"": 15.4, ""sentence"": ""As a result, we recorded deemed dividends of $15.4 million, $30.3\u00a0million, and $21.8 million related to the second tranche closing of the Series A-2 convertible\npreferred stock financing, the third tr""}, {""type"": ""round_financing"", ""round"": ""Series A"", ""amount_m"": 3.9, ""sentence"": ""We estimated the fair value of the Series\u00a0A convertible preferred stock option at $3.9 million on the date\nof the first closing of the Series A convertible preferred stock financing in October\u00a02013.""}, {""type"": ""round_financing"", ""round"": ""Series A"", ""amount_m"": 6.9, ""sentence"": ""Our Series\u00a0A-2 convertible preferred stock options\nwere recorded at a fair value of $6.9\u00a0million using an option pricing model and classified as an asset upon the initial closing of the Series A-2 con""}, {""type"": ""round_financing"", ""round"": ""Series A"", ""amount_m"": 35.0, ""sentence"": ""Liquidity and Capital Resources Sources of Liquidity In October\u00a02013, we entered into a Series\u00a0A convertible preferred stock purchase agreement with certain investors and sold an\naggregate of 35\u00a0milli""}, {""type"": ""round_financing"", ""round"": ""Series A"", ""amount_m"": 51.7, ""sentence"": ""The agreement provided for two additional tranches of Series\u00a0A convertible preferred stock,\nwhich we closed in December\u00a02013 and July\u00a02014, selling an additional 51.7\u00a0million shares of Series\u00a0A conver""}, {""type"": ""round_financing"", ""round"": ""Series A"", ""amount_m"": 86.7, ""sentence"": ""Total gross\nproceeds from the Series A convertible preferred stock financing were $86.7\u00a0million.""}, {""type"": ""round_financing"", ""round"": ""Series A"", ""amount_m"": 62.6, ""sentence"": ""In April 2014, we entered into a Series A-2\nconvertible preferred stock purchase agreement with certain investors and in April, May\u00a0and June\u00a02014, we sold an aggregate of 62.6\u00a0million shares of Series""}, {""type"": ""round_financing"", ""round"": ""Series A"", ""amount_m"": 31.3, ""sentence"": ""In July\u00a02014, we sold the final tranche of 31.3\u00a0million shares of Series\u00a0A-2 convertible preferred stock at a price of $1.00 per share, for gross proceeds of $31.3\u00a0million.""}, {""type"": ""round_financing"", ""round"": ""Series A"", ""amount_m"": 93.9, ""sentence"": ""Total gross proceeds\nfrom the Series A-2 convertible preferred stock financing were $93.9 million.""}]",proceeds_phrasing+round_dollar,high,0001594864,"Juno Therapeutics, Inc."
,,0,[],none,none,0001434647,"KEMPHARM, INC"
59.6,"$59.6M (max single round, 2 rounds detected)",2,"[{""type"": ""round_financing"", ""round"": ""Series D"", ""amount_m"": 59.6, ""sentence"": ""Net cash provided by financing activities for the six months ended June\u00a030, 2014 was $59.6\u00a0million,\ncomprised of\nnet proceeds received from our sale of Series\u00a0D convertible preferred stock.""}, {""type"": ""round_financing"", ""round"": ""Series C"", ""amount_m"": 24.9, ""sentence"": ""Net\ncash provided by financing activities for the year ended December\u00a031, 2012 was $24.9\u00a0million, comprised of net proceeds received from our sale of Series\u00a0C\nconvertible preferred stock.""}]",round_dollar,medium,0001442835,KOLLTAN PHARMACEUTICALS INC
37.4,"$37.4M (max single round, 2 rounds detected)",2,"[{""type"": ""round_financing"", ""round"": ""Series D"", ""amount_m"": 37.4, ""sentence"": ""In August 2011, we issued an aggregate of 7,117,588 shares of our Series\u00a0D Preferred Stock at a price per share of $5.2581 for aggregate gross\nconsideration of $37.4\u00a0million to twenty accredited inves""}, {""type"": ""round_financing"", ""round"": ""Series C"", ""amount_m"": 10.0, ""sentence"": ""In July 2009, we issued an aggregate of 1,980,316 shares of our Series\u00a0C Preferred Stock at a price per share of $5.0497 for aggregate gross\nconsideration of $10.0\u00a0million to fourteen accredited inves""}]",round_dollar,medium,0001436304,KYTHERA BIOPHARMACEUTICALS INC
,,0,[],none,none,0001557142,"Kadmon Holdings, Inc."
67.9,"$67.9M (max single round, 2 rounds detected)",2,"[{""type"": ""round_financing"", ""round"": ""Series B"", ""amount_m"": 10.5, ""sentence"": ""Net\ncash provided by financing activities was $10.5\u00a0million for the year ended December\u00a031, 2015, consisting of $6.9\u00a0million in net proceeds from the issuance of\nSeries\u00a0B-1 preferred stock, $5.0\u00a0milli""}, {""type"": ""round_financing"", ""round"": ""Series C"", ""amount_m"": 67.2, ""sentence"": ""Net\ncash provided by financing activities was $67.2\u00a0million for the year ended December\u00a031, 2016, consisting of $67.5\u00a0million in net proceeds from the issuance of\nSeries\u00a0C preferred stock, partially o""}, {""type"": ""round_financing"", ""round"": ""Series C"", ""amount_m"": 0.3, ""sentence"": ""Net\ncash provided by financing activities was $0.3\u00a0million for the three months ended March\u00a031, 2016, consisting of $0.5\u00a0million in proceeds received in advance for\nour Series\u00a0C preferred stock financ""}, {""type"": ""round_financing"", ""round"": ""Series B"", ""amount_m"": 22.5, ""sentence"": ""In April 2014, we issued and sold an aggregate of 15,624,999 shares of our Series\u00a0B preferred stock at a price per share of $1.44 for an\naggregate purchase price of $22.5\u00a0million, which included conve""}, {""type"": ""round_financing"", ""round"": ""Series B"", ""amount_m"": 7.0, ""sentence"": ""In August 2015, we issued and sold 4,629,629 shares of our Series\u00a0B-1 preferred stock to an entity affiliated with Wellington Management\nCompany at a price per share of $1.512 for an aggregate cash pu""}, {""type"": ""round_financing"", ""round"": ""Series C"", ""amount_m"": 67.9, ""sentence"": ""In April 2016, we issued and sold an aggregate of 42,782,688 shares of our Series\u00a0C preferred stock at a price per share of $1.5876 for\nan aggregate purchase price of $67.9\u00a0million.""}, {""type"": ""round_financing"", ""round"": ""Series B"", ""amount_m"": 22.5, ""sentence"": ""In\nApril 2014, we issued and sold 15,624,999 shares of our Series\u00a0B preferred stock to 17 investors at a price per share of $1.44 for an aggregate purchase price of\n$22.5\u00a0million.""}, {""type"": ""round_financing"", ""round"": ""Series B"", ""amount_m"": 7.0, ""sentence"": ""In\nAugust 2015, we issued and sold 4,629,629 shares of our Series\u00a0B-1 preferred stock to one investor at a price per share of $1.512 for an aggregate purchase price of\n$7.0\u00a0million.""}, {""type"": ""round_financing"", ""round"": ""Series C"", ""amount_m"": 67.9, ""sentence"": ""In\nApril 2016, we issued and sold 42,782,688 shares of our Series\u00a0C preferred stock to 25 investors a price per share of $1.5876 for an aggregate purchase price of\n$67.9\u00a0million.""}, {""type"": ""round_financing"", ""round"": ""Series B"", ""amount_m"": 5.0, ""sentence"": ""In\nApril and November 2014 and July 2015, we issued warrants to purchase an aggregate of 972,222 shares of our Series\u00a0B preferred stock at a price of $1.44 per share to holders of\n$5\u00a0million in conver""}]",round_dollar,medium,0001479419,Kala Pharmaceuticals Inc
100.3,"$100.3M (max single round, 3 rounds detected)",3,"[{""type"": ""round_financing"", ""round"": ""Series C"", ""amount_m"": 100.3, ""sentence"": ""Financing activities During the nine months ended September\u00a030, 2018, net cash provided by financing activities was $100.3\u00a0million, consisting primarily of proceeds\nfrom our issuance of Series C Prefe""}, {""type"": ""round_financing"", ""round"": ""Series B"", ""amount_m"": 38.8, ""sentence"": ""During the nine months ended September\u00a030, 2017, net cash provided by financing\nactivities was $38.8\u00a0million, consisting primarily of $36.9\u00a0million in proceeds from our issuance of Series B Preferred ""}, {""type"": ""round_financing"", ""round"": ""Series B"", ""amount_m"": 49.7, ""sentence"": ""During the year ended December\u00a031, 2017, net cash provided by financing activities was $49.7\u00a0million, consisting primarily of\n$36.8\u00a0million in proceeds from our issuance of Series B Preferred Stock, b""}, {""type"": ""round_financing"", ""round"": ""Series A"", ""amount_m"": 10.9, ""sentence"": ""During the year ended December\u00a031, 2016, net cash provided by financing activities was $10.9\u00a0million, consisting primarily of\n$6.0\u00a0million in proceeds from our issuance of Series A Preferred Stock and""}, {""type"": ""round_financing"", ""round"": ""Series C"", ""amount_m"": 100.3, ""sentence"": ""During the nine months ended September\u00a030, 2018, net cash provided by financing activities was $100.3\u00a0million, consisting primarily of proceeds\nfrom our issuance of Series C Preferred Stock in June 20""}]",round_dollar,medium,0001751299,"Kaleido Biosciences, Inc."
,,0,[],none,none,0001615999,Kannalife Inc
91.0,$91.0M (from proceeds phrasing),2,"[{""type"": ""aggregate_proceeds"", ""amount_m"": 16.0, ""sentence"": ""The Company then issued 1,188,707 shares of Series A Preferred Stock\nat an issuance price of $13.46 per share resulting in gross proceeds of approximately $16.0\u00a0million.""}, {""type"": ""aggregate_proceeds"", ""amount_m"": 75.0, ""sentence"": ""The Company then issued 4,953,758 shares of Series B Preferred Stock\nat an issuance price of $15.14 per share resulting in gross proceeds of approximately $75.0\u00a0million.""}, {""type"": ""round_financing"", ""round"": ""Series A"", ""amount_m"": 3.8, ""sentence"": ""In August 2018, the outstanding $3.8\u00a0million principal balance under the 2015 Wellcome Funding Agreement as well as the initial $2.0\u00a0million\nprincipal balance under the 2018 Wellcome Funding Agreement""}, {""type"": ""round_financing"", ""round"": ""Series B"", ""amount_m"": 2.7, ""sentence"": ""We received an additional $2.7\u00a0million, $1.6 million and $1.6\u00a0million in November 2018, March 2019 and April 2019, respectively, pursuant to\nthe 2018 Wellcome Funding Agreement, all of which converted""}, {""type"": ""round_financing"", ""round"": ""Series A"", ""amount_m"": 42.1, ""sentence"": ""Series\u00a0A Preferred Stock Financing In\nAugust 2018, we issued and sold an aggregate of 3,126,700 shares of Series A preferred stock at a price per share of $13.46, for an aggregate purchase price of ap""}, {""type"": ""round_financing"", ""round"": ""Series A"", ""amount_m"": 26.1, ""sentence"": ""Included in this amount was approximately\n$26.1\u00a0million of outstanding principal, interest and discount on convertible promissory notes issued between May 2011 and June 2018, including the 2017 Notes,""}, {""type"": ""round_financing"", ""round"": ""Series B"", ""amount_m"": 82.1, ""sentence"": ""Series\u00a0B Preferred Stock Financing In March and April 2019, we issued and sold an aggregate of 5,422,845 shares of Series B preferred stock at a price per share of $15.14, for an\naggregate purchase pr""}, {""type"": ""round_financing"", ""round"": ""Series B"", ""amount_m"": 5.8, ""sentence"": ""Included in this amount was approximately $5.8\u00a0million of outstanding principal loaned to us subsequent to the Series\u00a0A financing pursuant to the Wellcome Funding\nAgreements, which converted into Seri""}, {""type"": ""round_financing"", ""round"": ""Series B"", ""amount_m"": 13.9, ""sentence"": ""As of March\u00a029, 2019, the issuance date of the financial statements for the year ended December\u00a031, 2018, the Company expects that the proceeds\nfrom the sale of Series B Preferred Stock in March 2019,""}, {""type"": ""round_financing"", ""round"": ""Series B"", ""amount_m"": 1.6, ""sentence"": ""In addition, the pro forma balance sheet\ngives effect to (i)\u00a0the funding of $1.6\u00a0million under a convertible note which was subsequently converted in the Series B financing, (ii)\u00a0the sale and issuance""}]",proceeds_phrasing+round_dollar,high,0001771917,"Karuna Therapeutics, Inc."
,,0,[],none,none,0001503802,Karyopharm Therapeutics
,,0,[],none,none,0001730430,Kiniksa Pharmaceuticals LTD
350.0,"$350.0M (max single round, 1 rounds detected)",1,"[{""type"": ""round_financing"", ""round"": ""Series A"", ""amount_m"": 19.6, ""sentence"": ""We also issued an additional 10,655,436 shares of our Series A convertible preferred stock for $1.8531 per share and\nreceived $19.6 million in net proceeds.""}, {""type"": ""round_financing"", ""round"": ""Series A"", ""amount_m"": 19.3, ""sentence"": ""The increase in cash provided by financing activities of $19.3 million between the years ended December\u00a031, 2012 and 2013 was primarily the result of $19.6 million\nin net proceeds received from the is""}, {""type"": ""round_financing"", ""round"": ""Series A"", ""amount_m"": 19.6, ""sentence"": ""We received net proceeds of $19.6 million for which we issued 10,792,725 shares of Series A convertible preferred stock, at a purchase price of $1.8531 per share.""}, {""type"": ""round_financing"", ""round"": ""Series A"", ""amount_m"": 350.0, ""sentence"": ""Under certain conditions, a qualified private placement may include the placement of common stock, whereupon the 2014 Notes, including interest thereon, would automatically convert into shares of pref""}]",round_dollar,medium,0001510580,"Kite Pharma, Inc."
,,0,[],none,none,0001468748,Kodiak Sciences Inc
7.0,"$7.0M (max single round, 1 rounds detected)",1,"[{""type"": ""round_financing"", ""round"": ""Series A"", ""amount_m"": 7.0, ""sentence"": ""Recent Developments On August 8,\n2017, we issued 203,135 shares of Series A Preferred Stock, or Series A Preferred, to Sun Pharma (Netherlands) B.V., or Sun Pharma, an indirect subsidiary of Sun Pharm""}, {""type"": ""round_financing"", ""round"": ""Series A"", ""amount_m"": 7.0, ""sentence"": ""Subsequent Events On August 8, 2017, we issued 203,135 shares of Series\u00a0A Preferred Stock, or Series\u00a0A Preferred, to Sun Pharma (Netherlands) B.V., or\nSun Pharma, an indirect subsidiary of Sun Pharmac""}, {""type"": ""round_financing"", ""round"": ""Series A"", ""amount_m"": 7.0, ""sentence"": ""Sun Pharma Private Placement On\nAugust 8, 2017, we issued 203,135 shares of Series A Preferred Stock, or Series A Preferred, to Sun Pharma (Netherlands) B.V., or Sun Pharma, an indirect subsidiary of ""}, {""type"": ""round_financing"", ""round"": ""Series A"", ""amount_m"": 7.0, ""sentence"": ""On August 8,\n2017, we issued 203,135 shares of Series A Preferred Stock, or Series A Preferred, to Sun Pharma (Netherlands) B.V., or Sun Pharma, an indirect subsidiary of Sun Pharmaceutical Industries""}, {""type"": ""round_financing"", ""round"": ""Series A"", ""amount_m"": 7.0, ""sentence"": ""On August 8, 2017, we issued 203,135 shares of Series\u00a0A Preferred Stock, or Series\u00a0A Preferred, to Sun Pharma (Netherlands) B.V., or\nSun Pharma, an indirect subsidiary of Sun Pharmaceutical Industries""}, {""type"": ""round_financing"", ""round"": ""Series A"", ""amount_m"": 7.0, ""sentence"": ""On\nAugust 8, 2017, we issued 203,135 shares of Series A Preferred Stock, or Series A Preferred, to Sun Pharma (Netherlands) B.V., or Sun Pharma, an indirect subsidiary of Sun Pharmaceutical Industries""}]",round_dollar,medium,0001711279,Krystal Biotech Inc
,,0,[],none,none,0001683743,LBC Bioscience Inc.
,,0,[],none,none,0001509745,"LEAP THERAPEUTICS, INC."
,,0,[],none,none,0001535955,Lipocine Inc.
,,0,[],none,none,0001819576,Liquidia Technologies Inc
28.7,"$28.7M (max single round, 2 rounds detected)",2,"[{""type"": ""round_financing"", ""round"": ""Series A"", ""amount_m"": 4.4, ""sentence"": ""Financing Activities During the year ended December\u00a031, 2016, net\ncash provided by financing activities was $4.4\u00a0million, primarily from net proceeds from the sale of Series A preferred stock in Janua""}, {""type"": ""round_financing"", ""round"": ""Series B"", ""amount_m"": 28.7, ""sentence"": ""During the year ended December\u00a031, 2017 and the six months ended June 30, 2017, net cash provided by financing activities was $28.7\u00a0million, primarily from\nnet proceeds from the sale of the first tran""}, {""type"": ""round_financing"", ""round"": ""Series A"", ""amount_m"": 4.4, ""sentence"": ""During the year ended December\u00a031, 2016, net\ncash provided by financing activities was $4.4\u00a0million, primarily from net proceeds from the sale of Series A preferred stock in January 2016 and March 201""}]",round_dollar,medium,0001664106,"LogicBio Therapeutics, Inc."
94.0,$94.0M (from proceeds phrasing),1,"[{""type"": ""aggregate_proceeds"", ""amount_m"": 23.9, ""sentence"": ""Subsequently, in April\nand June 2014, we received gross proceeds of approximately $23.9\u00a0million and $4.5\u00a0million, respectively, through issuances of Series\u00a0B convertible preferred stock.""}, {""type"": ""aggregate_proceeds"", ""amount_m"": 23.9, ""sentence"": ""In addition, in April and June 2014, we received gross proceeds of approximately $23.9\u00a0million\nand $4.5\u00a0million, respectively, through issuances of Series\u00a0B convertible preferred stock.""}, {""type"": ""aggregate_proceeds"", ""amount_m"": 17.8, ""sentence"": ""Upon completing the July and September closings, the Company received net proceeds of approximately\n$17.8\u00a0million.""}, {""type"": ""aggregate_proceeds"", ""amount_m"": 28.4, ""sentence"": ""Upon completing the April and June offerings, the Company received gross proceeds of approximately $28.4\u00a0million which will be used to fund working capital and for general corporate purposes.""}, {""type"": ""round_financing"", ""round"": ""Series A"", ""amount_m"": 33.0, ""sentence"": ""As of March\u00a031, 2014, we had received aggregate gross proceeds of $33.0\u00a0million from the sale of our Series\u00a0A convertible preferred stock.""}, {""type"": ""round_financing"", ""round"": ""Series A"", ""amount_m"": 18.0, ""sentence"": ""In July and September\u00a02013, we completed the Series\u00a0A convertible preferred stock issuance, at $10.00 per share for aggregate gross proceeds of\n$18.0\u00a0million.""}, {""type"": ""round_financing"", ""round"": ""Series A"", ""amount_m"": 7.0, ""sentence"": ""Additionally, in July 2013 we issued 320,451 shares of Series\u00a0A-1 convertible preferred stock with an estimated fair value of approximately $7.0\u00a0million of\nSeries\u00a0A-1 convertible preferred stock to Ar""}, {""type"": ""round_financing"", ""round"": ""Series A"", ""amount_m"": 17.8, ""sentence"": ""Net cash provided by financing activities was $17.8\u00a0million for the period from May\u00a09, 2013 (date of inception) to\nDecember\u00a031, 2013, which was primarily due to the net proceeds from the issuance of S""}, {""type"": ""round_financing"", ""round"": ""Series A"", ""amount_m"": 15.1, ""sentence"": ""Net\ncash provided by financing activities was $15.1\u00a0million for the three months ended March\u00a031, 2014, which was primarily due to the net proceeds from the issuance of\nSeries\u00a0A convertible preferred s""}]",proceeds_phrasing+round_dollar,high,0001581720,"Loxo Oncology, Inc."
45.5,"$45.5M (max single round, 2 rounds detected)",2,"[{""type"": ""round_financing"", ""round"": ""Series A"", ""amount_m"": 33.0, ""sentence"": ""Series A Preferred Stock Financing In June 2012, we entered into a Series A preferred stock purchase agreement, or the Series A purchase agreement, pursuant to which we issued an aggregate of 32,991,2""}, {""type"": ""round_financing"", ""round"": ""Series B"", ""amount_m"": 45.5, ""sentence"": ""The following table sets forth the aggregate number\nof shares of Series A preferred stock issued to these related parties in this preferred stock financing: 143 Table of Contents Series B Preferred St""}, {""type"": ""round_financing"", ""round"": ""Series A"", ""amount_m"": 2.7, ""sentence"": ""The financing included the conversion of the outstanding convertible notes and accrued interest totaling $2.7 million to 3,341,205 shares of Series A convertible preferred stock.""}, {""type"": ""round_financing"", ""round"": ""Series A"", ""amount_m"": 5.0, ""sentence"": ""In June 2012, the Company issued 8,341,206 shares of Series A Preferred Stock under the initial close of its\nSeries A Preferred Stock purchase agreement at a price of $1.00 per share for net proceeds ""}, {""type"": ""round_financing"", ""round"": ""Series A"", ""amount_m"": 10.0, ""sentence"": ""In August 2012, the Company closed on its second round of its\nSeries A Preferred Stock financing issuing 10,000,000 shares of Series A Preferred Stock at $1.00 per share for $10.0 million in gross pro""}, {""type"": ""round_financing"", ""round"": ""Series A"", ""amount_m"": 5.7, ""sentence"": ""In June 2013, the Company closed on its final round of its Series A Preferred Stock financing issuing 5,650,000 shares of Series A\nPreferred Stock at $1.00 per share for $5.7 million in gross proceeds""}, {""type"": ""round_financing"", ""round"": ""Series B"", ""amount_m"": 45.5, ""sentence"": ""In March 2014, pursuant to a Series B preferred stock purchase agreement, the Company issued an aggregate of 29,727,063 shares of its\nSeries B preferred stock, at a purchase price of $1.53 per share, ""}, {""type"": ""round_financing"", ""round"": ""Series A"", ""amount_m"": 33.0, ""sentence"": ""In June 2012, we entered into a Series A preferred stock purchase agreement, or the Series A purchase agreement, pursuant to which we issued an aggregate of 32,991,201 shares of our Series\u00a0A\npreferred""}, {""type"": ""round_financing"", ""round"": ""Series B"", ""amount_m"": 45.5, ""sentence"": ""Table of Contents Series B Preferred Stock Financing In March 2014, we entered into a Series B preferred stock\npurchase agreement, pursuant to which we issued an aggregate of 29,727,063 shares of our ""}, {""type"": ""round_financing"", ""round"": ""Series B"", ""amount_m"": 45.5, ""sentence"": ""In March 2014, we entered into a Series B preferred stock\npurchase agreement, pursuant to which we issued an aggregate of 29,727,063 shares of our Series B preferred stock at a purchase price of $1.53""}]",round_dollar,medium,0001513157,"Lumena Pharmaceuticals, Inc."
22.3,"$22.3M (max single round, 1 rounds detected)",1,"[{""type"": ""round_financing"", ""round"": ""Series C"", ""amount_m"": 0.3, ""sentence"": ""Cash provided by financing activities is primarily attributable to $0.3\u00a0million of net proceeds received in 2012 from the issuance of\nconvertible\nnotes, $0.5\u00a0million related to an investor deposit rec""}, {""type"": ""round_financing"", ""round"": ""Series C"", ""amount_m"": 22.3, ""sentence"": ""In December 2012, May 2013 and April 2014, we issued and sold an aggregate of 18,803,582 shares of our series\u00a0C convertible\npreferred stock at a purchase price per share of $1.1845 per share (before g""}]",round_dollar,medium,0001267813,MARINUS PHARMACEUTICALS INC
23.2,"$23.2M (max single round, 3 rounds detected)",3,"[{""type"": ""round_financing"", ""round"": ""Series B"", ""amount_m"": 4.3, ""sentence"": ""We will use approximately $4.3\u00a0million of the net proceeds from this offering to pay accrued dividends on our series\u00a0B convertible\npreferred stock.""}, {""type"": ""round_financing"", ""round"": ""Series B"", ""amount_m"": 4.3, ""sentence"": ""We will use approximately $4.3\u00a0million of the net proceeds from this offering to\npay accrued dividends on our series\u00a0B convertible preferred stock.""}, {""type"": ""round_financing"", ""round"": ""Series F"", ""amount_m"": 23.2, ""sentence"": ""Cash provided by financing activities of $23.2\u00a0million during 2008\nwas primarily from proceeds from the series\u00a0F convertible preferred stock financing of $24.5\u00a0million, partially offset by the payment""}, {""type"": ""round_financing"", ""round"": ""Series D"", ""amount_m"": 9.0, ""sentence"": ""In April 2005, the Company entered into a $9\u00a0million senior loan agreement with a financing company, in exchange for cash proceeds of $9\u00a0million\nand warrants to purchase 302,000 shares\nof Series\u00a0D con""}]",round_dollar,medium,0001274792,MERRIMACK PHARMACEUTICALS INC
,,0,[],none,none,0001590930,"MICROLIN BIO, INC."
12.0,"$12.0M (max single round, 1 rounds detected)",1,"[{""type"": ""round_financing"", ""round"": ""Series D"", ""amount_m"": 12.0, ""sentence"": ""However, during the year ended\nDecember\u00a031, 2011 we sold 18.4\u00a0million shares of Series D-2 preferred stock to our collaborators for net proceeds of $12.0 million.""}]",round_dollar,medium,0001125345,MacroGenics
71.5,"$71.5M (max single round, 3 rounds detected)",3,"[{""type"": ""round_financing"", ""round"": ""Series C"", ""amount_m"": 52.3, ""sentence"": ""In\nApril 2018, we received gross proceeds of $52.3 million from our sale of our Series C redeemable convertible preferred stock, or Series C preferred stock.""}, {""type"": ""round_financing"", ""round"": ""Series C"", ""amount_m"": 52.3, ""sentence"": ""In April 2018, we received gross proceeds of $52.3 million from the sale of our Series C preferred stock.""}, {""type"": ""round_financing"", ""round"": ""Series C"", ""amount_m"": 52.3, ""sentence"": ""In April 2018, we received gross proceeds of $52.3 million from the sale of Series C preferred stock.""}, {""type"": ""round_financing"", ""round"": ""Series A"", ""amount_m"": 71.5, ""sentence"": ""During the year ended December\u00a031, 2017, net cash provided by financing activities was $71.5\u00a0million, consisting primarily of $6.3\u00a0million of\nthe remaining proceeds received in January 2017 from the s""}, {""type"": ""round_financing"", ""round"": ""Series B"", ""amount_m"": 15.4, ""sentence"": ""During the year ended December\u00a031, 2017, net cash provided by financing activities was $71.5\u00a0million, consisting primarily of $6.3\u00a0million of\nthe remaining proceeds received in January 2017 from the s""}, {""type"": ""round_financing"", ""round"": ""Series A"", ""amount_m"": 10.7, ""sentence"": ""During the year ended December\u00a031, 2016, net cash\nprovided by financing activities was $10.7\u00a0million, consisting primarily of proceeds of $6.5\u00a0million from the sale of convertible promissory notes and""}, {""type"": ""round_financing"", ""round"": ""Series C"", ""amount_m"": 52.3, ""sentence"": ""In April 2018, we received gross proceeds of $52.3 million from\nthe sale of our Series C preferred stock.""}, {""type"": ""round_financing"", ""round"": ""Series C"", ""amount_m"": 41.5, ""sentence"": ""Without giving effect to\nthe anticipated net proceeds from this offering, we expect that our existing cash and cash equivalents of $41.5 million as of March 31, 2018, together with the gross proceeds ""}, {""type"": ""round_financing"", ""round"": ""Series A"", ""amount_m"": 9.3, ""sentence"": ""See \u201cBusiness\u2014Licenses and Collaboration\u2014Alliance\nwith Novartis.\u201d As additional consideration for the license, we issued to Novartis 2,500,000\u00a0shares of Series A preferred stock and 643,550 shares of ""}, {""type"": ""round_financing"", ""round"": ""Series B"", ""amount_m"": 9.3, ""sentence"": ""See \u201cBusiness\u2014Licenses and Collaboration\u2014Alliance\nwith Novartis.\u201d As additional consideration for the license, we issued to Novartis 2,500,000\u00a0shares of Series A preferred stock and 643,550 shares of ""}]",round_dollar,medium,0001690585,"Magenta Therapeutics, Inc."
13.6,"$13.6M (max single round, 1 rounds detected)",1,"[{""type"": ""round_financing"", ""round"": ""Series A"", ""amount_m"": 13.6, ""sentence"": ""As of September 30, 2013, we\nraised a total of $13.6 million in net proceeds from sales of our Series A Preferred Stock and from the net proceeds of\nthe 2013 Private Placement.""}]",round_dollar,medium,0001582554,"Matinas BioPharma Holdings, Inc."
97.6,$97.6M (from proceeds phrasing),1,"[{""type"": ""aggregate_proceeds"", ""amount_m"": 97.6, ""sentence"": ""Through March 31, 2018, we received gross proceeds of approximately $97.6\u00a0million from sales of our Series C\npreferred shares.""}]",proceeds_phrasing,high,0001735438,Meiragtx Holdings Plc
109.3,"$109.3M (max single round, 3 rounds detected)",3,"[{""type"": ""round_financing"", ""round"": ""Series C"", ""amount_m"": 109.3, ""sentence"": ""To date, we have financed our operations primarily through private placements of convertible preferred stock, from which we have received net proceeds of \n$109.3 million\n through \nSeptember\u00a030, 2017\n,""}, {""type"": ""round_financing"", ""round"": ""Series C"", ""amount_m"": 109.3, ""sentence"": ""We received net proceeds of \n$109.3 million\n from the sale and issuance of preferred stock through \nSeptember\u00a030, 2017\n, including $50.5 million received from the sale of our Series C convertible pref""}, {""type"": ""round_financing"", ""round"": ""Series C"", ""amount_m"": 50.4, ""sentence"": ""During the nine months ended September 30, 2017 cash provided by financing activities was $50.4 million, consisting primarily of net proceeds from the sale of Series C convertible preferred stock.""}, {""type"": ""round_financing"", ""round"": ""Series B"", ""amount_m"": 47.7, ""sentence"": ""Cash provided by financing activities was \n$47.7\u00a0million\n for the year ended December\u00a031, 2015 consisted primarily of net proceeds from the issuance of Series A and Series B convertible preferred stoc""}, {""type"": ""round_financing"", ""round"": ""Series C"", ""amount_m"": 50.5, ""sentence"": ""Sales and Purchases of Securities\nSeries C Preferred Stock Financing\nIn July 2017, we issued an aggregate of 11,854,463 shares of our Series C convertible preferred stock at a price per share of $4.26""}, {""type"": ""round_financing"", ""round"": ""Series B"", ""amount_m"": 45.0, ""sentence"": ""The table below sets forth the number of shares of Series C convertible preferred stock sold to our directors, executive officers or beneficial owners of more than 5% of a class of our capital stock, ""}, {""type"": ""round_financing"", ""round"": ""Series A"", ""amount_m"": 14.3, ""sentence"": ""From December 2011 through May 2015, the Company issued \n14,300\n shares of Series A convertible preferred stock to investors at \n$1,000\n per share with gross proceeds of \n$14.3 million\n.""}, {""type"": ""round_financing"", ""round"": ""Series B"", ""amount_m"": 45.0, ""sentence"": ""In November 2015, the Company issued \n14,106,583\n shares of Series B convertible preferred stock to investors at \n$3.19\n per share with gross proceeds of \n$45.0 million\n.""}, {""type"": ""round_financing"", ""round"": ""Series C"", ""amount_m"": 50.5, ""sentence"": ""In July 2017, the Company issued \n11,854,463\n shares of Series C convertible preferred stock to investors at \nF-16\n$4.26\n per share with gross proceeds of \n$50.5 million\n.""}, {""type"": ""round_financing"", ""round"": ""Series C"", ""amount_m"": 50.5, ""sentence"": ""In July 2017, the Company issued and sold \n11,854,463\n shares of Series C convertible preferred stock receiving an aggregate of \n$50.5 million\n in gross proceeds.""}]",round_dollar,medium,0001566044,"Menlo Therapeutics, Inc."
,,0,[],none,none,0001442836,"Mersana Therapeutics, Inc."
148.8,$148.8M (from proceeds phrasing),1,"[{""type"": ""aggregate_proceeds"", ""amount_m"": 138.8, ""sentence"": ""We have financed our operations primarily through sales of our convertible preferred shares to accredited investors generating net proceeds of approximately\n$138.8\u00a0million.""}, {""type"": ""aggregate_proceeds"", ""amount_m"": 10.0, ""sentence"": ""In various closings throughout 2016 and 2017, we issued an aggregate of 8,695,653\u00a0Class\u00a0B preferred shares at a price per share of $1.15 in a\nprivate placement to accredited investors, raising aggrega""}]",proceeds_phrasing,high,0001408443,Milestone Pharmaceuticals Inc
,,0,[],none,none,0001598646,Minerva Neurosciences Inc
41.8,"$41.8M (max single round, 3 rounds detected)",3,"[{""type"": ""round_financing"", ""round"": ""Series D"", ""amount_m"": 41.5, ""sentence"": ""Net cash provided by financing activities was approximately $41.5\u00a0million for the six months ended June\u00a030, 2015, which\nwas primarily due to the offering of the our Series\u00a0D convertible preferred stoc""}, {""type"": ""round_financing"", ""round"": ""Series C"", ""amount_m"": 16.4, ""sentence"": ""For both years ended\nDecember\u00a031, 2013 and 2012, the net cash provided by financing activities of $16.4\u00a0million and $16.8\u00a0million, respectively, was primarily due to the net proceeds from the sale of\n""}, {""type"": ""round_financing"", ""round"": ""Series C"", ""amount_m"": 34.5, ""sentence"": ""In October 2012 and December 2013, we issued an aggregate of 67,779,942 shares of our Series\u00a0C convertible preferred stock at a\nprice per share of $0.509 for aggregate gross consideration of approxima""}, {""type"": ""round_financing"", ""round"": ""Series D"", ""amount_m"": 41.8, ""sentence"": ""In March and April 2015, we issued an aggregate of 68,395,299 shares of our Series\u00a0D convertible preferred stock at a price per\nshare of $0.611 for aggregate gross consideration of approximately $41.8""}, {""type"": ""round_financing"", ""round"": ""Series B"", ""amount_m"": 1.5, ""sentence"": ""In August 2011, we completed a Series\u00a0B convertible preferred stock financing for aggregate gross consideration of approximately\n$1.5\u00a0million, which allowed the TETF to exercise its rights under the w""}, {""type"": ""round_financing"", ""round"": ""Series D"", ""amount_m"": 9.3, ""sentence"": ""The Company believes that its cash and cash equivalents of $9.3\u00a0million at December\u00a031, 2014, plus the proceeds from\na subsequent offering of the Company's Series\u00a0D preferred stock completed in April ""}, {""type"": ""round_financing"", ""round"": ""Series B"", ""amount_m"": 1.5, ""sentence"": ""In August 2011, the Company completed a $1.5\u00a0million Series\u00a0B convertible preferred stock financing, which qualified as a Qualifying Financing Transaction.""}, {""type"": ""round_financing"", ""round"": ""Series D"", ""amount_m"": 41.8, ""sentence"": ""With\nclosing dates in March 2015 and April 2015, the Company issued 68,395,299 (unaudited) shares of the Company's Series\u00a0D convertible preferred stock (\""Series\u00a0D\"") with\ngross proceeds of $41.8\u00a0millio""}]",round_dollar,medium,0001527599,"Mirna Therapeutics, Inc."
103.8,"$103.8M (max single round, 1 rounds detected)",1,"[{""type"": ""round_financing"", ""round"": ""Series A"", ""amount_m"": 103.8, ""sentence"": ""Our pro forma net tangible book value as of March\u00a031, 2019 was $103.8\u00a0million, or $0.72 per share, after giving effect to the\n(i)\u00a0issuance of an aggregate of 59,844,699 shares of our Series A converti""}, {""type"": ""round_financing"", ""round"": ""Series A"", ""amount_m"": 60.0, ""sentence"": ""Our pro forma net tangible book value as of March\u00a031, 2019 was $103.8\u00a0million, or $0.72 per share, after giving effect to the\n(i)\u00a0issuance of an aggregate of 59,844,699 shares of our Series A converti""}, {""type"": ""round_financing"", ""round"": ""Series A"", ""amount_m"": 59.8, ""sentence"": ""In November 2018, we held an initial closing of our Series A convertible preferred stock financing in which\nwe raised net proceeds of $59.8\u00a0million.""}, {""type"": ""round_financing"", ""round"": ""Series A"", ""amount_m"": 59.8, ""sentence"": ""Net cash provided by financing activities was $59.8\u00a0million for the period from May\u00a02, 2018 to December\u00a031, 2018 primarily\nconsisted of net proceeds from issuance of 59,844,699 shares of Series A conv""}, {""type"": ""round_financing"", ""round"": ""Series A"", ""amount_m"": 59.8, ""sentence"": ""The Company raised net proceeds of $59.8\u00a0million in 2018 through an equity financing involving the sale of the Company\u2019s Series A redeemable convertible preferred\nstock (the \u201cSeries A Preferred Stock\u201d""}, {""type"": ""round_financing"", ""round"": ""Series A"", ""amount_m"": 59.8, ""sentence"": ""In an initial closing, the Company issued 59,908,284 shares of Series A Preferred Stock at $1.00259507 per share, for approximately $59.8\u00a0million in\ncash and the conversion of approximately $51,014 in""}, {""type"": ""round_financing"", ""round"": ""Series A"", ""amount_m"": 60.0, ""sentence"": ""On April\u00a012, 2019, the Second Closing of Series A Preferred Stock was completed for issuance of 59,844,699 shares and cash proceeds of\n$60.0\u00a0million.""}, {""type"": ""round_financing"", ""round"": ""Series A"", ""amount_m"": 50.0, ""sentence"": ""Each share shall automatically convert upon (1)\u00a0the closing\nof a firm-commitment underwritten public offering pursuant to an effective registration statement under the Securities Act of 1933, as amend""}]",round_dollar,medium,0001759425,Mirum Pharmaceuticals Inc
,,0,[],none,none,0001682852,Moderna Inc
,,0,[],none,none,0001659617,Moleculin Biotech Inc
80.0,"$80.0M (max single round, 2 rounds detected)",2,"[{""type"": ""round_financing"", ""round"": ""Series B"", ""amount_m"": 80.0, ""sentence"": ""In September 2018, we sold an aggregate of 61,538,454 shares of our Series\u00a0B convertible preferred stock at a purchase price of $1.30 per share for an\naggregate purchase price of approximately $80.0\u00a0m""}, {""type"": ""round_financing"", ""round"": ""Series A"", ""amount_m"": 51.5, ""sentence"": ""In three closings in June 2016, September 2017 and August 2018, we sold an aggregate of 49,047,619 shares of our Series\u00a0A convertible preferred stock at\na purchase price of $1.05 per share for an aggr""}, {""type"": ""round_financing"", ""round"": ""Series B"", ""amount_m"": 80.0, ""sentence"": ""In September 2018, the Registrant issued and sold to 13 accredited investors an aggregate of 61,538,454 shares of Series\u00a0B convertible preferred stock\nat a purchase price of $1.30 per share, for aggre""}, {""type"": ""round_financing"", ""round"": ""Series A"", ""amount_m"": 51.5, ""sentence"": ""In\nJune 2016, September 2017 and August 2018, the Registrant issued and sold to 12 accredited investors an aggregate of 49,047,619 shares of Series\u00a0A convertible preferred stock at a purchase\nprice of""}]",round_dollar,medium,0001679363,"Morphic Holding, Inc."
,,0,[],none,none,0001613490,MultiVir Inc.
,,0,[],none,none,0001552451,MyoKardia Inc
,,0,[],none,none,0001679082,Myovant Sciences Ltd.
,,0,[],none,none,0001580149,"NANOANTIBIOTICS, INC."
105.9,$105.9M (from proceeds phrasing),1,"[{""type"": ""aggregate_proceeds"", ""amount_m"": 105.9, ""sentence"": ""In addition, Merck entered into a stock purchase agreement to purchase 17,666,666 shares of\nSeries E convertible preferred stock at a price of $6.00 per share, resulting in net proceeds of approximate""}, {""type"": ""round_financing"", ""round"": ""Series E"", ""amount_m"": 106.0, ""sentence"": ""Equity Investments by Merck Concurrently with the execution\nof our collaboration with Merck, we entered into a stock purchase agreement with Merck for the purchase of 17,666,666 shares of our Series\u00a0E""}, {""type"": ""round_financing"", ""round"": ""Series E"", ""amount_m"": 106.0, ""sentence"": ""Concurrently with the execution\nof our collaboration with Merck, we entered into a stock purchase agreement with Merck for the purchase of 17,666,666 shares of our Series\u00a0E convertible preferred stock""}, {""type"": ""round_financing"", ""round"": ""Series E"", ""amount_m"": 106.0, ""sentence"": ""In February 2015, Merck, in conjunction with our research collaboration, product development and license agreement, entered into a stock purchase\nagreement with us to purchase approximately 17,666,666""}]",proceeds_phrasing+round_dollar,high,0001426332,NGM BIOPHARMACEUTICALS INC
,,0,[],none,none,0001516551,"Nemus Bioscience, Inc."
111.1,"$111.1M (max single round, 2 rounds detected)",2,"[{""type"": ""round_financing"", ""round"": ""Series B"", ""amount_m"": 35.9, ""sentence"": ""During\nthe year ended December\u00a031, 2017, net cash provided by financing activities was $35.9\u00a0million, which was primarily comprised of net proceeds of $35.9\u00a0million\nfrom the sale of shares of our Seri""}, {""type"": ""round_financing"", ""round"": ""Series B"", ""amount_m"": 111.1, ""sentence"": ""During\nthe year ended December\u00a031, 2016, net cash provided by financing activities was $111.1\u00a0million, consisting of net proceeds of $69.7\u00a0million from the sale of\nshares of Series\u00a0B preferred stock a""}, {""type"": ""round_financing"", ""round"": ""Series A"", ""amount_m"": 111.1, ""sentence"": ""During\nthe year ended December\u00a031, 2016, net cash provided by financing activities was $111.1\u00a0million, consisting of net proceeds of $69.7\u00a0million from the sale of\nshares of Series\u00a0B preferred stock a""}, {""type"": ""round_financing"", ""round"": ""Series A"", ""amount_m"": 9.4, ""sentence"": ""In August 2015, the Company issued 13,999,999 shares\nof Series\u00a0A preferred stock at a price of $1.00 per share in exchange for cash proceeds of $9.4\u00a0million and the conversion of then-outstanding conv""}, {""type"": ""round_financing"", ""round"": ""Series A"", ""amount_m"": 0.1, ""sentence"": ""In December 2015, the Company issued and sold 109,186 shares of Series\u00a0A preferred\nstock at a price of $1.00 per share for proceeds of $0.1\u00a0million in the initial closing under the subscription agreem""}, {""type"": ""round_financing"", ""round"": ""Series A"", ""amount_m"": 41.0, ""sentence"": ""During\nthe year ended December\u00a031, 2016, the Company sold the remaining 41,000,001 shares of Series\u00a0A preferred stock related to the August 2015 stock purchase agreement in\ntwo additional closings for""}, {""type"": ""round_financing"", ""round"": ""Series B"", ""amount_m"": 69.7, ""sentence"": ""In\nDecember 2016, the Company entered into a stock purchase agreement and issued and sold 24,911,030 shares of Series\u00a0B redeemable convertible preferred stock (\""Series\u00a0B\npreferred stock\"") at a price o""}, {""type"": ""round_financing"", ""round"": ""Series B"", ""amount_m"": 35.9, ""sentence"": ""In December 2017, the Company entered into a subsequent stock\npurchase agreement and issued and sold an additional 12,811,388 shares of Series\u00a0B preferred stock at a price of $2.81 per share for proce""}]",round_dollar,medium,0001694187,"Neon Therapeutics, Inc."
20.9,"$20.9M (max single round, 1 rounds detected)",1,"[{""type"": ""round_financing"", ""round"": ""Series C"", ""amount_m"": 20.6, ""sentence"": ""Between December 2014 and February 2015, we issued and sold 4,124,871 shares of Series\u00a0C redeemable\nconvertible preferred stock, or Series\u00a0C preferred stock, for net proceeds of $20.6\u00a0million, of whic""}, {""type"": ""round_financing"", ""round"": ""Series C"", ""amount_m"": 20.9, ""sentence"": ""Net cash provided by financing activities of $20.9\u00a0million in the year ended December\u00a031, 2014 was related to proceeds of\n$17.4\u00a0million, net of issuance costs, received from the sale of 3,486,521 shar""}, {""type"": ""round_financing"", ""round"": ""Series C"", ""amount_m"": 13.1, ""sentence"": ""Net cash provided by financing activities of $13.1\u00a0million in the year ended December\u00a031,\n2013 was primarily\nrelated to proceeds of $8.5\u00a0million, net of issuance costs, from the sale and full funding ""}, {""type"": ""round_financing"", ""round"": ""Series C"", ""amount_m"": 17.7, ""sentence"": ""Net\ncash provided by financing activities of $17.7\u00a0million in the three months ended March\u00a031, 2015 was related to proceeds of $13.1\u00a0million, net of issuance costs, received from\nthe sale of 2,624,936""}, {""type"": ""round_financing"", ""round"": ""Series C"", ""amount_m"": 9.7, ""sentence"": ""Net cash provided by financing activities of $9.7\u00a0million in the three\nmonths ended March\u00a031, 2014 was primarily related to proceeds of $9.9\u00a0million, net of issuance costs, received from the sale of 1""}]",round_dollar,medium,0001467652,"Neos Therapeutics, Inc."
1.0,$1.0M (from proceeds phrasing),1,"[{""type"": ""aggregate_proceeds"", ""amount_m"": 1.0, ""sentence"": ""In July\u00a02010, we sold 900,228 shares of Series A preferred stock at $1.11083 per share for net proceeds of approximately $1.0 million.""}, {""type"": ""round_financing"", ""round"": ""Series A"", ""amount_m"": 1.0, ""sentence"": ""Issuances of preferred stock \nIn July\u00a02010, we issued and sold an aggregate of 900,228 shares of our Series A preferred stock at a purchase price of $1.11083 per share, for an aggregate purchase price""}]",proceeds_phrasing+round_dollar,high,0001338095,"NephroGenex, Inc."
,,0,[],none,none,0001513856,"Neurotrope, Inc."
93.4,$93.4M (from proceeds phrasing),2,"[{""type"": ""aggregate_proceeds"", ""amount_m"": 93.4, ""sentence"": ""We received aggregate gross proceeds of approximately $93.4\u00a0million for the sale of our Series\u00a0B Preferred Stock.""}, {""type"": ""round_financing"", ""round"": ""Series A"", ""amount_m"": 31.0, ""sentence"": ""In\nApril 2018, we received gross proceeds of $31.0\u00a0million from the sale and issuance of shares of our Series\u00a0A-3 Preferred Stock, and in November 2018, we received gross\nproceeds of $93.4\u00a0million fro""}, {""type"": ""round_financing"", ""round"": ""Series B"", ""amount_m"": 31.0, ""sentence"": ""In\nApril 2018, we received gross proceeds of $31.0\u00a0million from the sale and issuance of shares of our Series\u00a0A-3 Preferred Stock, and in November 2018, we received gross\nproceeds of $93.4\u00a0million fro""}, {""type"": ""round_financing"", ""round"": ""Series A"", ""amount_m"": 24.9, ""sentence"": ""Cash\nprovided by financing activities was $24.9\u00a0million for the year ended December\u00a031, 2017, which consisted primarily of net proceeds from the issuance and sale of shares\nof our Series\u00a0A Preferred S""}, {""type"": ""round_financing"", ""round"": ""Series A"", ""amount_m"": 25.0, ""sentence"": ""In January 2017, we issued and sold an aggregate of 25,000,000 shares of our Series\u00a0A-2 Preferred Stock, at a purchase price of $1.00 per\nshare, for aggregate proceeds to us of $25\u00a0million.""}, {""type"": ""round_financing"", ""round"": ""Series A"", ""amount_m"": 15.0, ""sentence"": ""In\nDecember 2015, the Company issued 15,000,000 shares of Series\u00a0A-1 Preferred Stock at an issuance price of $1.00 per share for cash proceeds of $15.0\u00a0million.""}, {""type"": ""round_financing"", ""round"": ""Series A"", ""amount_m"": 25.0, ""sentence"": ""In\nJanuary 2017, the Company issued 25,000,000 shares of Series\u00a0A-2 Preferred Stock at an issuance price of $1.00 per share for cash proceeds of $25.0\u00a0million.""}, {""type"": ""round_financing"", ""round"": ""Series B"", ""amount_m"": 78.4, ""sentence"": ""In\nNovember 2018, the Company issued 15,052,117 and 34,276,734 shares of Series\u00a0B-1 Preferred Stock and Series\u00a0B-2 Preferred Stock, respectively, at an issuance price of\n$1.59 per share for aggregate ""}, {""type"": ""round_financing"", ""round"": ""Series B"", ""amount_m"": 15.0, ""sentence"": ""Concurrent\nwith the issuance of the Series B-1 Preferred Stock and Series\u00a0B-2 Preferred Stock, in November 2018, the Company issued 7,500,000 shares of Series\u00a0B-3 Preferred\nStock at an issuance price ""}]",proceeds_phrasing+round_dollar,high,0001661059,NextCure Inc
,,0,[],none,none,0001618561,Nexvet Biopharma plc
,,0,[],none,none,0001467154,"Novan, Inc."
,,0,[],none,none,0001404281,"Novus Therapeutics, Inc."
,,0,[],none,none,0001709626,NuCana plc
23.8,"$23.8M (max single round, 2 rounds detected)",2,"[{""type"": ""round_financing"", ""round"": ""Series D"", ""amount_m"": 15.0, ""sentence"": ""Pro forma net\ntangible book value represents the amount of our total tangible assets less our total liabilities, after giving effect to (1)\u00a0the completion of a debt financing in April 2014 in which we""}, {""type"": ""round_financing"", ""round"": ""Series C"", ""amount_m"": 6.0, ""sentence"": ""Series C Preferred Stock Financing In December 2010 and January 2011, we issued and sold an aggregate of 2,926,827\u00a0shares of our Series\u00a0C preferred stock at a price per\nshare of $2.05 for an aggregate""}, {""type"": ""round_financing"", ""round"": ""Series D"", ""amount_m"": 14.0, ""sentence"": ""156 Table of Contents Series D Preferred Stock Financing In February 2011, we issued and sold an aggregate of 5,691,057 shares of our series D preferred stock at a price per share of $2.46 for an\naggr""}, {""type"": ""round_financing"", ""round"": ""Series D"", ""amount_m"": 23.8, ""sentence"": ""The following table sets forth the aggregate number of shares of our series D preferred stock that we issued and sold to our 5% stockholders and their affiliates in these\ntransactions and the aggregat""}, {""type"": ""round_financing"", ""round"": ""Series D"", ""amount_m"": 8.5, ""sentence"": ""The following table sets forth the aggregate number of shares of our series D preferred stock that we issued and sold to our 5% stockholders and their affiliates in these transactions\nand the aggregat""}, {""type"": ""round_financing"", ""round"": ""Series D"", ""amount_m"": 23.8, ""sentence"": ""II-2 Table of Contents (a) Issuances of Securities Between April 2011 and June 2014, we issued and sold 9,670,730 shares of our series D preferred stock to 14 investors at a price per share of\n$2.46 f""}, {""type"": ""round_financing"", ""round"": ""Series D"", ""amount_m"": 8.5, ""sentence"": ""Between April 2011 and June 2014, we issued and sold 2,833,334 shares of our\nseries D-1 preferred stock to two investors at a price per share of $3.00 for an aggregate purchase price of $8.5 million.""}, {""type"": ""round_financing"", ""round"": ""Series C"", ""amount_m"": 6.0, ""sentence"": ""In December 2010 and January 2011, we issued and sold an aggregate of 2,926,827\u00a0shares of our Series\u00a0C preferred stock at a price per\nshare of $2.05 for an aggregate purchase price of $6.0\u00a0million.""}, {""type"": ""round_financing"", ""round"": ""Series D"", ""amount_m"": 14.0, ""sentence"": ""Table of Contents Series D Preferred Stock Financing In February 2011, we issued and sold an aggregate of 5,691,057 shares of our series D preferred stock at a price per share of $2.46 for an\naggregat""}, {""type"": ""round_financing"", ""round"": ""Series D"", ""amount_m"": 14.0, ""sentence"": ""In February 2011, we issued and sold an aggregate of 5,691,057 shares of our series D preferred stock at a price per share of $2.46 for an\naggregate purchase price of $14.0 million to four of our 5% s""}]",round_dollar,medium,0001393434,Ocular Therapeutix Inc
,,0,[],none,none,0001717452,"Odonate Therapeutics, LLC"
36.2,"$36.2M (max single round, 2 rounds detected)",2,"[{""type"": ""round_financing"", ""round"": ""Series B"", ""amount_m"": 31.3, ""sentence"": ""On\nFebruary\u00a028, 2011, we raised $31.3\u00a0million in a funding round in which we sold shares of our 8% Series\u00a0B cumulative convertible preferred stock, or\nSeries\u00a0B Preferred Stock, led by a new investor, ""}, {""type"": ""round_financing"", ""round"": ""Series B"", ""amount_m"": 36.2, ""sentence"": ""Cash provided by financing activities in 2011 are due to the issuance of 7,963,002 shares of our Series\u00a0B Preferred Stock for\nnet proceeds of $36.2\u00a0million.""}, {""type"": ""round_financing"", ""round"": ""Series B"", ""amount_m"": 10.0, ""sentence"": ""The cash provided by financing activities in the year ended December\u00a031, 2012 is the result of the sale and issuance of 2,041,296 shares of our\nSeries\u00a0B Preferred Stock for net proceeds of $10.0\u00a0milli""}, {""type"": ""round_financing"", ""round"": ""Series B"", ""amount_m"": 33.9, ""sentence"": ""On\nFebruary\u00a028, 2011 the Company closed a Series\u00a0B financing and issued 6,921,939 shares of Series\u00a0B Preferred Stock with total proceeds of $33.9\u00a0million.""}, {""type"": ""round_financing"", ""round"": ""Series B"", ""amount_m"": 33.9, ""sentence"": ""On February\u00a028, 2011, the Company issued 6,921,939 shares of Series\u00a0B\nPreferred Stock at a par value of $.001 and an issuance price of $4.90 for total consideration of $33.9\u00a0million.""}, {""type"": ""round_financing"", ""round"": ""Series B"", ""amount_m"": 2.5, ""sentence"": ""As part of the Series\u00a0B close, the Bridge Note payable of\n$2.5\u00a0million and related accrued interest of $84,444 was converted into 520,418\u00a0shares of Series\u00a0B Preferred Stock and related warrants of $62""}, {""type"": ""round_financing"", ""round"": ""Series B"", ""amount_m"": 5.0, ""sentence"": ""On\nApril\u00a04, 2012, the Company completed the sale and third closing of 1,020,648 shares of Series\u00a0B Preferred Stock at an issuance of $4.90, with gross proceeds received\ntotaling $5.0\u00a0million.""}, {""type"": ""round_financing"", ""round"": ""Series B"", ""amount_m"": 5.0, ""sentence"": ""On\nJuly\u00a024, 2012, the Company completed an additional sale of 1,020,648 shares of Series\u00a0B Preferred Stock at an issuance of $4.90, with gross proceeds received totaling\n$5.0\u00a0million.""}, {""type"": ""round_financing"", ""round"": ""Series A"", ""amount_m"": 4.3, ""sentence"": ""During\n2010, the Company completed the sale and second closing of 3,129,584 shares of Series\u00a0A Preferred Stock at an issuance of $1.38, with gross proceeds received totaling\n$4.3\u00a0million.""}, {""type"": ""round_financing"", ""round"": ""Series B"", ""amount_m"": 33.9, ""sentence"": ""On\nFebruary\u00a028, 2011, we issued an aggregate of 6,921,939 shares of our Series\u00a0B preferred stock to seven investors for aggregate consideration of approximately\n$33.9\u00a0million.""}]",round_dollar,medium,0001477598,"Omthera Pharmaceuticals, Inc."
6.0,"$6.0M (max single round, 1 rounds detected)",1,"[{""type"": ""round_financing"", ""round"": ""Series B"", ""amount_m"": 5.7, ""sentence"": ""Cash provided by financing activities for the year ended December\u00a031, 2009 of\n$5.7 million was due primarily to the receipt of $6.0 million in proceeds from the issuance of shares of Series B-1 conver""}, {""type"": ""round_financing"", ""round"": ""Series B"", ""amount_m"": 6.0, ""sentence"": ""Sales of Series B-1 Preferred Stock In October 2009, we sold 3,529,410 shares of Series B-1 convertible preferred stock at a price of $1.70 per share for gross proceeds of $6.0 million in a third clos""}, {""type"": ""round_financing"", ""round"": ""Series B"", ""amount_m"": 1.0, ""sentence"": ""In conjunction with the additional $1.0 million\nequipment lease line in September 2008, the Company issued an additional warrant to purchase 32,143 shares of Series\u00a0B convertible preferred stock at $1""}, {""type"": ""round_financing"", ""round"": ""Series B"", ""amount_m"": 1.0, ""sentence"": ""In October\u00a02008, in conjunction with the additional $1.0 million equipment lease line of credit described in Note\u00a07,\nthe Company issued a fully vested warrant to purchase an additional 32,143 shares o""}, {""type"": ""round_financing"", ""round"": ""Series B"", ""amount_m"": 6.0, ""sentence"": ""In October 2009, we sold 3,529,410 shares of Series B-1 convertible preferred stock at a price of $1.70 per share for gross\nproceeds of $6.0 million to seven accredited investors.""}, {""type"": ""round_financing"", ""round"": ""Series B"", ""amount_m"": 6.0, ""sentence"": ""In October 2009, we sold 3,529,410 shares of Series B-1 convertible preferred stock at a price of $1.70 per share for gross proceeds of $6.0 million in a third closing in our Series B-1 and B-3 conver""}]",round_dollar,medium,0001302573,OncoMed Pharmaceuticals Inc
,,0,[],none,none,0001584137,"Oncolix, Inc."
,,0,[],none,none,0001130598,"Onconova Therapeutics, Inc."
33.3,"$33.3M (max single round, 1 rounds detected)",1,"[{""type"": ""round_financing"", ""round"": ""Series C"", ""amount_m"": 33.3, ""sentence"": ""We expect that the net proceeds from this offering, together with our existing cash and cash equivalents as of June\u00a030, 2013, the $33.3\u00a0million in proceeds from our sale of series C preferred\nstock in""}, {""type"": ""round_financing"", ""round"": ""Series C"", ""amount_m"": 33.3, ""sentence"": ""In August 2013, we received $33.3 million in additional proceeds from the sale of 13,333,333 shares of our series C preferred stock.""}, {""type"": ""round_financing"", ""round"": ""Series C"", ""amount_m"": 33.3, ""sentence"": ""Our expenses also will increase if and as we: We\nexpect that the net proceeds from this offering, together with our existing cash and cash equivalents as of June 30, 2013, the $33.3 million in proceed""}, {""type"": ""round_financing"", ""round"": ""Series C"", ""amount_m"": 33.3, ""sentence"": ""We\nexpect that the net proceeds from this offering, together with our existing cash and cash equivalents as of June 30, 2013, the $33.3 million in proceeds from our sale of shares of series C preferre""}]",round_dollar,medium,0001410939,Ophthotech Corp.
36.4,"$36.4M (max single round, 2 rounds detected)",2,"[{""type"": ""round_financing"", ""round"": ""Series C"", ""amount_m"": 4.8, ""sentence"": ""During 2015, we received $4.8\u00a0million in net proceeds from the sale of our Series\u00a0C-1 Preferred Stock and\n$14.3\u00a0million in net""}, {""type"": ""round_financing"", ""round"": ""Series D"", ""amount_m"": 36.4, ""sentence"": ""During 2017, we received $36.4\nmillion in net proceeds from the sale of our Series D Preferred Stock.""}, {""type"": ""round_financing"", ""round"": ""Series C"", ""amount_m"": 30.0, ""sentence"": ""In July 2014, we issued and sold an aggregate of 1,419,781 shares of our Series\u00a0C-1 Preferred Stock to some of our existing investors and members of our\nmanagement team and board of directors at a pur""}, {""type"": ""round_financing"", ""round"": ""Series C"", ""amount_m"": 5.0, ""sentence"": ""We subsequently sold an additional 236,629 shares of our\nSeries\u00a0C-1 Preferred Stock at a purchase price of $21.13 per share, for aggregate consideration of $5.0\u00a0million in July 2015.""}, {""type"": ""round_financing"", ""round"": ""Series D"", ""amount_m"": 35.0, ""sentence"": ""In\nMarch 2017, we issued and sold an aggregate of 1,065,451 shares of our Series\u00a0D Preferred Stock to new investors and some of our existing stockholders at a purchase price of $32.85 per\nshare, for a""}, {""type"": ""round_financing"", ""round"": ""Series D"", ""amount_m"": 1.7, ""sentence"": ""In April 2017 and May 2017, we issued and sold to some of our existing stockholders an additional 52,127 shares of our Series\u00a0D\nPreferred Stock at a purchase price of $32.85 per share, for additional ""}, {""type"": ""round_financing"", ""round"": ""Series C"", ""amount_m"": 30.0, ""sentence"": ""In July 2014, we issued an aggregate of 1,419,781 shares of our Series\u00a0C-1 Preferred Stock at a purchase price of $21.13 per share, for aggregate\nconsideration of $30.0\u00a0million.""}, {""type"": ""round_financing"", ""round"": ""Series C"", ""amount_m"": 5.0, ""sentence"": ""In July 2015, we issued an additional 236,629 shares of our Series\u00a0C-1 Preferred Stock at a purchase price of $21.13 per share, for aggregate\nconsideration of $5.0\u00a0million.""}, {""type"": ""round_financing"", ""round"": ""Series D"", ""amount_m"": 35.0, ""sentence"": ""In\nMarch 2017, we issued an aggregate of 1,065,451 shares of our Series\u00a0D Preferred Stock at a purchase price of $32.85 per share, for aggregate consideration of $35.0\u00a0million.""}, {""type"": ""round_financing"", ""round"": ""Series D"", ""amount_m"": 1.7, ""sentence"": ""In April\n2017 and May\u00a02017, we issued an additional 52,127 shares of our Series\u00a0D Preferred Stock at a purchase price of $32.85 per share, for aggregate consideration of $1.7\u00a0million.""}]",round_dollar,medium,0001494650,"OptiNose, Inc."
,,0,[],none,none,0001739426,Osmotica Pharmaceuticals plc
0.1,$0.1M (from proceeds phrasing),4,"[{""type"": ""aggregate_proceeds"", ""amount_m"": 0.1, ""sentence"": ""In February\u00a02011, the Company completed a special closing of the Series B\nconvertible preferred stock through the sale of 128,837 shares of Series B convertible preferred stock at $0.4032 per share fo""}, {""type"": ""round_financing"", ""round"": ""Series C"", ""amount_m"": 45.6, ""sentence"": ""During 2013, net proceeds from our sale of our series\u00a0C convertible preferred stock were $45.6\u00a0million and\nnet proceeds from the issuance of convertible notes were $7.0\u00a0million.""}, {""type"": ""round_financing"", ""round"": ""Series C"", ""amount_m"": 61.9, ""sentence"": ""The following table presents the aggregate number of shares\nof series D convertible preferred stock issued to these related parties in this preferred stock financing: Series C Preferred Stock Financin""}, {""type"": ""round_financing"", ""round"": ""Series B"", ""amount_m"": 1.2, ""sentence"": ""The second closing of the Series\u00a0B convertible preferred stock financing was completed on May\u00a018, 2011, at which time 35,032,960 shares of Series B convertible preferred stock were purchased and\nthe r""}, {""type"": ""round_financing"", ""round"": ""Series A"", ""amount_m"": 10.6, ""sentence"": ""The Company issued 11,949,617 shares of Series A convertible preferred stock upon the conversion of the Notes and related accrued interest\ntotaling $10.6 million (see Note\u00a04).""}, {""type"": ""round_financing"", ""round"": ""Series B"", ""amount_m"": 10.0, ""sentence"": ""The Company issued 24,894,507 shares of Series B convertible preferred stock at $0.4032 per share for $10.0 million in cash.""}, {""type"": ""round_financing"", ""round"": ""Series B"", ""amount_m"": 14.1, ""sentence"": ""In May\u00a02011, the Company completed a scheduled second closing of its Series B convertible preferred stock through the sale of\n35,032,960 shares Series B convertible preferred stock at $0.4032 per shar""}, {""type"": ""round_financing"", ""round"": ""Series C"", ""amount_m"": 0.1, ""sentence"": ""In September 2013, the Company completed a special closing of its Series C convertible\npreferred stock through the sale of 299,999 shares of Series C convertible preferred stock at $0.25 per share for""}, {""type"": ""round_financing"", ""round"": ""Series C"", ""amount_m"": 22.9, ""sentence"": ""In December 2013, the Company completed a second closing of its Series C convertible preferred stock through the sale of 91,800,000 shares of Series C convertible preferred stock at $0.25 per share fo""}, {""type"": ""round_financing"", ""round"": ""Series D"", ""amount_m"": 49.3, ""sentence"": ""Series D\nConvertible Preferred Stock On April\u00a023, 2014, the Company completed the sale of 145,073,529 shares Series D\nconvertible preferred stock to new and existing investors at $0.34 per share for g""}]",proceeds_phrasing+round_dollar,high,0001493566,"Otonomy, Inc."
21.7,$21.7M (from proceeds phrasing),1,"[{""type"": ""aggregate_proceeds"", ""amount_m"": 16.6, ""sentence"": ""In December 2015 and January 2016, we issued and sold an aggregate of 1,978,224 shares of our common stock to 19 accredited investors at a purchase price of\u2009 $8.42 per share, for aggregate net proceed""}, {""type"": ""aggregate_proceeds"", ""amount_m"": 5.1, ""sentence"": ""The foregoing mezzanine financings include the issuance and sale to Proximare Lifesciences Fund LLC, a New Jersey single purpose fund, of an aggregate of 679,664 shares of our common stock at a purcha""}]",proceeds_phrasing,high,0001649989,"Outlook Therapeutics, Inc."
75.6,$75.6M (from proceeds phrasing),2,"[{""type"": ""aggregate_proceeds"", ""amount_m"": 5.0, ""sentence"": ""In October and November 2014, we completed the sale of 5,121,453 shares of Series A convertible preferred stock for aggregate net proceeds of approximately $5.0\u00a0million, which\nincluded the conversion ""}, {""type"": ""aggregate_proceeds"", ""amount_m"": 70.6, ""sentence"": ""In August 2015, we completed the sale of 12,038,506 shares of our Series B convertible preferred stock for aggregate net\nproceeds of approximately $70.6\u00a0million.""}, {""type"": ""round_financing"", ""round"": ""Series B"", ""amount_m"": 50.0, ""sentence"": ""Specifically, we will be obligated to issue additional securities to Takeda equal to the lesser of 8% of our outstanding capital stock or $50.0\u00a0million\nunless certain events occur, and may issue, at o""}, {""type"": ""round_financing"", ""round"": ""Series B"", ""amount_m"": 70.6, ""sentence"": ""The increase was primarily due to interest earned on higher cash and cash equivalents due to the receipt of aggregate net proceeds of $70.6\u00a0million from the sale of\nour Series B convertible preferred ""}, {""type"": ""round_financing"", ""round"": ""Series B"", ""amount_m"": 70.6, ""sentence"": ""Net cash provided by financing activities of $70.6\u00a0million for the year ended December\u00a031, 2015 was due to $70.6\u00a0million of net proceeds received from the sales of our Series B convertible\npreferred s""}, {""type"": ""round_financing"", ""round"": ""Series A"", ""amount_m"": 3.9, ""sentence"": ""The first closing occurred on October\u00a031, 2014, at which time we issued 4,109,308 shares of our Series A convertible\npreferred stock for (1)\u00a0gross cash proceeds of $3.9\u00a0million, (2)\u00a0the conversion of ""}, {""type"": ""round_financing"", ""round"": ""Series A"", ""amount_m"": 1.0, ""sentence"": ""The second closing occurred on November\u00a04, 2014, at which time we issued an additional 1,012,145 shares of our Series A\nconvertible preferred stock for gross cash proceeds of $1.0\u00a0million.""}, {""type"": ""round_financing"", ""round"": ""Series B"", ""amount_m"": 75.0, ""sentence"": ""Series B Convertible Preferred Stock Financing On August\u00a010, 2015, we issued an aggregate of\n12,038,506 shares of our Series\u00a0B convertible preferred stock at a price per share of $6.23 for gross cash ""}, {""type"": ""round_financing"", ""round"": ""Series A"", ""amount_m"": 1.0, ""sentence"": ""The second closing occurred on November\u00a04, 2014, at which time the Company issued an\nadditional 1,012,145 shares of Series A Preferred Stock for gross cash proceeds of $1.0 million.""}, {""type"": ""round_financing"", ""round"": ""Series B"", ""amount_m"": 75.0, ""sentence"": ""In August 2015, the Company issued 12,038,506 shares of\nSeries B Preferred Stock at a price per share of $6.23 for gross cash proceeds of $75.0 million.""}]",proceeds_phrasing+round_dollar,high,0001636651,Ovid Therapeutics Inc
93.0,"$93.0M (max single round, 2 rounds detected)",2,"[{""type"": ""round_financing"", ""round"": ""Series A"", ""amount_m"": 22.0, ""sentence"": ""(b)\u00a0\u00a0\u00a0\u00a0In October 2017, we issued and sold an\naggregate of 11,000,000 shares of our Series A preferred stock at a purchase price of $2.00 per share for aggregate proceeds of $22.0\u00a0million.""}, {""type"": ""round_financing"", ""round"": ""Series B"", ""amount_m"": 93.0, ""sentence"": ""(c)\u00a0\u00a0\u00a0\u00a0In February 2019 and April 2019, we issued and sold an aggregate of 18,644,744 shares of our Series\u00a0B\npreferred stock at a purchase price of $4.988\u00a0per share for aggregate proceeds of $93.0\u00a0mil""}, {""type"": ""round_financing"", ""round"": ""Series A"", ""amount_m"": 22.0, ""sentence"": ""In October 2017, we issued and sold an aggregate of 11,000,000 shares of our Series A preferred stock (exclusive of 10,562,891\nshares issued upon the conversion of the 2016 Notes and 2017 Notes) at a ""}, {""type"": ""round_financing"", ""round"": ""Series B"", ""amount_m"": 93.0, ""sentence"": ""Table of Contents more than 5% of our capital stock (not including the 10,562,891 shares of Series\u00a0A preferred stock issued upon the conversion of the 2016 Notes and 2017 Notes): Series B Preferred St""}, {""type"": ""round_financing"", ""round"": ""Series B"", ""amount_m"": 93.0, ""sentence"": ""In February 2019 and April 2019, we issued and sold an aggregate of 18,644,744 shares of our Series B preferred stock at a purchase price of\n$4.988 per share for an aggregate purchase price of $93.0\u00a0m""}]",round_dollar,medium,0001720725,"Oyster Point Pharma, Inc."
,,0,[],none,none,0001559149,"PAR PHARMACEUTICAL HOLDINGS, INC."
,,0,[],none,none,0001037643,PARATEK PHARMACEUTICALS INC
83.4,$83.4M (from proceeds phrasing),1,"[{""type"": ""aggregate_proceeds"", ""amount_m"": 52.4, ""sentence"": ""In 2015, we consummated the sale and issuance of 12,043,006 shares of Series C-2 Preferred Stock for net proceeds of approximately $52.4 million.""}, {""type"": ""aggregate_proceeds"", ""amount_m"": 14.9, ""sentence"": ""In 2014, we consummated the sale and issuance of 3,558,890 shares of Series C-1 Preferred Stock for net proceeds of approximately $14.9 million.""}, {""type"": ""aggregate_proceeds"", ""amount_m"": 16.1, ""sentence"": ""In 2013, we consummated the sale and issuance of 4,631,505 shares of Series C Preferred Stock for net proceeds of approximately $16.1 million and issued an additional 65,809 shares of Series C Preferr""}, {""type"": ""round_financing"", ""round"": ""Series C"", ""amount_m"": 1.0, ""sentence"": ""Hercules had the right to convert in the first subsequent unregistered financing of our convertible preferred stock (following our Series C-1 Preferred Stock) or other senior equity securities or inst""}, {""type"": ""round_financing"", ""round"": ""Series C"", ""amount_m"": 1.0, ""sentence"": ""Hercules did not exercise this conversion right but did exercise its right to participate in our Series C-2 financing and invested $1.0 million in our Series C-2 Preferred Stock on April 6, 2015.""}, {""type"": ""round_financing"", ""round"": ""Series C"", ""amount_m"": 55.2, ""sentence"": ""Net cash provided by financing activities of $55.2 million for the six months ended June 30, 2015 was primarily due to the proceeds from the issuance of our Series C-2 Preferred Stock of $52.4 million""}, {""type"": ""round_financing"", ""round"": ""Series C"", ""amount_m"": 16.5, ""sentence"": ""Net cash provided by financing activities of $16.5 million for the year ended December 31, 2014 was primarily due to $14.9 million of net proceeds resulting from the sales of shares of our Series C-1 ""}, {""type"": ""round_financing"", ""round"": ""Series C"", ""amount_m"": 15.9, ""sentence"": ""Net cash provided by financing activities of $15.9 million for the year ended December 31, 2013 was primarily due to $15.8 million of net proceeds resulting from the sales of shares of our Series C Pr""}, {""type"": ""round_financing"", ""round"": ""Series C"", ""amount_m"": 1.0, ""sentence"": ""The lender did not exercise this conversion right but did exercise its right to participate in the Series C-2 preferred stock financing and invested $1.0 million in the Series C-2 Convertible Preferre""}]",proceeds_phrasing+round_dollar,high,0001472091,PDS Biotechnology Corp
3.2,$3.2M (from proceeds phrasing),1,"[{""type"": ""aggregate_proceeds"", ""amount_m"": 3.2, ""sentence"": ""The term loans closed on December 21, 2015, and we received from the escrow agent net proceeds of approximately $3.2 million, after deducting certain fees and expenses.""}, {""type"": ""round_financing"", ""round"": ""Series A"", ""amount_m"": 5.3, ""sentence"": ""Net cash provided by financing activities was approximately $5.3 million for the year ended December 31, 2014, which was due to the issuing of Series A-1 preferred stock of $5.5 million related to the""}, {""type"": ""round_financing"", ""round"": ""Series A"", ""amount_m"": 5.5, ""sentence"": ""In addition, on April 9, 2014 and October 23, 2014, in two\nseparate closings, we issued to an affiliate of Synageva an aggregate of 5,500,000 shares of our Series A-1 preferred stock for aggregate cas""}, {""type"": ""round_financing"", ""round"": ""Series A"", ""amount_m"": 5.5, ""sentence"": ""In addition, on April 9, 2014 and\nOctober 23, 2014, in two separate closings, we issued to an affiliate of Synageva an aggregate of 5,500,000 shares of our Series A-1 preferred stock for aggregate cas""}, {""type"": ""round_financing"", ""round"": ""Series A"", ""amount_m"": 5.5, ""sentence"": ""On April 9, 2014 and October 23, 2014, in two separate closings, we issued to Savoy Therapeutics Corp., an accredited investor (as defined by Rule 501 under the Securities Act of 1933, as amended) an ""}]",proceeds_phrasing+round_dollar,high,0001429386,"PHASERX, INC."
,,0,[],none,none,0001291520,PLX PHARMA INC.
89.0,"$89.0M (max single round, 1 rounds detected)",1,"[{""type"": ""round_financing"", ""round"": ""Series D"", ""amount_m"": 89.0, ""sentence"": ""Sales of preferred stock In November 2011, we sold an aggregate of 62,870,506 shares of our Series D convertible preferred stock at a purchase price of $1.415 per share for an\naggregate purchase price""}, {""type"": ""round_financing"", ""round"": ""Series D"", ""amount_m"": 50.0, ""sentence"": ""Each\nshare of convertible preferred stock automatically converts into common stock in the event of an initial public offering of our common stock with gross proceeds of at least $50.0 million and the ""}, {""type"": ""round_financing"", ""round"": ""Series D"", ""amount_m"": 89.0, ""sentence"": ""In November 2011, we sold an aggregate of 62,870,506 shares of our Series D convertible preferred stock at a purchase price of $1.415 per share for an\naggregate purchase price of approximately $89.0 m""}]",round_dollar,medium,0001269021,PORTOLA PHARMACEUTICALS INC
,,0,[],none,none,0001515740,PREMIER BIOMEDICAL INC
49.7,$49.7M (from proceeds phrasing),2,"[{""type"": ""aggregate_proceeds"", ""amount_m"": 24.7, ""sentence"": ""On May\u00a013, 2014, we received net proceeds of approximately $24.7\u00a0million from the issuance of Series\u00a0D convertible\npreferred stock to new and existing investors at a price per share of $0.588656.""}, {""type"": ""aggregate_proceeds"", ""amount_m"": 25.0, ""sentence"": ""On\nMay\u00a013, 2014, we received net proceeds of approximately $25.0\u00a0million from the issuance of Series\u00a0D convertible preferred stock to new and existing investors at a\nprice per share of $0.588656.""}, {""type"": ""round_financing"", ""round"": ""Series D"", ""amount_m"": 4.5, ""sentence"": ""On May\u00a013, 2014, we entered into a Series\u00a0D Convertible\nPreferred\nStock Purchase Agreement, or the Series\u00a0D Purchase Agreement, pursuant to which (i)\u00a0we sold and issued a total of 10,344,201 shares of""}, {""type"": ""round_financing"", ""round"": ""Series D"", ""amount_m"": 4.5, ""sentence"": ""On\nMay\u00a013, 2014, upon the closing of our Series\u00a0D convertible preferred stock financing described below, the convertible notes, in the aggregate amount of approximately\n$4.5\u00a0million principal and accr""}, {""type"": ""round_financing"", ""round"": ""Series D"", ""amount_m"": 4.6, ""sentence"": ""In aggregate, we issued 52,813,827 shares of Series\u00a0D preferred stock including 10,344,201 shares for the\nconversion of $4.6\u00a0million of convertible notes and accrued interest at a\nconversion price of ""}, {""type"": ""round_financing"", ""round"": ""Series D"", ""amount_m"": 20.0, ""sentence"": ""As provided by the Series\u00a0D stock purchase agreement, the investors in the Series\u00a0D convertible preferred stock have the potential opportunity to\ninvest an additional $20.0\u00a0million in Series\u00a0D convert""}, {""type"": ""round_financing"", ""round"": ""Series D"", ""amount_m"": 4.5, ""sentence"": ""This included 10,344,201 shares of our Series\u00a0D preferred stock that was paid for by converting of\napproximately $4.5\u00a0million of principal indebtedness and unpaid accrued interest thereon under the pr""}, {""type"": ""round_financing"", ""round"": ""Series C"", ""amount_m"": 7.0, ""sentence"": ""In\nthe event the Company issues or sells equity securities prior to the Maturity Date with aggregate proceeds of not less than $7.0\u00a0million, the Convertible Notes plus all accrued\ninterest automatical""}, {""type"": ""round_financing"", ""round"": ""Series D"", ""amount_m"": 4.6, ""sentence"": ""In aggregate, we issued 52,813,827 shares of Series\u00a0D preferred stock including 10,344,201 shares for the conversion of $4.6\u00a0million of convertible notes\nand accrued interest at a conversion price of ""}, {""type"": ""round_financing"", ""round"": ""Series D"", ""amount_m"": 25.0, ""sentence"": ""On\nMay\u00a013, 2014, the Company issued 42,469,626 shares of Series\u00a0D Preferred Stock to new and existing investors at a price of $0.588656 per share for gross proceeds of\n$25.0\u00a0million.""}]",proceeds_phrasing+round_dollar,high,0001359931,PROTEON THERAPEUTICS INC
25.2,"$25.2M (max single round, 2 rounds detected)",2,"[{""type"": ""round_financing"", ""round"": ""Series B"", ""amount_m"": 25.2, ""sentence"": ""During the nine months ended September 30, 2015, net cash provided by\nfinancing activities was $25.2 million, primarily resulting from net proceeds of $21.1 million from the sale of Series B preferred""}, {""type"": ""round_financing"", ""round"": ""Series A"", ""amount_m"": 10.1, ""sentence"": ""During the nine months ended September 30, 2014, net cash provided by financing activities\nwas $10.1\u00a0million, primarily resulting from net proceeds of $4.9 million from the sale of Series A preferred ""}, {""type"": ""round_financing"", ""round"": ""Series A"", ""amount_m"": 15.0, ""sentence"": ""During the year ended December\u00a031, 2014, net cash provided by financing activities was $15.0 million as a result of $10.0 million of\nproceeds received from our issuance of convertible promissory notes""}, {""type"": ""round_financing"", ""round"": ""Series A"", ""amount_m"": 5.0, ""sentence"": ""Issuance of capital stock In January 2014, we issued and sold an aggregate of 5,000,000 shares of our Series A preferred stock for aggregate consideration of $5.0\nmillion in cash to one investor.""}, {""type"": ""round_financing"", ""round"": ""Series B"", ""amount_m"": 22.0, ""sentence"": ""In September 2015, we issued and sold an aggregate of 17,107,303 shares of our Series B preferred stock for aggregate consideration of $22.0\nmillion in cash to existing investors and one new investor.""}, {""type"": ""round_financing"", ""round"": ""Series B"", ""amount_m"": 15.8, ""sentence"": ""Also in September 2015, pursuant to the terms of our convertible promissory notes described below, we issued an aggregate of 12,284,466 shares of Series B preferred stock to existing\ninvestors upon th""}, {""type"": ""round_financing"", ""round"": ""Series A"", ""amount_m"": 0.2, ""sentence"": ""Table of Contents proceeds received from the issuance of Series A preferred stock, and $0.2 million of proceeds received from the exercise of stock options, all of which were partially offset by payme""}, {""type"": ""round_financing"", ""round"": ""Series A"", ""amount_m"": 0.2, ""sentence"": ""proceeds received from the issuance of Series A preferred stock, and $0.2 million of proceeds received from the exercise of stock options, all of which were partially offset by payments of $0.1\nmillio""}, {""type"": ""round_financing"", ""round"": ""Series A"", ""amount_m"": 5.0, ""sentence"": ""In January 2014, we issued and sold an aggregate of 5,000,000 shares of our Series A preferred stock for aggregate consideration of $5.0\nmillion in cash to one investor.""}]",round_dollar,medium,0001445283,"PROTEOSTASIS THERAPEUTICS, INC."
,,0,[],none,none,0001070081,PTC Therapeutics Inc
,,0,[],none,none,0001643848,Patheon N.V.
150.3,$150.3M (from proceeds phrasing),2,"[{""type"": ""aggregate_proceeds"", ""amount_m"": 150.3, ""sentence"": ""(2) In February 2019, we issued and sold an aggregate of 39,448,810 shares of our Series E convertible preferred stock at a purchase price of\n$3.81 per share for aggregate gross proceeds of approximat""}, {""type"": ""round_financing"", ""round"": ""Series E"", ""amount_m"": 150.1, ""sentence"": ""In February 2019, we sold and issued 39,448,810\u00a0shares of Series\u00a0E convertible preferred stock, generating net proceeds of $150.1\u00a0million.""}, {""type"": ""round_financing"", ""round"": ""Series D"", ""amount_m"": 23.6, ""sentence"": ""Financing Activities Net cash provided by financing activities during the year ended December\u00a031, 2017 was $23.6\u00a0million, primarily consisting of proceeds\nof $23.2\u00a0million generated from our sale of s""}, {""type"": ""round_financing"", ""round"": ""Series D"", ""amount_m"": 18.7, ""sentence"": ""Net cash provided by financing activities during the year ended December\u00a031, 2018 was\n$18.7\u00a0million, primarily consisting of proceeds of $18.2\u00a0million generated from our sale of shares of Series\u00a0D con""}, {""type"": ""round_financing"", ""round"": ""Series E"", ""amount_m"": 150.3, ""sentence"": ""In February 2019 we issued and sold an aggregate of 39,448,810 shares of our Series E convertible preferred stock at a purchase price of $3.81 per share for an aggregate purchase price of approximatel""}, {""type"": ""round_financing"", ""round"": ""Series E"", ""amount_m"": 150.2, ""sentence"": ""On\nFebruary\u00a014, 2019, the Company sold and issued 39,448,810 shares of Series\u00a0E convertible preferred stock (\u201cSeries\u00a0E\u201d) at a price of $3.81\u00a0per share, generating proceeds of $150.2\u00a0million, net of is""}, {""type"": ""round_financing"", ""round"": ""Series E"", ""amount_m"": 150.1, ""sentence"": ""As of December\u00a031, 2018, the outstanding shares of convertible preferred stock were as follows (in thousands, except share amounts): As of March\u00a031, 2019, the outstanding shares of convertible preferr""}, {""type"": ""round_financing"", ""round"": ""Series D"", ""amount_m"": 92.8, ""sentence"": ""(1) In April 2016, September 2016, February 2017 and June 2018, we issued and sold an aggregate of 28,548,217 shares of our\nSeries\u00a0D convertible preferred stock at a purchase price of $3.25 per share ""}, {""type"": ""round_financing"", ""round"": ""Series D"", ""amount_m"": 23.6, ""sentence"": ""Net cash provided by financing activities during the year ended December\u00a031, 2017 was $23.6\u00a0million, primarily consisting of proceeds\nof $23.2\u00a0million generated from our sale of shares of Series\u00a0D con""}, {""type"": ""round_financing"", ""round"": ""Series D"", ""amount_m"": 92.8, ""sentence"": ""In April 2016,\nSeptember 2016, February 2017 and June 2018 we issued and sold an aggregate of 28,548,217 shares of our Series\u00a0D convertible preferred stock at a purchase price of $3.25 per share for a""}]",proceeds_phrasing+round_dollar,high,0001525145,"Peloton Therapeutics, Inc."
10.0,"$10.0M (max single round, 1 rounds detected)",1,"[{""type"": ""round_financing"", ""round"": ""Series A"", ""amount_m"": 10.0, ""sentence"": ""In December 2009, we raised cash proceeds\nof $10.0\u00a0million from the sale of common and Series A-2 convertible preferred stock.""}, {""type"": ""round_financing"", ""round"": ""Series A"", ""amount_m"": 10.0, ""sentence"": ""In December 2009, we\nsold a total of 10,000,000 shares of Series A-2 convertible preferred stock and 1,190,000 shares of common stock to three previously unrelated investors, resulting in total cash p""}]",round_dollar,medium,0001478121,Pfenex Inc.
,,0,[],none,none,0001169245,PhaseBio Pharmaceuticals Inc
,,0,[],none,none,0001783183,Phathom Pharmaceuticals Inc
28.2,$28.2M (from proceeds phrasing),1,"[{""type"": ""aggregate_proceeds"", ""amount_m"": 16.2, ""sentence"": ""Galena raised\ngross proceeds of approximately $16.2\u00a0million in the 2010 Offering and net cash proceeds,\nafter deducting the placement agent fees and other offering expenses payable by Galena, of\nappro""}, {""type"": ""aggregate_proceeds"", ""amount_m"": 12.0, ""sentence"": ""On April\u00a020, 2011, Galena completed an underwritten public offering of 11,950,000 units at a\nprice to the public of $1.00 per unit for gross proceeds of approximately $12\u00a0million (the \u201cApril\n2011 Offe""}]",proceeds_phrasing,high,0001533040,Phio Pharmaceuticals Corp.
33.3,"$33.3M (max single round, 2 rounds detected)",2,"[{""type"": ""round_financing"", ""round"": ""Series A"", ""amount_m"": 33.3, ""sentence"": ""Preferred Stock Financings From December 2015 through March 2016, we issued and sold to investors across multiple closings an aggregate of 9,696,798 shares of our Series\nA preferred stock at a purchas""}, {""type"": ""round_financing"", ""round"": ""Series A"", ""amount_m"": 11.2, ""sentence"": ""In July 2017, we issued and sold to investors an aggregate of 3,253,645 shares of\nour Series\u00a0A-1 preferred stock at a purchase price of $3.43 per share, for aggregate consideration of $11.2\u00a0million.""}, {""type"": ""round_financing"", ""round"": ""Series B"", ""amount_m"": 30.5, ""sentence"": ""In March 2018, we issued and sold to investors across two closings an aggregate of\n5,249,568 shares of our Series B preferred stock at a purchase price of $5.81 per share, for aggregate consideration ""}, {""type"": ""round_financing"", ""round"": ""Series B"", ""amount_m"": 30.5, ""sentence"": ""Additionally, the Company raised $30.5\u00a0million in proceeds from the sale of Series B convertible preferred stock in March\n2018 (see Note 17).""}, {""type"": ""round_financing"", ""round"": ""Series A"", ""amount_m"": 19.8, ""sentence"": ""The cash proceeds for the Series A Preferred Stock was $19.8\u00a0million, net of issuance costs of $0.4\u00a0million.""}, {""type"": ""round_financing"", ""round"": ""Series A"", ""amount_m"": 11.1, ""sentence"": ""The cash proceeds for the Series A-1 Preferred Stock was $11.1\u00a0million, net of issuance costs of\n$0.1\u00a0million.""}, {""type"": ""round_financing"", ""round"": ""Series B"", ""amount_m"": 30.5, ""sentence"": ""In March 2018, the Company closed a Series B convertible preferred stock financing with gross proceeds of $30.5\u00a0million.""}, {""type"": ""round_financing"", ""round"": ""Series B"", ""amount_m"": 30.3, ""sentence"": ""The cash proceeds for the Series B Preferred Stock was $30.3\u00a0million, net of issuance costs of $0.2\u00a0million.""}]",round_dollar,medium,0001661460,"Poseida Therapeutics, Inc."
220.0,$220.0M (from proceeds phrasing),2,"[{""type"": ""aggregate_proceeds"", ""amount_m"": 110.0, ""sentence"": ""Series B preferred stock financing From May 2018 to July 2018, we issued and sold to investors in a private placement 21,956,095 shares of our Series B preferred stock at a price per share of $5.01, f""}, {""type"": ""aggregate_proceeds"", ""amount_m"": 110.0, ""sentence"": ""From May 2018 to July 2018, we issued and sold to investors in a private placement 21,956,095 shares of our Series B preferred stock at a price per share of $5.01, for aggregate gross proceeds of appr""}, {""type"": ""round_financing"", ""round"": ""Series B"", ""amount_m"": 107.8, ""sentence"": ""Financing activities Net cash provided in financing activities for the year ended December 31, 2018 was $107.8 million, consisting of the net proceeds from the issuance of our Series B\nconvertible pre""}, {""type"": ""round_financing"", ""round"": ""Series A"", ""amount_m"": 25.7, ""sentence"": ""Notes to consolidated financial statements Preferred stock In 2015, the Company issued 25,650,000 shares of Series A preferred stock for gross proceeds of $25.7\u00a0million and incurred stock issuance cos""}, {""type"": ""round_financing"", ""round"": ""Series B"", ""amount_m"": 110.0, ""sentence"": ""From May 2018 to July 2018, the Company issued 21,956,095 shares of its Series\nB preferred stock and received approximately $110.0\u00a0million in gross proceeds, less $0.3\u00a0million in aggregate offering co""}, {""type"": ""round_financing"", ""round"": ""Series B"", ""amount_m"": 50.0, ""sentence"": ""Each share of the Series A and Series B preferred stock will be automatically converted into shares of common stock, at the applicable conversion rate then in effect, upon the earlier of\n(i)\u00a0the closi""}, {""type"": ""round_financing"", ""round"": ""Series B"", ""amount_m"": 110.0, ""sentence"": ""From May 2018 to July 2018, we issued 21,956,095 shares of Series B Preferred Stock to certain accredited investors at a price of $5.01 per share for aggregate proceeds of approximately $110.0\u00a0million""}, {""type"": ""round_financing"", ""round"": ""Series B"", ""amount_m"": 107.8, ""sentence"": ""Net cash provided in financing activities for the year ended December 31, 2018 was $107.8 million, consisting of the net proceeds from the issuance of our Series B\nconvertible preferred stock financin""}, {""type"": ""round_financing"", ""round"": ""Series A"", ""amount_m"": 25.7, ""sentence"": ""In 2015, the Company issued 25,650,000 shares of Series A preferred stock for gross proceeds of $25.7\u00a0million and incurred stock issuance costs of $0.3\u00a0million.""}]",proceeds_phrasing+round_dollar,high,0001357874,Precision Biosciences Inc
125.0,$125.0M (from proceeds phrasing),2,"[{""type"": ""aggregate_proceeds"", ""amount_m"": 50.0, ""sentence"": ""In March 2019, we issued an aggregate of 2,443,244 shares of our Series B convertible\npreferred stock at $20.4646 per share, for aggregate gross proceeds of approximately $50.0\u00a0million.""}, {""type"": ""aggregate_proceeds"", ""amount_m"": 75.0, ""sentence"": ""In March 2018, we issued an aggregate of 5,553,759 shares of our Series A convertible preferred stock at $13.7347 per share, of which 821,216 shares were issued at a 10% discount upon conversion of a ""}, {""type"": ""round_financing"", ""round"": ""Series B"", ""amount_m"": 50.0, ""sentence"": ""In March 2019, we raised an aggregate of $50.0 million of gross proceeds from our Series B convertible preferred stock financing.""}, {""type"": ""round_financing"", ""round"": ""Series B"", ""amount_m"": 129.0, ""sentence"": ""Since our inception, we have funded our operations primarily through\nequity and convertible debt financings, and have raised an aggregate of approximately $129.0\u00a0million of gross proceeds through thes""}, {""type"": ""round_financing"", ""round"": ""Series A"", ""amount_m"": 0.4, ""sentence"": ""During the three months ended March 31, 2018, interest expense incurred of $0.4 million was related to a convertible note\nissued to one of our investors, which converted into shares of our Series A co""}, {""type"": ""round_financing"", ""round"": ""Series A"", ""amount_m"": 0.9, ""sentence"": ""Interest (Expense) Income In 2018, we generated $0.9\u00a0million in interest income from our institutional money market accounts partially offset by the interest\nexpenses incurred related to a convertible""}, {""type"": ""round_financing"", ""round"": ""Series B"", ""amount_m"": 129.0, ""sentence"": ""Since our inception, we have funded our operations primarily through equity and convertible debt financings,\nand have raised an aggregate of approximately $129.0\u00a0million of gross proceeds through thes""}, {""type"": ""round_financing"", ""round"": ""Series A"", ""amount_m"": 0.9, ""sentence"": ""In 2018, we generated $0.9\u00a0million in interest income from our institutional money market accounts partially offset by the interest\nexpenses incurred related to a convertible note issued to one of our""}]",proceeds_phrasing+round_dollar,high,0001714798,Prevail Therapeutics Inc.
105.5,$105.5M (from proceeds phrasing),2,"[{""type"": ""aggregate_proceeds"", ""amount_m"": 40.1, ""sentence"": ""As of December 31, 2016, convertible preferred stock consisted of the following (in thousands, except share amounts): As of December 31, 2017, convertible preferred stock consisted of the following (i""}, {""type"": ""aggregate_proceeds"", ""amount_m"": 25.3, ""sentence"": ""The\nSeries B purchase agreement contemplated the sale in an additional closing, the second tranche (\u201cSeries B-2\u201d), of up to 19,130,887 additional shares of our Series B preferred stock for aggregate g""}, {""type"": ""aggregate_proceeds"", ""amount_m"": 40.1, ""sentence"": ""In 2011 and 2012, we sold a total of 40,094,998 shares of Series A convertible preferred stock, at a price per share of $1.00, for gross\nproceeds of approximately $40.1\u00a0million.""}, {""type"": ""round_financing"", ""round"": ""Series C"", ""amount_m"": 50.0, ""sentence"": ""3 Table of Contents In addition, in August 2018, we closed a Series\u00a0C preferred stock financing and raised gross proceeds of $50.0\u00a0million.""}, {""type"": ""round_financing"", ""round"": ""Series C"", ""amount_m"": 49.7, ""sentence"": ""In\nAugust 2018, we sold 31,563,650 shares of Series C convertible preferred stock at a price of $1.5841 per share for net proceeds of $49.7 million.""}, {""type"": ""round_financing"", ""round"": ""Series C"", ""amount_m"": 50.0, ""sentence"": ""In\naddition, in August 2018, we closed a Series\u00a0C preferred stock financing for gross proceeds of $50.0\u00a0million.""}, {""type"": ""round_financing"", ""round"": ""Series B"", ""amount_m"": 15.3, ""sentence"": ""The following table summarizes the Series C convertible preferred stock purchased by our executive officers, directors, holders of more than 5% of any class of our outstanding\ncapital stock and their ""}, {""type"": ""round_financing"", ""round"": ""Series B"", ""amount_m"": 25.3, ""sentence"": ""Pursuant to the financing terms, we\nissued 22,957,067 shares of Series B-1 convertible preferred stock at $1.10 per share for gross cash proceeds of $25.3\u00a0million.""}, {""type"": ""round_financing"", ""round"": ""Series B"", ""amount_m"": 25.3, ""sentence"": ""Under the terms of the stock purchase agreement, we issued 19,130,887 shares of Series B-2 convertible preferred stock at $1.32 per share for gross cash proceeds of approximately $25.3\u00a0million.""}, {""type"": ""round_financing"", ""round"": ""Series C"", ""amount_m"": 49.7, ""sentence"": ""The following table summarizes our future lease obligations under the new lease agreement (in\nthousands): F-28 Table of Contents In August 2018, we sold 31,563,650 shares of Series C convertible prefe""}]",proceeds_phrasing+round_dollar,high,0001510487,Principia Biopharma Inc.
,,0,[],none,none,0001290149,ProNAi Therapeutics Inc
,,0,[],none,none,0001612940,ProQR Therapeutics BV
,,0,[],none,none,0001517681,"Propanc Biopharma, Inc."
57.5,$57.5M (from proceeds phrasing),2,"[{""type"": ""aggregate_proceeds"", ""amount_m"": 22.5, ""sentence"": ""Management believes that its cash, cash equivalents and available-for-sale securities of $11.9 million as of\nDecember 31, 2015, and the net proceeds of approximately $22.5 million from the closing of ""}, {""type"": ""aggregate_proceeds"", ""amount_m"": 17.5, ""sentence"": ""The initial closing occurred on July 10, 2015, whereby 35,147,617 shares of Series C redeemable convertible preferred\nstock were issued for gross proceeds of approximately $17.5 million.""}, {""type"": ""aggregate_proceeds"", ""amount_m"": 17.5, ""sentence"": ""The initial closing occurred on July 10, 2015, whereby 35,147,617\nshares of Series C redeemable convertible preferred stock were issued for gross proceeds of approximately $17.5 million.""}, {""type"": ""round_financing"", ""round"": ""Series B"", ""amount_m"": 18.0, ""sentence"": ""Preferred Stock Financings Series B Preferred Stock Financing In May 2013 and August 2014, we issued and sold an aggregate of 36,000,000 shares of our Series\u00a0B preferred stock (Series B Stock), at a\np""}, {""type"": ""round_financing"", ""round"": ""Series C"", ""amount_m"": 40.0, ""sentence"": ""The following table sets forth the aggregate number of shares of Series\u00a0B Stock issued to these related parties in this preferred stock financing: Series C Preferred Stock Financing From July 2015 thr""}, {""type"": ""round_financing"", ""round"": ""Series B"", ""amount_m"": 18.0, ""sentence"": ""In May 2013 and August 2014, we issued and sold an aggregate of 36,000,000 shares of our Series\u00a0B preferred stock (Series B Stock), at a\npurchase price of $0.50 per share, for aggregate consideration ""}, {""type"": ""round_financing"", ""round"": ""Series C"", ""amount_m"": 40.0, ""sentence"": ""From July 2015 through March 2016, we issued and sold an aggregate of 80,337,411 shares of our Series C preferred stock (Series C Stock), at a\npurchase price of $0.4979 per share, for aggregate consid""}]",proceeds_phrasing+round_dollar,high,0001377121,Protagonist Therapeutics Inc
,,0,[],none,none,0001695357,"Provention Bio, Inc."
179.6,$179.6M (from proceeds phrasing),2,"[{""type"": ""aggregate_proceeds"", ""amount_m"": 30.0, ""sentence"": ""160 Table of Contents Series C Convertible Preferred Stock Financing In December 2017, we issued and sold to investors in a private placement 13,054,679 shares of our Series\u00a0C convertible preferred st""}, {""type"": ""aggregate_proceeds"", ""amount_m"": 30.0, ""sentence"": ""In June 2018, we sold an additional 13,054,684 shares of Series\u00a0C convertible preferred stock at a purchase price of $2.2925 per share for\naggregate gross proceeds of approximately $30\u00a0million.""}, {""type"": ""aggregate_proceeds"", ""amount_m"": 22.6, ""sentence"": ""Series C-2 Convertible Preferred Stock Financing In December 2018, we issued and sold to investors in\na private placement 9,873,412 shares of our Series\u00a0C-2 convertible preferred stock at a purchase p""}, {""type"": ""aggregate_proceeds"", ""amount_m"": 14.4, ""sentence"": ""Between\nJanuary 2019 and June 2019, we sold additional 6,311,445 shares of Series C-2 convertible preferred stock at a purchase price of $2.2925 per share for aggregate gross proceeds of approximately""}, {""type"": ""aggregate_proceeds"", ""amount_m"": 30.0, ""sentence"": ""Table of Contents Series C Convertible Preferred Stock Financing In December 2017, we issued and sold to investors in a private placement 13,054,679 shares of our Series\u00a0C convertible preferred stock ""}, {""type"": ""aggregate_proceeds"", ""amount_m"": 30.0, ""sentence"": ""In December 2017, we issued and sold to investors in a private placement 13,054,679 shares of our Series\u00a0C convertible preferred stock at\na purchase price of $2.2925 per share for aggregate gross proc""}, {""type"": ""aggregate_proceeds"", ""amount_m"": 22.6, ""sentence"": ""In December 2018, we issued and sold to investors in\na private placement 9,873,412 shares of our Series\u00a0C-2 convertible preferred stock at a purchase price of $2.2925 per share for aggregate gross pro""}, {""type"": ""round_financing"", ""round"": ""Series C"", ""amount_m"": 175.6, ""sentence"": ""Since inception, we have financed our operations primarily through the private placements of convertible preferred stock with net proceeds of\n$175.6\u00a0million, including $7.5 million raised through the ""}, {""type"": ""round_financing"", ""round"": ""Series B"", ""amount_m"": 50.0, ""sentence"": ""Preferred Stock\nFinancings Series B Convertible Preferred Stock Financing In April 2016, we issued and sold to investors in a private placement 25,000,000 shares of our Series\u00a0B convertible preferred ""}, {""type"": ""round_financing"", ""round"": ""Series C"", ""amount_m"": 29.9, ""sentence"": ""Convertible Preferred Stock and\nStockholders\u2019 Deficit Convertible preferred stock In June 2018, the Company completed a subsequent closing of Series C convertible preferred stock financing at $2.2925 ""}]",proceeds_phrasing+round_dollar,high,0001673772,"RAPT Therapeutics, Inc."
,,0,[],none,none,0001553643,"RELMADA THERAPEUTICS, INC."
24.1,$24.1M (from proceeds phrasing),2,"[{""type"": ""aggregate_proceeds"", ""amount_m"": 24.1, ""sentence"": ""On\nJuly\u00a010, 2015, the Company received gross proceeds of approximately $24.1\u00a0million from the issuance of Series\u00a0B-1 Preferred Stock to new and existing investors at\na price per share of $0.92667.""}, {""type"": ""round_financing"", ""round"": ""Series B"", ""amount_m"": 29.2, ""sentence"": ""The increase in cash provided by financing activities was due to net proceeds of $29.2\u00a0million related to the issuance of\nSeries\u00a0B-2 preferred stock and proceeds of $43,000 from the exercise of stock ""}, {""type"": ""round_financing"", ""round"": ""Series B"", ""amount_m"": 28.9, ""sentence"": ""The increase in cash provided by financing activities was attributable to net proceeds of $28.9\u00a0million related to the issuance of convertible notes and\nSeries\u00a0B-1 preferred stock during the year ende""}, {""type"": ""round_financing"", ""round"": ""Series B"", ""amount_m"": 19.4, ""sentence"": ""The Company believes that its existing cash and cash equivalents of $19.4\u00a0million as of\nDecember\u00a031, 2015, as well as net proceeds of $29.2\u00a0million received in connection with the Series\u00a0B-2 Preferred""}, {""type"": ""round_financing"", ""round"": ""Series A"", ""amount_m"": 9.7, ""sentence"": ""In February 2010, the Company issued 12,887,999 shares of Series\u00a0A Preferred Stock pursuant to the Series\u00a0A Preferred\nStock agreement at a price of $0.80176 per share, for gross proceeds of $9.7\u00a0milli""}, {""type"": ""round_financing"", ""round"": ""Series A"", ""amount_m"": 8.6, ""sentence"": ""In\nFebruary 2012, the Board of Directors waived certain Second Tranche milestone events provided for in the Series\u00a0A Preferred Stock agreement and the Company issued 10,776,283\nshares of Series\u00a0A Pref""}, {""type"": ""round_financing"", ""round"": ""Series A"", ""amount_m"": 8.6, ""sentence"": ""In\nMarch 2014, the Board of Directors waived certain Third Tranche milestone events provided for in the Series\u00a0A Preferred Stock agreement and the Company issued 10,776,283 shares\nof Series\u00a0A Preferre""}, {""type"": ""round_financing"", ""round"": ""Series B"", ""amount_m"": 24.1, ""sentence"": ""In July 2015, the Company issued 31,564,630 shares of Series\u00a0B-1 Preferred Stock pursuant to the Series\u00a0B Preferred Stock\nagreement at a price of $0.92667 per share for gross proceeds of $24.1\u00a0million""}, {""type"": ""round_financing"", ""round"": ""Series B"", ""amount_m"": 29.2, ""sentence"": ""In\nJune 2016, the Company issued 29,362,452 shares of Series\u00a0B-2 Preferred Stock pursuant to the Series\u00a0B Preferred Stock Agreement at a price of $0.99617 per share, for\ngross proceeds of $29.2\u00a0millio""}, {""type"": ""round_financing"", ""round"": ""Series B"", ""amount_m"": 40.0, ""sentence"": ""Conversion of Series\u00a0A and Series\u00a0B Preferred Stock is\nat the option of the holder; however, it is automatic upon the closing of an initial public offering, resulting in at least $40\u00a0million of gross ""}]",proceeds_phrasing+round_dollar,high,0001481512,"Ra Pharmaceuticals, Inc."
61.5,"$61.5M (max single round, 2 rounds detected)",2,"[{""type"": ""round_financing"", ""round"": ""Series B"", ""amount_m"": 61.5, ""sentence"": ""Through December\u00a031, 2012, we have received $61.5\u00a0million in proceeds from the sale of our Series\u00a0A and Series\u00a0B convertible preferred stock,\nincluding the sale of Series\u00a0B convertible preferred stock""}, {""type"": ""round_financing"", ""round"": ""Series A"", ""amount_m"": 8.7, ""sentence"": ""During 2011, net proceeds from the sale of our Series\u00a0A convertible preferred stock and common stock warrants was\n$8.7\u00a0million.""}, {""type"": ""round_financing"", ""round"": ""Series B"", ""amount_m"": 12.6, ""sentence"": ""During the year ended December\u00a031, 2012, net proceeds from the sale of our Series\u00a0B convertible preferred stock was $12.6\u00a0million.""}, {""type"": ""round_financing"", ""round"": ""Series B"", ""amount_m"": 1.1, ""sentence"": ""In\nFebruary 2012, in connection with the closing of the Company's Series\u00a0B Convertible Preferred Stock financing, a sister company of the Company's landlord purchased 1,092,233\nshares of Series\u00a0B Conv""}, {""type"": ""round_financing"", ""round"": ""Series A"", ""amount_m"": 18.7, ""sentence"": ""Prior to 2011, the Company issued 26,963,920 shares of its Series\u00a0A Convertible Preferred Stock under a Series\u00a0A\nPreferred Stock Purchase Agreement at $0.70 per share for cash proceeds of approximatel""}, {""type"": ""round_financing"", ""round"": ""Series A"", ""amount_m"": 8.3, ""sentence"": ""In\nJune 2011, the Company completed a second tranche closing under the Series\u00a0A Convertible Preferred Stock Purchase Agreement and issued an additional 11,811,778 shares of\nSeries\u00a0A Convertible Prefer""}, {""type"": ""round_financing"", ""round"": ""Series B"", ""amount_m"": 12.7, ""sentence"": ""In February and March 2012, the Company issued 12,357,561 shares of Series\u00a0B Convertible Preferred Stock under a Series\u00a0B\nConvertible Preferred Stock Purchase Agreement at $1.03 per share for cash pro""}, {""type"": ""round_financing"", ""round"": ""Series B"", ""amount_m"": 12.7, ""sentence"": ""On\nFebruary\u00a019, 2013, pursuant to the terms of the Series\u00a0B Preferred Stock Purchase Agreement dated as of February\u00a03, 2012, the Company closed a second tranche\nfinancing for 12.4\u00a0million shares, at $""}, {""type"": ""round_financing"", ""round"": ""Series B"", ""amount_m"": 8.5, ""sentence"": ""On\nMarch\u00a027, 2013, pursuant to the terms of the Series\u00a0B Preferred Stock Purchase Agreement dated as of February\u00a03, 2012, the Company closed a third tranche\nfinancing for 8.2\u00a0million shares, at $1.03 ""}]",round_dollar,medium,0001463729,"Receptos, Inc."
,,0,[],none,none,0001588972,"Recro Pharma, Inc."
15.0,"$15.0M (max single round, 5 rounds detected)",5,"[{""type"": ""round_financing"", ""round"": ""Series A"", ""amount_m"": 5.8, ""sentence"": ""From inception through December\u00a031, 2012, we received net cash proceeds of $5.8 million from the sale of our Series A\nPreferred Stock, $19.9 million from sales of our Series B Preferred Stock, $23.0 m""}, {""type"": ""round_financing"", ""round"": ""Series B"", ""amount_m"": 5.8, ""sentence"": ""From inception through December\u00a031, 2012, we received net cash proceeds of $5.8 million from the sale of our Series A\nPreferred Stock, $19.9 million from sales of our Series B Preferred Stock, $23.0 m""}, {""type"": ""round_financing"", ""round"": ""Series C"", ""amount_m"": 5.8, ""sentence"": ""From inception through December\u00a031, 2012, we received net cash proceeds of $5.8 million from the sale of our Series A\nPreferred Stock, $19.9 million from sales of our Series B Preferred Stock, $23.0 m""}, {""type"": ""round_financing"", ""round"": ""Series D"", ""amount_m"": 5.8, ""sentence"": ""From inception through December\u00a031, 2012, we received net cash proceeds of $5.8 million from the sale of our Series A\nPreferred Stock, $19.9 million from sales of our Series B Preferred Stock, $23.0 m""}, {""type"": ""round_financing"", ""round"": ""Series E"", ""amount_m"": 15.0, ""sentence"": ""Net cash provided by financing activities\nfor the year ended December\u00a031, 2012 resulted primarily from $15.0\u00a0million in net cash proceeds from the sale of Series E Preferred Stock on December\u00a018, 2012""}, {""type"": ""round_financing"", ""round"": ""Series D"", ""amount_m"": 11.6, ""sentence"": ""Net cash provided by financing activities for the year ended December\u00a031, 2011 principally resulted from the receipt of $11.6 million in\nproceeds from the sale of additional shares of our Series D Pre""}, {""type"": ""round_financing"", ""round"": ""Series E"", ""amount_m"": 15.0, ""sentence"": ""The first tranche of the Initial Closing closed on December\u00a018, 2012, at which time we issued 31,437,442 shares of Series E Preferred Stock for net\ncash proceeds of $15.0 million and conversion of $6.""}, {""type"": ""round_financing"", ""round"": ""Series E"", ""amount_m"": 6.0, ""sentence"": ""In the event that more than $6.0 million of Series E Preferred Stock is sold to other investors at the Second Closing, RMII has agreed to use its commercially reasonable efforts to obtain additional f""}]",round_dollar,medium,0001311596,Regado Biosciences Inc
,,0,[],none,none,0001589150,Regen BioPharma Inc
5.9,"$5.9M (max single round, 2 rounds detected)",2,"[{""type"": ""round_financing"", ""round"": ""Series B"", ""amount_m"": 5.9, ""sentence"": ""In October 2012, in connection with the Series B Financing, FoxKiser exercised its share settlement option and converted the $5.9 million outstanding under\nthe 2013 Note into 71,159,630 Series B Prefe""}, {""type"": ""round_financing"", ""round"": ""Series C"", ""amount_m"": 3.8, ""sentence"": ""In January 2015, in\nconnection with our Series\u00a0C Financing, FoxKiser exercised its share settlement option and outstanding principal and interest of $3.8 million under the 2014 Note and the July 2014 ""}]",round_dollar,medium,0001590877,Regenxbio Inc
,,0,[],none,none,0001505512,Regulus Therapeutics Inc.
35.1,"$35.1M (max single round, 3 rounds detected)",3,"[{""type"": ""round_financing"", ""round"": ""Series C"", ""amount_m"": 7.5, ""sentence"": ""The amounts and timing of our expenditures will depend upon numerous factors, including: the results of our\nPhase 3 clinical trials for patiromer, as well as the related availability of the $7.5 milli""}, {""type"": ""round_financing"", ""round"": ""Series C"", ""amount_m"": 15.0, ""sentence"": ""Certain of our existing investors agreed, at the time of our Series\nC-1 preferred stock financing, to invest approximately $15.0 million in consideration of the issuance of shares of our Series C-2 pr""}, {""type"": ""round_financing"", ""round"": ""Series C"", ""amount_m"": 4.5, ""sentence"": ""The increase in interest and other expense is primarily related to the\nincreased value of $4.5 million of warrants issued to purchase Series C-1 preferred stock that were issued in connection with our""}, {""type"": ""round_financing"", ""round"": ""Series C"", ""amount_m"": 15.0, ""sentence"": ""Certain of our existing investors\nagreed, at the time of our Series\u00a0C-1 preferred stock financing, to invest approximately $15.0\u00a0million in consideration of the issuance of shares of our Series C-2 pr""}, {""type"": ""round_financing"", ""round"": ""Series B"", ""amount_m"": 35.1, ""sentence"": ""The table below sets forth the number of bridge warrant shares sold to our directors,\nexecutive officers or owners of more than 5% of a class of our capital stock, or an affiliate or immediate family ""}, {""type"": ""round_financing"", ""round"": ""Series B"", ""amount_m"": 35.0, ""sentence"": ""In July 2011, we issued an aggregate of 65,543,071 shares of our Series\u00a0B-2 preferred stock at a price per share of $0.534 for aggregate gross consideration of $35.0 million.""}, {""type"": ""round_financing"", ""round"": ""Series C"", ""amount_m"": 1.6, ""sentence"": ""In May 2013, we issued a warrant to purchase an aggregate of 119,850 shares of our Series\u00a0C-1 preferred stock at a\nprice per share of $0.534 to Silicon Valley Bank in connection with that certain Loan""}, {""type"": ""round_financing"", ""round"": ""Series B"", ""amount_m"": 6.1, ""sentence"": ""Concurrent with the closing of the financing and in accordance with the terms of the notes, the aggregate note principal and accrued\ninterest totaling $6.1 million was converted into 7,808,000 shares ""}, {""type"": ""round_financing"", ""round"": ""Series B"", ""amount_m"": 0.3, ""sentence"": ""In connection with the issuance of convertible notes, the Company also issued warrants to purchase 1,528,653 shares of Series\u00a0B-1 convertible preferred stock\nat an exercise price of $0.785 per share a""}, {""type"": ""round_financing"", ""round"": ""Series A"", ""amount_m"": 8.2, ""sentence"": ""In consideration for such transfer the Company issued 8,199,000 shares of Series\u00a0A convertible preferred stock to Amgen valued at $8.2 million.""}]",round_dollar,medium,0001416792,Relypsa Inc
55.0,$55.0M (from proceeds phrasing),2,"[{""type"": ""aggregate_proceeds"", ""amount_m"": 55.0, ""sentence"": ""In\nJuly 2017 and September 2017, we sold an aggregate of 861,415 shares of our series\u00a0B preferred stock to our series\u00a0B investors at a purchase price per share of $63.79 resulting in\naggregate gross p""}, {""type"": ""round_financing"", ""round"": ""Series B"", ""amount_m"": 54.8, ""sentence"": ""During the year ended March\u00a031, 2018, net cash provided by financing activities was $54.8\u00a0million, primarily consisting of net proceeds from our\nissuance of series\u00a0B convertible preferred stock, or se""}, {""type"": ""round_financing"", ""round"": ""Series A"", ""amount_m"": 15.0, ""sentence"": ""During\nthe year ended March\u00a031, 2017, net cash provided by financing activities was $15.0\u00a0million, primarily consisting of proceeds from our issuance of series\u00a0A convertible\npreferred stock, or series""}, {""type"": ""round_financing"", ""round"": ""Series A"", ""amount_m"": 15.0, ""sentence"": ""At a\nsubsequent closing on March\u00a010, 2017, Replimune Limited sold to the same group of investors an additional 432,277 shares of its series\u00a0A preferred stock at a price of $34.70 per share\nfor aggrega""}, {""type"": ""round_financing"", ""round"": ""Series B"", ""amount_m"": 55.0, ""sentence"": ""We entered into a series\u00a0B preferred stock purchase agreement pursuant to which we sold an aggregate of 861,415 shares of our series\u00a0B preferred\nstock to certain investors at an initial closing on Jul""}]",proceeds_phrasing+round_dollar,high,0001737953,Replimune Group Inc
74.9,"$74.9M (max single round, 1 rounds detected)",1,"[{""type"": ""round_financing"", ""round"": ""Series E"", ""amount_m"": 40.8, ""sentence"": ""In the nine months ended September\u00a030, 2013, we raised proceeds in the\naggregate amount of $40.8\u00a0million through the sale of shares of our Series\u00a0E convertible preferred stock.""}, {""type"": ""round_financing"", ""round"": ""Series E"", ""amount_m"": 40.8, ""sentence"": ""Series E Convertible Preferred Stock Financing We raised $40.8\nmillion through the issuance of 27,276,108 shares of our Series E-5 convertible preferred stock at $1.495 per share and warrants to purch""}, {""type"": ""round_financing"", ""round"": ""Series E"", ""amount_m"": 71.0, ""sentence"": ""Concurrently with the March 2013 closings of the Series E preferred stock financing, all of our outstanding convertible notes and related accrued\ninterest in the amount of $71.0 million converted into""}, {""type"": ""round_financing"", ""round"": ""Series E"", ""amount_m"": 74.9, ""sentence"": ""The $74.9 million capital contribution was calculated based on the\ndifference between the fair value of the newly issued shares of Series\u00a0E convertible preferred stock as a result of the exchange and ""}, {""type"": ""round_financing"", ""round"": ""Series E"", ""amount_m"": 34.0, ""sentence"": ""In\nearly 2013, the Company raised $34.0\u00a0million through the issuance of 22,723,351 shares of Series\u00a0E convertible preferred stock at a price of $1.495\u00a0per share.""}, {""type"": ""round_financing"", ""round"": ""Series E"", ""amount_m"": 71.0, ""sentence"": ""In addition, the Company\nissued 71,227,270\u00a0shares of Series\u00a0E convertible preferred stock with the conversion of the outstanding principal and accrued interest of the Convertible Notes (Note 7) of $71""}]",round_dollar,medium,0001479290,"Revance Therapeutics, Inc."
81.0,"$81.0M (max single round, 1 rounds detected)",1,"[{""type"": ""round_financing"", ""round"": ""Series A"", ""amount_m"": 25.0, ""sentence"": ""In August 2015, December 2015, January 2017 and\nAugust 2017, we raised aggregate gross proceeds of $25.0\u00a0million, $15.0\u00a0million, $20.5\u00a0million and $20.5 million, respectively, through our issuance of ""}, {""type"": ""round_financing"", ""round"": ""Series A"", ""amount_m"": 17.7, ""sentence"": ""As of June\u00a030, 2017, our cash and cash equivalents and short-term investments were approximately $17.7\u00a0million and after giving effect, on a pro forma basis, to the aggregate gross\nproceeds from the s""}, {""type"": ""round_financing"", ""round"": ""Series A"", ""amount_m"": 17.7, ""sentence"": ""As\nof June\u00a030, 2017, we had cash and cash equivalents and short-term investments of approximately $17.7 million and after giving effect, on a pro forma basis, to the aggregate\ngross proceeds of $20.5\u00a0""}, {""type"": ""round_financing"", ""round"": ""Series A"", ""amount_m"": 20.5, ""sentence"": ""Pro forma net tangible book value represents our\ntotal tangible assets less our total liabilities, after giving effect to (1)\u00a0to reflect the issuance of 78,666,209 shares of our series\u00a0A-1 junior pref""}, {""type"": ""round_financing"", ""round"": ""Series A"", ""amount_m"": 17.7, ""sentence"": ""As\nof June 30, 2017, our existing cash and cash equivalents and short-term investments were approximately $17.7\u00a0million and after giving effect, on a pro forma basis, to the\naggregate gross proceeds f""}, {""type"": ""round_financing"", ""round"": ""Series A"", ""amount_m"": 40.0, ""sentence"": ""As a result of these two tranches, we issued 40,000,000 shares of series\u00a0A preferred stock resulting in\naggregate gross proceeds of $40.0\u00a0million.""}, {""type"": ""round_financing"", ""round"": ""Series A"", ""amount_m"": 5.0, ""sentence"": ""The series\u00a0A investors had the obligation, upon notification by us, or the 2017 Series\u00a0A\nInvestor Right/Obligation, to purchase 20,474,998 additional shares of series\u00a0A preferred stock as part of a se""}, {""type"": ""round_financing"", ""round"": ""Series A"", ""amount_m"": 40.95, ""sentence"": ""As a result of these two tranches, we issued 40.95\u00a0million shares of our series\u00a0A preferred stock, resulting in aggregate gross proceeds of\n$40.95\u00a0million.""}, {""type"": ""round_financing"", ""round"": ""Series A"", ""amount_m"": 50.0, ""sentence"": ""Upon\nthe closing of an initial public offering with a minimum price per share and gross proceeds of at least $1.00, as adjusted for any splits or similar changes, and\n$50.0\u00a0million, respectively, our ""}, {""type"": ""round_financing"", ""round"": ""Series A"", ""amount_m"": 81.0, ""sentence"": ""In August 2015, December 2015, January 2017 and August 2017, we received aggregate gross proceeds of $81.0\u00a0million from the sale of our series\u00a0A preferred stock.""}]",round_dollar,medium,0001649904,Rhythm Pharmaceuticals Inc
,,0,[],none,none,0001164994,"Rib-X Pharmaceuticals, Inc."
120.5,"$120.5M (max single round, 3 rounds detected)",3,"[{""type"": ""round_financing"", ""round"": ""Series A"", ""amount_m"": 17.7, ""sentence"": ""From October 2014 to December 2016, we issued and sold to investors in a private placement an aggregate of 29,570,662 shares of our Series\u00a0A preferred\nstock at a purchase price of $0.60 per share, for""}, {""type"": ""round_financing"", ""round"": ""Series B"", ""amount_m"": 120.5, ""sentence"": ""In June 2017, we issued and sold to investors in a private placement an aggregate of 14,362,344 shares of our Series\u00a0B preferred stock at a purchase\nprice of $8.39 per share, for aggregate considerati""}, {""type"": ""round_financing"", ""round"": ""Series C"", ""amount_m"": 101.2, ""sentence"": ""In February 2018, we issued and sold to investors in a private placement an aggregate of 7,912,432 shares of our Series\u00a0C preferred stock at a purchase\nprice of $12.79 per share, for aggregate conside""}, {""type"": ""round_financing"", ""round"": ""Series C"", ""amount_m"": 101.2, ""sentence"": ""As of April\u00a013, 2018, the issuance date of the annual consolidated financial statements for the year ended December\u00a031, 2017, the Company expected that its cash and\ncash equivalents, together with the""}, {""type"": ""round_financing"", ""round"": ""Series A"", ""amount_m"": 5.4, ""sentence"": ""In\nJuly 2016, the Company issued and sold 9,083,333 shares of Series\u00a0A Preferred Stock at a price of $0.60 per share for gross proceeds of $5.4\u00a0million.""}, {""type"": ""round_financing"", ""round"": ""Series A"", ""amount_m"": 6.0, ""sentence"": ""In December 2016, the Company\nissued and sold 10,000,000\nadditional shares of Series\u00a0A Preferred Stock to the same investor at a price of $0.60 per share for gross proceeds of $6.0\u00a0million.""}, {""type"": ""round_financing"", ""round"": ""Series B"", ""amount_m"": 120.5, ""sentence"": ""In\nJune 2017, the Company issued and sold 14,362,344 shares of Series\u00a0B Preferred Stock at a price of $8.39 per share for gross proceeds of $120.5\u00a0million.""}, {""type"": ""round_financing"", ""round"": ""Series C"", ""amount_m"": 101.2, ""sentence"": ""In\nFebruary 2018, the Company issued and sold 7,912,432\u00a0shares of Series\u00a0C Preferred Stock at a price of $12.79\u00a0per share for gross proceeds of $101.2\u00a0million.""}, {""type"": ""round_financing"", ""round"": ""Series B"", ""amount_m"": 0.1, ""sentence"": ""During\nthe year ended December\u00a031, 2017, the Company paid $0.1\u00a0million to Flagship for reimbursement of Series\u00a0B Preferred Stock financing costs.""}, {""type"": ""round_financing"", ""round"": ""Series C"", ""amount_m"": 101.2, ""sentence"": ""In February 2018, the Company issued and sold 7,912,432 shares of Series\u00a0C Preferred Stock, at a price of $12.79 per share, for gross proceeds of\n$101.2\u00a0million.""}]",round_dollar,medium,0001709401,"Rubius Therapeutics, Inc."
,,0,[],none,none,0001574235,"Ruthigen, Inc."
,,0,[],none,none,0001613723,"S1 Biopharma, Inc."
20.0,"$20.0M (max single round, 2 rounds detected)",2,"[{""type"": ""round_financing"", ""round"": ""Series C"", ""amount_m"": 18.6, ""sentence"": ""In February 2015, we paid in full and closed our revolving credit facility and\nduring May 2014 we received $18.6 million in net proceeds from our Series C Preferred Stock issuance.""}, {""type"": ""round_financing"", ""round"": ""Series C"", ""amount_m"": 18.6, ""sentence"": ""In 2014, we received $18.6 million in net proceeds from our Series C Preferred Stock\nissuance, $0.7 million in proceeds from borrowings on our line of credit, partially offset by $0.3 million of repay""}, {""type"": ""round_financing"", ""round"": ""Series C"", ""amount_m"": 18.6, ""sentence"": ""Series C Convertible Preferred Stock On\nMay\u00a021, 2014, we closed a private placement in which we sold and issued an aggregate of 5,295,276 shares of Series C Preferred Stock, and received net cash proc""}, {""type"": ""round_financing"", ""round"": ""Series B"", ""amount_m"": 2.0, ""sentence"": ""(4) On February\u00a017, 2012, we issued and sold an aggregate of 15,404 shares of Series\nB convertible preferred stock to investors for an aggregate purchase price of $2.0 million.""}, {""type"": ""round_financing"", ""round"": ""Series C"", ""amount_m"": 20.0, ""sentence"": ""(6) On May\u00a021, 2014, we closed a private placement in which we sold an aggregate of 5,295,276 shares of Series C convertible preferred stock to investors\nfor an aggregate purchase price of $20.0 milli""}, {""type"": ""round_financing"", ""round"": ""Series C"", ""amount_m"": 18.6, ""sentence"": ""On\nMay\u00a021, 2014, we closed a private placement in which we sold and issued an aggregate of 5,295,276 shares of Series C Preferred Stock, and received net cash proceeds, after placement fees and other ""}]",round_dollar,medium,0001641908,"SANCILIO PHARMACEUTICALS COMPANY, INC."
2.8,"$2.8M (max single round, 1 rounds detected)",1,"[{""type"": ""round_financing"", ""round"": ""Series D"", ""amount_m"": 2.8, ""sentence"": ""Financing Activities For the year ended December\u00a031, 2013, net cash provided by financing activities was $2.8\u00a0million, which\nconsisted of $0.9\u00a0million in proceeds from the issuance of convertible note""}, {""type"": ""round_financing"", ""round"": ""Series D"", ""amount_m"": 0.5, ""sentence"": ""On January\u00a031, 2014, we sold an additional 388,641\u00a0shares of\nSeries\u00a0D-2 convertible preferred stock under the December\u00a011, 2013 agreement at $1.40 per share for an aggregate price of $0.5\u00a0million.""}, {""type"": ""round_financing"", ""round"": ""Series D"", ""amount_m"": 2.5, ""sentence"": ""Series D-2 Preferred Stock Financing In December 2013, we sold 1,785,712 shares of our Series D-2 preferred stock and warrants exercisable for 1,785,712 shares of our common stock to five of our exist""}, {""type"": ""round_financing"", ""round"": ""Series D"", ""amount_m"": 2.8, ""sentence"": ""For the year ended December\u00a031, 2013, net cash provided by financing activities was $2.8\u00a0million, which\nconsisted of $0.9\u00a0million in proceeds from the issuance of convertible notes and $2.4\u00a0million in""}, {""type"": ""round_financing"", ""round"": ""Series D"", ""amount_m"": 2.5, ""sentence"": ""In December 2013, we sold 1,785,712 shares of our Series D-2 preferred stock and warrants exercisable for 1,785,712 shares of our common stock to five of our existing investors for aggregate proceeds ""}]",round_dollar,medium,0001178253,SCYNEXIS Inc
40.0,"$40.0M (max single round, 2 rounds detected)",2,"[{""type"": ""round_financing"", ""round"": ""Series E"", ""amount_m"": 40.0, ""sentence"": ""In\nAugust and September 2015, we issued and sold 8,888,888 shares of series\u00a0E preferred stock for $40.0\u00a0million in gross proceeds which included 1,619,550 shares of series\u00a0E\npreferred stock that were ""}, {""type"": ""round_financing"", ""round"": ""Series E"", ""amount_m"": 19.1, ""sentence"": ""The increase of $19.1\u00a0million reflected the difference in proceeds from the issuance of the series\u00a0E preferred stock and the convertible notes (that\nconverted into series\u00a0E preferred stock) in 2015 ve""}, {""type"": ""round_financing"", ""round"": ""Series D"", ""amount_m"": 19.1, ""sentence"": ""The increase of $19.1\u00a0million reflected the difference in proceeds from the issuance of the series\u00a0E preferred stock and the convertible notes (that\nconverted into series\u00a0E preferred stock) in 2015 ve""}, {""type"": ""round_financing"", ""round"": ""Series D"", ""amount_m"": 14.3, ""sentence"": ""Between April\u00a07, 2014 and August\u00a014, 2014, we sold to investors in private placements an aggregate of\n3,211,105 shares of series\u00a0D preferred stock at a purchase price of $4.50 per share, for net aggre""}, {""type"": ""round_financing"", ""round"": ""Series E"", ""amount_m"": 40.0, ""sentence"": ""On August\u00a027, 2015, September\u00a03, 2015 and September\u00a017, 2015, we issued and sold to investors in\nprivate placements an aggregate 8,888,888 shares of our series\u00a0E preferred stock at a purchase price of""}, {""type"": ""round_financing"", ""round"": ""Series D"", ""amount_m"": 14.4, ""sentence"": ""From\nApril\u00a07, 2014 to August\u00a014, 2014, the registrant issued an aggregate of 3,211,105 shares of Series\u00a0D Preferred Stock for aggregate consideration of $14.4\u00a0million to\naccredited investors pursuant ""}, {""type"": ""round_financing"", ""round"": ""Series E"", ""amount_m"": 32.7, ""sentence"": ""On\nAugust\u00a027, 2015, September\u00a03, 2015 and September\u00a017, 2015, the registrant issued an aggregate of 7,269,338 shares of Series\u00a0E Preferred Stock for aggregate consideration\nof $32.7\u00a0million to accredi""}]",round_dollar,medium,0001453687,SELECTA BIOSCIENCES INC
,,0,[],none,none,0001563855,SOPHIRIS BIO INC.
0.8,"$0.8M (max single round, 1 rounds detected)",1,"[{""type"": ""round_financing"", ""round"": ""Series A"", ""amount_m"": 0.8, ""sentence"": ""The cash used by financing activities for the year ended December\u00a031, 2010 was due to the payment of $0.8\u00a0million in connection\nwith the redemption of our Series\u00a0A preferred stock offset by the receip""}]",round_dollar,medium,0001264587,STEMLINE THERAPEUTICS INC
53.0,"$53.0M (max single round, 1 rounds detected)",1,"[{""type"": ""round_financing"", ""round"": ""Series C"", ""amount_m"": 53.0, ""sentence"": ""We anticipate that our interest income will 65 Table of Contents increase in the future due to increased balances from the net proceeds of $53.0 million we received from our Series B and Series C pref""}, {""type"": ""round_financing"", ""round"": ""Series C"", ""amount_m"": 53.0, ""sentence"": ""Table of Contents increase in the future due to increased balances from the net proceeds of $53.0 million we received from our Series B and Series C preferred stock financings in the first quarter of ""}, {""type"": ""round_financing"", ""round"": ""Series C"", ""amount_m"": 53.0, ""sentence"": ""increase in the future due to increased balances from the net proceeds of $53.0 million we received from our Series B and Series C preferred stock financings in the first quarter of 2014 and from\nthe ""}]",round_dollar,medium,0001597553,"Sage Therapeutics, Inc."
61.7,"$61.7M (max single round, 2 rounds detected)",2,"[{""type"": ""round_financing"", ""round"": ""Series B"", ""amount_m"": 61.7, ""sentence"": ""In April 2019, we received $61.7\u00a0million in gross cash proceeds from the issuance and sale of 32,382,965 shares of Series B convertible preferred stock at $1.9052 per share.""}, {""type"": ""round_financing"", ""round"": ""Series A"", ""amount_m"": 6.0, ""sentence"": ""We received gross cash proceeds of $6.0\u00a0million from the sale and issuance of Series A convertible preferred stock during the year ended December\u00a031, 2016, and\ngross cash proceeds of $6.0\u00a0million from""}, {""type"": ""round_financing"", ""round"": ""Series B"", ""amount_m"": 61.7, ""sentence"": ""In April 2019, we received gross cash proceeds of $61.7\u00a0million from the sale and issuance\nof Series B convertible preferred stock.""}, {""type"": ""round_financing"", ""round"": ""Series A"", ""amount_m"": 6.0, ""sentence"": ""Cash Flows from Financing Activities Net cash provided by financing activities was $6.0\u00a0million for the six months ended June\u00a030, 2018, which consisted of\n$6.0\u00a0million of net cash proceeds from the is""}, {""type"": ""round_financing"", ""round"": ""Series B"", ""amount_m"": 61.4, ""sentence"": ""Net cash provided by financing\nactivities was $61.4\u00a0million for the six months ended June\u00a030, 2019, which consisted of $61.5\u00a0million of net cash proceeds from the issuance of Series\u00a0B convertible pref""}, {""type"": ""round_financing"", ""round"": ""Series A"", ""amount_m"": 10.9, ""sentence"": ""Net cash provided by financing activities was $10.9\u00a0million for the year ended December\u00a031, 2018, which consisted of\n$6.0\u00a0million of net cash proceeds from the issuance of Series A convertible preferr""}, {""type"": ""round_financing"", ""round"": ""Series B"", ""amount_m"": 61.7, ""sentence"": ""Sales and Purchases of Securities Series\u00a0B Convertible Preferred Stock Financing In April 2019, we issued an aggregate of 32,382,965 shares of our Series B convertible preferred stock at $1.9052 per s""}, {""type"": ""round_financing"", ""round"": ""Series B"", ""amount_m"": 61.7, ""sentence"": ""The Company\u2019s management team believes that\nthe Company\u2019s current cash and cash equivalents, including the gross proceeds of $61.7\u00a0million from its Series B convertible preferred stock financing in Ap""}, {""type"": ""round_financing"", ""round"": ""Series A"", ""amount_m"": 7.0, ""sentence"": ""The Convertible Note was amended on December\u00a016, 2016 to redefine the automatic conversion trigger from a qualified financing before the\nmaturity date of $7.0\u00a0million to the occurrence of the subseque""}, {""type"": ""round_financing"", ""round"": ""Series A"", ""amount_m"": 0.1, ""sentence"": ""Upon the subsequent financing, which occurred in February 2018 (see Note 8), the Convertible Note, including all accrued interest of less than\n$0.1\u00a0million at the date of the subsequent financing, con""}]",round_dollar,medium,0001692830,"Satsuma Pharmaceuticals, Inc."
47.0,"$47.0M (max single round, 1 rounds detected)",1,"[{""type"": ""round_financing"", ""round"": ""Series C"", ""amount_m"": 46.9, ""sentence"": ""On\nDecember\u00a022, 2017, the Company entered into the Series\u00a0C Preferred Stock Purchase Agreement pursuant to which the Company issued 13,055,555 shares of Series\u00a0C Convertible\nPreferred Stock for net pr""}, {""type"": ""round_financing"", ""round"": ""Series C"", ""amount_m"": 47.0, ""sentence"": ""In December 2017, we issued and sold an aggregate of 13,055,555 shares of Series\u00a0C convertible preferred stock at a purchase price of $3.60 per share,\nfor an aggregate purchase price of $47.0\u00a0million ""}]",round_dollar,medium,0001727196,Scholar Rock Holding Corp
,,0,[],none,none,0001772028,Scopus Biopharma Inc.
124.0,"$124.0M (max single round, 3 rounds detected)",3,"[{""type"": ""round_financing"", ""round"": ""Series D"", ""amount_m"": 124.0, ""sentence"": ""During the year ended December 31, 2014, net cash provided by financing activities was $124.0 million as a result of net proceeds of $123.2 million received from our sale of Series B, Series C, Series""}, {""type"": ""round_financing"", ""round"": ""Series A"", ""amount_m"": 9.4, ""sentence"": ""During the\nyear ended December\u00a031, 2012, net cash provided by financing activities was $9.4 million as a result of net proceeds of $8.9 million received from our issuance of our Series A and Series A-""}, {""type"": ""round_financing"", ""round"": ""Series A"", ""amount_m"": 5.0, ""sentence"": ""In June 2012, we issued and sold to entities affiliated with Flagship Ventures in private placements an\naggregate of 6,329,114 shares of our Series A preferred stock at a purchase price of $0.79 per s""}, {""type"": ""round_financing"", ""round"": ""Series A"", ""amount_m"": 4.0, ""sentence"": ""In November 2012, we issued\nand sold to investors in a private placement an aggregate of 2,247,192 shares of our Series A-2 preferred stock at a purchase price of $1.78 per share, for aggregate consid""}, {""type"": ""round_financing"", ""round"": ""Series B"", ""amount_m"": 10.6, ""sentence"": ""In May 2014, we issued and sold to investors in private placements an aggregate of 4,831,359 shares of\nour Series B preferred stock at a purchase price of $2.20 per share, for aggregate consideration ""}]",round_dollar,medium,0001609809,Seres Therapeutics Inc
,,0,[],none,none,0001685462,"Shuttle Pharmaceuticals, Inc."
40.5,"$40.5M (max single round, 1 rounds detected)",1,"[{""type"": ""round_financing"", ""round"": ""Series B"", ""amount_m"": 40.5, ""sentence"": ""In April 2017, we raised approximately $40.5 million in our Series B Preferred Stock financing,\nincluding the conversion of outstanding debt securities.""}, {""type"": ""round_financing"", ""round"": ""Series B"", ""amount_m"": 36.5, ""sentence"": ""In April 2017, we issued an aggregate of 17,524,469 shares of our Series B Preferred Stock for aggregate proceeds to us of $36.5 million, excluding the shares of Series B\nPreferred Stock issued upon c""}]",round_dollar,medium,0001656328,"Sienna Biopharmaceuticals, Inc."
,,0,[],none,none,0001684693,Sol-Gel Technologies Ltd
,,0,[],none,none,0001707502,Solid Biosciences LLC
77.0,"$77.0M (max single round, 2 rounds detected)",2,"[{""type"": ""round_financing"", ""round"": ""Series B"", ""amount_m"": 72.7, ""sentence"": ""To achieve our goal, we are pursuing the following strategies: Recent financing In May 2014, we completed a $72.7 million\nprivate placement of shares of Series B convertible preferred stock, or our Se""}, {""type"": ""round_financing"", ""round"": ""Series B"", ""amount_m"": 77.0, ""sentence"": ""Net cash provided by financing activities for the nine months ended September\u00a030, 2014 was\n$77.0 million, consisting of the collection of the $4.9 million receivable from CHOP and the $72.4 million of""}, {""type"": ""round_financing"", ""round"": ""Series B"", ""amount_m"": 72.7, ""sentence"": ""The most senior members of our scientific\nteam have worked together for at least the last 10 years and have been responsible for a number of important milestones in clinical gene therapy development, ""}, {""type"": ""round_financing"", ""round"": ""Series A"", ""amount_m"": 10.0, ""sentence"": ""Series A financing In October 2013, we issued and sold equity interests, since converted into 5,000,000 shares\nof our Series A preferred stock, to CHOP for a purchase price of $10.0 million.""}, {""type"": ""round_financing"", ""round"": ""Series B"", ""amount_m"": 72.4, ""sentence"": ""In May\u00a02014, the Company issued shares of Series\u00a0B convertible preferred stock (Series\u00a0B Stock) for $72.4 million, net of transaction costs\n(Note\u00a06).""}, {""type"": ""round_financing"", ""round"": ""Series B"", ""amount_m"": 72.4, ""sentence"": ""In May\u00a02014, the Company issued shares of Series\u00a0B convertible preferred stock (Series\u00a0B Stock) for $72.4 million, net of\ntransaction costs (Note\u00a06).""}, {""type"": ""round_financing"", ""round"": ""Series B"", ""amount_m"": 72.75, ""sentence"": ""In\nMay 2014, we issued and sold an aggregate of 45,186,334 shares of our series B preferred stock at a price per shares of $1.61 per share for an aggregate purchase price of $72.75 million.""}, {""type"": ""round_financing"", ""round"": ""Series B"", ""amount_m"": 72.7, ""sentence"": ""In May 2014, we completed a $72.7 million\nprivate placement of shares of Series B convertible preferred stock, or our Series B financing.""}, {""type"": ""round_financing"", ""round"": ""Series B"", ""amount_m"": 72.7, ""sentence"": ""In May 2014, we completed a $72.7 million private placement of shares of Series B convertible preferred stock, or our Series B financing.""}, {""type"": ""round_financing"", ""round"": ""Series A"", ""amount_m"": 10.0, ""sentence"": ""In October 2013, we issued and sold equity interests, since converted into 5,000,000 shares\nof our Series A preferred stock, to CHOP for a purchase price of $10.0 million.""}]",round_dollar,medium,0001609351,"Spark Therapeutics, Inc."
0.1,"$0.1M (max single round, 2 rounds detected)",2,"[{""type"": ""round_financing"", ""round"": ""Series C"", ""amount_m"": 0.1, ""sentence"": ""Pro forma net\ntangible book value represents the amount of our total tangible assets less our total liabilities, after giving effect to (i)\u00a0our issuance and sale in July 2017 of 61,880 shares of Serie""}, {""type"": ""round_financing"", ""round"": ""Series B"", ""amount_m"": 0.1, ""sentence"": ""Pro forma net\ntangible book value represents the amount of our total tangible assets less our total liabilities, after giving effect to (i)\u00a0our issuance and sale in July 2017 of 61,880 shares of Serie""}, {""type"": ""round_financing"", ""round"": ""Series B"", ""amount_m"": 0.1, ""sentence"": ""Adjustment to Conversion Prices of Series A and Series B Preferred Stock In July 2017, after the consummation of the Reorganization, the Company sold to its Chief Financial Officer 61,880 shares of th""}, {""type"": ""round_financing"", ""round"": ""Series C"", ""amount_m"": 0.1, ""sentence"": ""Adjustment to Conversion Prices of Series A and Series B Preferred Stock In July 2017, after the consummation of the Reorganization, the Company sold to its Chief Financial Officer 61,880 shares of th""}, {""type"": ""round_financing"", ""round"": ""Series C"", ""amount_m"": 0.1, ""sentence"": ""In July 2017, after the consummation of the Reorganization, the Company sold to its Chief Financial Officer 61,880 shares of the\nCompany\u2019s Series C preferred stock at a price of $1.7749 per share, for""}]",round_dollar,medium,0001701108,Spero Therapeutics Inc
,,0,[],none,none,0001566373,"Spring Bank Pharmaceuticals, Inc."
139.7,"$139.7M (max single round, 1 rounds detected)",1,"[{""type"": ""round_financing"", ""round"": ""Series B"", ""amount_m"": 102.3, ""sentence"": ""Since inception, we have funded our operations primarily with net proceeds of\u2009 $102.3 million from the sale of our Series A convertible preferred units prior to the Reorganization and $124.6 million i""}, {""type"": ""round_financing"", ""round"": ""Series B"", ""amount_m"": 139.7, ""sentence"": ""This increase in the cash balance of approximately $139.7 million was due to the net proceeds of\u2009 $39.4 million from the issuance of Series A convertible preferred units in March 2019, plus the net pr""}, {""type"": ""round_financing"", ""round"": ""Series B"", ""amount_m"": 125.0, ""sentence"": ""In March 2019, we issued and sold to investors in a private placement an aggregate of 86,639,279 shares of our Series B Preferred Stock at a purchase price of\u2009 $1.4428 per share, for aggregate conside""}]",round_dollar,medium,0001773427,"SpringWorks Therapeutics, Inc."
,,0,[],none,none,0001619087,SteadyMed Ltd.
,,0,[],none,none,0001540159,"Stellar Biotechnologies, Inc."
90.0,"$90.0M (max single round, 2 rounds detected)",2,"[{""type"": ""round_financing"", ""round"": ""Series A"", ""amount_m"": 26.0, ""sentence"": ""Our financing activities during the year ended December\u00a031, 2018 included\nclosings on our Series A-2 convertible preferred stock financing in January and September 2018 aggregating gross proceeds of $""}, {""type"": ""round_financing"", ""round"": ""Series B"", ""amount_m"": 26.0, ""sentence"": ""Our financing activities during the year ended December\u00a031, 2018 included\nclosings on our Series A-2 convertible preferred stock financing in January and September 2018 aggregating gross proceeds of $""}, {""type"": ""round_financing"", ""round"": ""Series A"", ""amount_m"": 3.0, ""sentence"": ""Our financing activities during the year ended December\u00a031, 2017 included a second extension on\nour Series A convertible preferred stock financing in February 2017 with gross proceeds of $3.0\u00a0million ""}, {""type"": ""round_financing"", ""round"": ""Series A"", ""amount_m"": 3.0, ""sentence"": ""In July 2016, we sold an aggregate of 12,541,806 additional shares of our Series\u00a0A convertible preferred stock at a purchase price of $0.2392 per share for an\naggregate purchase price of approximately""}, {""type"": ""round_financing"", ""round"": ""Series A"", ""amount_m"": 3.0, ""sentence"": ""In February 2017, we sold an aggregate of 12,541,806 additional shares of our Series\u00a0A convertible preferred stock at a purchase price of $0.2392 per share for an aggregate purchase\nprice of approxima""}, {""type"": ""round_financing"", ""round"": ""Series A"", ""amount_m"": 15.5, ""sentence"": ""Series A-2 In January 2018, we sold an aggregate of 40,501,698 shares of our Series\u00a0A-2 convertible preferred stock at a purchase price of $0.3827 per share for an aggregate\npurchase price of approxim""}, {""type"": ""round_financing"", ""round"": ""Series A"", ""amount_m"": 13.5, ""sentence"": ""In September 2018, we sold an aggregate of 35,275,672 additional shares of our Series\u00a0A-2 convertible preferred stock at a purchase price of $0.3827 per\nshare for an aggregate purchase price of approx""}, {""type"": ""round_financing"", ""round"": ""Series B"", ""amount_m"": 90.0, ""sentence"": ""Series B In October 2018, we sold an aggregate of 100,267,372 shares of our Series\u00a0B convertible preferred stock at a purchase price of $0.8976 per share for an\naggregate purchase price of approximate""}, {""type"": ""round_financing"", ""round"": ""Series A"", ""amount_m"": 3.0, ""sentence"": ""(b) Preferred Stock In July 2016, the Registrant issued and sold an aggregate of 12,541,806 additional shares of Series\u00a0A convertible preferred stock, at a\npurchase price of $0.2392 per share, for an ""}, {""type"": ""round_financing"", ""round"": ""Series A"", ""amount_m"": 3.0, ""sentence"": ""In February 2017, we sold an aggregate of 12,541,806 additional shares of our Series\u00a0A convertible preferred stock, at a purchase price of\n$0.2392 per share, for an aggregate purchase price of approxi""}]",round_dollar,medium,0001623526,Stoke Therapeutics Inc
,,0,[],none,none,0001029125,"Sun BioPharma, Inc."
,,0,[],none,none,0001689066,Sunset Island Group
35.1,"$35.1M (max single round, 1 rounds detected)",1,"[{""type"": ""round_financing"", ""round"": ""Series A"", ""amount_m"": 25.9, ""sentence"": ""During the year ended December\u00a031, 2016, net cash provided by financing activities was $25.9\u00a0million,\nconsisting primarily of net proceeds from the sales of our Series A and Series A-1 preferred stock""}, {""type"": ""round_financing"", ""round"": ""Series A"", ""amount_m"": 35.1, ""sentence"": ""Between November 2014 and February 2016, we\nissued and sold to investors an aggregate of 35,100,000 shares of our Series A preferred stock, for aggregate consideration of $35.1\u00a0million.""}, {""type"": ""round_financing"", ""round"": ""Series A"", ""amount_m"": 13.5, ""sentence"": ""In January 2016, we issued and sold to an investor 2,000,000 shares of our Series\u00a0A-1 preferred\nstock, for aggregate consideration of $13.5\u00a0million.""}]",round_dollar,medium,0001718108,"Surface Oncology, Inc."
22.0,"$22.0M (max single round, 1 rounds detected)",1,"[{""type"": ""round_financing"", ""round"": ""Series A"", ""amount_m"": 22.0, ""sentence"": ""In 2015 and 2016, SutroVax completed its $22.0\u00a0million Series A\npreferred stock financings, and at such time the convertible promissory notes were repaid with interest and cancelled.""}]",round_dollar,medium,0001382101,Sutro Biopharma Inc
49.0,"$49.0M (max single round, 2 rounds detected)",2,"[{""type"": ""round_financing"", ""round"": ""Series B"", ""amount_m"": 7.0, ""sentence"": ""Upon the closings of the remaining tranches of the\nSeries B-1 financing in November 2013, we de-recognized the tranche obligation, which resulted in a net increase in the proceeds allocated to the sha""}, {""type"": ""round_financing"", ""round"": ""Series A"", ""amount_m"": 49.0, ""sentence"": ""The\nSeries A convertible preferred stock was issued in 2007, 2008 and 2010 in exchange for convertible debt, accrued interest and cash, for gross cash proceeds of $49.0\u00a0million.""}, {""type"": ""round_financing"", ""round"": ""Series B"", ""amount_m"": 1.3, ""sentence"": ""The first tranche closed on March\u00a08, 2013, at which time we issued 21,206,222\u00a0shares of Series\u00a0B-1 convertible\npreferred stock, for net cash proceeds of $1.3\u00a0million and conversion of $18.0\u00a0million in""}, {""type"": ""round_financing"", ""round"": ""Series B"", ""amount_m"": 1.1, ""sentence"": ""The second tranche closed on April\u00a030, 2013, at which time we issued 1,208,785\u00a0additional\nshares of Series\u00a0B-1 convertible preferred stock, for gross cash proceeds of $1.1\u00a0million.""}, {""type"": ""round_financing"", ""round"": ""Series B"", ""amount_m"": 6.8, ""sentence"": ""The third tranche closed on August\u00a020, 2013, at which time we issued 7,445,049\u00a0additional shares of Series\u00a0B-1 convertible preferred stock, for gross cash proceeds of $6.8\u00a0million.""}, {""type"": ""round_financing"", ""round"": ""Series B"", ""amount_m"": 7.6, ""sentence"": ""At the closing of the\nfourth tranche, we issued 8,351,642 additional shares of Series\u00a0B-1 convertible preferred stock, for gross cash proceeds of $7.6 million.""}, {""type"": ""round_financing"", ""round"": ""Series B"", ""amount_m"": 4.8, ""sentence"": ""At the closing of the fifth tranche, we issued 5,274,726 additional shares of Series\u00a0B-1 convertible\npreferred stock, for gross cash proceeds of $4.8 million.""}, {""type"": ""round_financing"", ""round"": ""Series B"", ""amount_m"": 2.5, ""sentence"": ""The first tranche closed on July\u00a017, 2013, at which time we issued 2,747,252 shares of Series B-1 convertible preferred\nstock, for gross cash proceeds of $2.5 million.""}, {""type"": ""round_financing"", ""round"": ""Series B"", ""amount_m"": 2.5, ""sentence"": ""Accordingly, the second tranche was accelerated and closed on November\u00a015, 2013, at which time we issued 2,747,252 additional shares of Series B-1 convertible preferred stock, for gross cash proceeds ""}, {""type"": ""round_financing"", ""round"": ""Series B"", ""amount_m"": 20.6, ""sentence"": ""(3) In March, April, August and November 2013, we issued and\nsold, in a series of closings to 18\u00a0accredited investors, an aggregate of 43,486,424 shares of our Series B-1 convertible preferred stock i""}]",round_dollar,medium,0001395937,Syndax Pharmaceuticals Inc
116.6,$116.6M (from proceeds phrasing),2,"[{""type"": ""aggregate_proceeds"", ""amount_m"": 42.9, ""sentence"": ""As of September\u00a030, 2018, we have raised gross proceeds of approximately $42.9\u00a0million from the issuance of convertible preferred stock and had a cash\nbalance of $20.6\u00a0million.""}, {""type"": ""aggregate_proceeds"", ""amount_m"": 37.2, ""sentence"": ""On November 1, 2018, we completed the second closing, issuing the full allotment of 11,365,348 shares of Series C convertible preferred stock to the Series C investors at a price of $3.2699 per share,""}, {""type"": ""aggregate_proceeds"", ""amount_m"": 10.0, ""sentence"": ""In July 2016, we entered into a Series B\nPreferred Stock Purchase Agreement with various investors, pursuant to which we issued and sold to such investors an aggregate of 4,072,988 shares of our Serie""}, {""type"": ""aggregate_proceeds"", ""amount_m"": 26.5, ""sentence"": ""In April 2018, we entered into a Series C Preferred Stock Purchase Agreement with various investors, pursuant to which we issued and sold to such investors an aggregate\nof 8,118,108 shares of our Seri""}, {""type"": ""round_financing"", ""round"": ""Series C"", ""amount_m"": 37.2, ""sentence"": ""In November 2018, we received aggregate gross proceeds of $37.2 million from the sale of Series C convertible preferred stock and consequently, no longer believe there\nis\u00a0substantial doubt regarding o""}, {""type"": ""round_financing"", ""round"": ""Series C"", ""amount_m"": 37.2, ""sentence"": ""In November 2018, we issued 11,365,348 shares of Series C convertible preferred stock at a price of $3.2699 per share, resulting in aggregate gross proceeds of $37.2 million.""}, {""type"": ""round_financing"", ""round"": ""Series C"", ""amount_m"": 16.3, ""sentence"": ""The $16.3\u00a0million of other expense recognized for the nine months ended September\u00a030,\n2018 was due to the increase in the fair value of the outstanding Series C preferred stock purchase right liabilit""}, {""type"": ""round_financing"", ""round"": ""Series B"", ""amount_m"": 5.0, ""sentence"": ""Financing Activities and\nFunding Requirements Net cash provided by financing activities was $5.0\u00a0million for the nine months ended September\u00a030, 2017, primarily due to\nthe net proceeds from the issuan""}, {""type"": ""round_financing"", ""round"": ""Series C"", ""amount_m"": 27.0, ""sentence"": ""Net cash provided by financing activities was $27.0\u00a0million for the nine months ended September\u00a030, 2018, primarily due to the net proceeds from the issuance\nof Series C convertible preferred stock.""}, {""type"": ""round_financing"", ""round"": ""Series B"", ""amount_m"": 4.9, ""sentence"": ""Net cash provided by financing activities was $4.9\u00a0million and $5.0\u00a0million, respectively, for the years ended\nDecember\u00a031, 2016 and 2017 and was primarily due to the net proceeds from the issuance of""}]",proceeds_phrasing+round_dollar,high,0001609727,"Synthorx, Inc."
125.0,"$125.0M (max single round, 2 rounds detected)",2,"[{""type"": ""round_financing"", ""round"": ""Series A"", ""amount_m"": 45.0, ""sentence"": ""We have received aggregate gross cash proceeds of approximately $45.0\u00a0million in connection with the sale of our Series\u00a0A preferred stock and\n$125.0\u00a0million in connection with the sale of our Series\u00a0B""}, {""type"": ""round_financing"", ""round"": ""Series B"", ""amount_m"": 45.0, ""sentence"": ""We have received aggregate gross cash proceeds of approximately $45.0\u00a0million in connection with the sale of our Series\u00a0A preferred stock and\n$125.0\u00a0million in connection with the sale of our Series\u00a0B""}, {""type"": ""round_financing"", ""round"": ""Series B"", ""amount_m"": 124.3, ""sentence"": ""During the nine months ended September\u00a030, 2018, our cash provided by financing activities was $124.3 million, consisting of gross proceeds received from the\nsale and issuance of our Series\u00a0B preferre""}, {""type"": ""round_financing"", ""round"": ""Series B"", ""amount_m"": 125.0, ""sentence"": ""We issued and sold an aggregate 62.5\u00a0million shares of Series\u00a0B preferred stock for gross proceeds of $125.0 million during the nine months ended September\u00a030, 2018.""}, {""type"": ""round_financing"", ""round"": ""Series A"", ""amount_m"": 22.5, ""sentence"": ""During the year ended December\u00a031, 2016 and 2017, net cash provided by financing activities was $22.5 million and\n$16.2\u00a0million, respectively, in each case consisting of net cash proceeds from the sal""}, {""type"": ""round_financing"", ""round"": ""Series A"", ""amount_m"": 44.5, ""sentence"": ""Series A Preferred Stock Financing In October 2015, with subsequent\nclosings in January 2016,\u00a0October 2016,\u00a0and\u00a0December 2017, we sold an aggregate of 44,500,001 shares of our Series A preferred stock""}, {""type"": ""round_financing"", ""round"": ""Series B"", ""amount_m"": 125.0, ""sentence"": ""The following table\nsummarizes purchases of our Series A preferred stock by related persons: 166 Table of Contents Series B\nPreferred Stock Financing In February 2018, with subsequent closings in Marc""}, {""type"": ""round_financing"", ""round"": ""Series A"", ""amount_m"": 22.5, ""sentence"": ""During the years ended December\u00a031, 2016 and\n2017, the Company sold 22,509,804 and 16,166,667 shares, respectively, of its Series A preferred stock at a price of $1.00 per share in exchange for gross ""}, {""type"": ""round_financing"", ""round"": ""Series B"", ""amount_m"": 125.0, ""sentence"": ""Subsequent Events The Company has evaluated\nsubsequent events from the balance sheet date through September\u00a07, 2018, the date at which the financial statements were available to be issued, and determi""}, {""type"": ""round_financing"", ""round"": ""Series B"", ""amount_m"": 125.0, ""sentence"": ""Management believes currently available resources, which include $125.0\u00a0million in gross proceeds the Company received in connection with the March 2018 sale of\n62.5\u00a0million shares of the Company\u2019s Se""}]",round_dollar,medium,0001750019,TCR2 THERAPEUTICS INC.
174.9,$174.9M (from proceeds phrasing),2,"[{""type"": ""aggregate_proceeds"", ""amount_m"": 58.3, ""sentence"": ""Pursuant\nto the Series\u00a0B Preferred Stock Purchase Agreement, dated as of June\u00a06, 2011, and as amended on July\u00a07, 2011 and March\u00a021, 2012, we issued 26,884,442\nshares of our Series\u00a0B preferred stock to""}, {""type"": ""aggregate_proceeds"", ""amount_m"": 58.3, ""sentence"": ""In\nconnection with the Series\u00a0B Purchase Agreement, dated as of June\u00a06, 2011, and as amended on July\u00a07, 2011 and March\u00a021, 2012, we issued 26,884,442 shares\nof our Series\u00a0B preferred stock to certain ""}, {""type"": ""aggregate_proceeds"", ""amount_m"": 58.3, ""sentence"": ""Pursuant\nto the Series\u00a0B Purchase Agreement, dated as of June\u00a06, 2011, and as amended on July\u00a07, 2011 and March\u00a021, 2012, we issued 26,884,442 shares of our\nSeries\u00a0B preferred stock to certain existin""}, {""type"": ""round_financing"", ""round"": ""Series A"", ""amount_m"": 9.9, ""sentence"": ""The cash provided by financing activities for the period from March\u00a026, 2010 (inception) to December\u00a031,\n 2010 is\nthe result of the sale and issuance of 10,000,000 shares of our Series\u00a0A-1 preferred s""}, {""type"": ""round_financing"", ""round"": ""Series A"", ""amount_m"": 10.0, ""sentence"": ""The cash provided by financing activities for the\nyear ended December\u00a031, 2011 is the result of the sale and issuance of 10,000,000 shares of our Series\u00a0A-2 preferred stock for net proceeds of $10.0\u00a0m""}, {""type"": ""round_financing"", ""round"": ""Series B"", ""amount_m"": 10.0, ""sentence"": ""The cash provided by financing activities for the\nyear ended December\u00a031, 2011 is the result of the sale and issuance of 10,000,000 shares of our Series\u00a0A-2 preferred stock for net proceeds of $10.0\u00a0m""}, {""type"": ""round_financing"", ""round"": ""Series A"", ""amount_m"": 20.0, ""sentence"": ""In May 2010 and February 2011, we issued and sold an aggregate of 20,000,000 shares of our Series\u00a0A preferred stock, in two\ntranches, Series\u00a0A-1 preferred stock and Series\u00a0A-2 preferred stock, at a pr""}, {""type"": ""round_financing"", ""round"": ""Series B"", ""amount_m"": 101.0, ""sentence"": ""In June 2011, July 2011 and March 2012, we issued and sold an aggregate of 46,436,761 shares of our Series\u00a0B preferred stock at\na price per share of $2.175, for aggregate consideration of approximatel""}, {""type"": ""round_financing"", ""round"": ""Series B"", ""amount_m"": 58.3, ""sentence"": ""In\nMarch of 2012, the Company issued an additional 26,884,442 shares of Series\u00a0B convertible preferred stock (the \""Series\u00a0B Preferred Stock\"") to existing investors for net\nproceeds of $58.3\u00a0million.""}, {""type"": ""round_financing"", ""round"": ""Series B"", ""amount_m"": 58.3, ""sentence"": ""The unaudited pro forma balance sheet as of\nDecember\u00a031, 2011 reflects the issuance and sale of 26,884,442 shares of Series\u00a0B Preferred Stock for net proceeds of $58.3\u00a0million on March\u00a021, 2012 and th""}]",proceeds_phrasing+round_dollar,high,0001491576,"TESARO, Inc."
50.0,"$50.0M (max single round, 2 rounds detected)",2,"[{""type"": ""round_financing"", ""round"": ""Series C"", ""amount_m"": 35.8, ""sentence"": ""In 2010, we issued and sold an aggregate of 95,143,072 shares of our series\u00a0C convertible preferred stock at a purchase price\nper share of $0.3766 per share, for an aggregate purchase price of approxi""}, {""type"": ""round_financing"", ""round"": ""Series C"", ""amount_m"": 1.3, ""sentence"": ""As part of our series\u00a0C convertible preferred stock financing, in January 2011 we issued and sold an additional 3,550,265 shares, for an aggregate\npurchase price of approximately $1.3\u00a0million.""}, {""type"": ""round_financing"", ""round"": ""Series C"", ""amount_m"": 6.0, ""sentence"": ""In May 2011, we issued and sold an aggregate of 13,276,686 shares of our series\u00a0C-1 convertible preferred stock at a purchase price per\nshare of $0.4519, for an aggregate purchase price of approximate""}, {""type"": ""round_financing"", ""round"": ""Series A"", ""amount_m"": 8.0, ""sentence"": ""In March 2004, we issued 8,000,000 shares of series\u00a0A convertible preferred stock at $1.00 per share generating gross proceeds\nof $8.0\u00a0million.""}, {""type"": ""round_financing"", ""round"": ""Series C"", ""amount_m"": 50.0, ""sentence"": ""The\npreferred stock is automatically convertible in the event of (i)\u00a0an initial public offering at a per share price of at least three times the initial purchase price of the series\u00a0C-1\nconvertible pr""}, {""type"": ""round_financing"", ""round"": ""Series C"", ""amount_m"": 50.0, ""sentence"": ""The preferred stock is automatically convertible in the event of\n(i)\u00a0an initial public offering at a per share price of at least three times the initial purchase price of the series\u00a0C-1 convertible pr""}, {""type"": ""round_financing"", ""round"": ""Series C"", ""amount_m"": 35.8, ""sentence"": ""(1)\u00a0\u00a0\u00a0In\n2010, we issued and sold an aggregate of 95,143,072 shares of our series\u00a0C convertible preferred stock at a purchase price of $0.3766 per share, for an\naggregate purchase price of approximate""}, {""type"": ""round_financing"", ""round"": ""Series C"", ""amount_m"": 1.3, ""sentence"": ""As\npart of our series\u00a0C convertible preferred stock financing, in January 2011 we issued and sold an additional 3,550,265 shares at $0.3766 per share, for an aggregate purchase price of\napproximately ""}]",round_dollar,medium,0001361248,TETRALOGIC PHARMACEUTICALS CORP
45.1,"$45.1M (max single round, 3 rounds detected)",3,"[{""type"": ""round_financing"", ""round"": ""Series C"", ""amount_m"": 44.9, ""sentence"": ""The cash provided by financing activities during the year ended\nDecember\u00a031, 2010 was primarily a result of the sale and issuance of 175,418,122 shares of Series C convertible preferred stock for net ""}, {""type"": ""round_financing"", ""round"": ""Series A"", ""amount_m"": 15.0, ""sentence"": ""In accordance with the terms of the Series A\nPreferred Stock purchase agreement entered into in connection with the sale of Series A-1 Preferred Stock, the Company committed to issue and sell an addit""}, {""type"": ""round_financing"", ""round"": ""Series A"", ""amount_m"": 15.1, ""sentence"": ""In connection with the Second Closing,\nthe Company issued 13,095,646 shares of Series A-2 Preferred Stock at $1.15 per share, resulting in net proceeds to the Company of $15.1 million.""}, {""type"": ""round_financing"", ""round"": ""Series B"", ""amount_m"": 9.9, ""sentence"": ""In September 2009, the Company issued 57,471,225 shares of Series B Preferred Stock at a price of $0.175 per share, resulting in net\nproceeds of $9.9 million to the Company.""}, {""type"": ""round_financing"", ""round"": ""Series B"", ""amount_m"": 7.5, ""sentence"": ""The Series B Preferred Stock purchase agreement provided for a $7.5 million second tranche, which was canceled as part of the Series\u00a0C Preferred Stock financing.""}, {""type"": ""round_financing"", ""round"": ""Series C"", ""amount_m"": 7.5, ""sentence"": ""The Series B Preferred Stock purchase agreement provided for a $7.5 million second tranche, which was canceled as part of the Series\u00a0C Preferred Stock financing.""}, {""type"": ""round_financing"", ""round"": ""Series C"", ""amount_m"": 45.1, ""sentence"": ""Under the agreement, the\nCompany received $45.1 million from the sale of 174,056,785 shares of Series C Preferred Stock at a price of $0.2571 per share during the initial closing on May\u00a014, 2010 and a""}]",round_dollar,medium,0001373707,TETRAPHASE PHARMACEUTICALS INC
26.7,$26.7M (from proceeds phrasing),1,"[{""type"": ""aggregate_proceeds"", ""amount_m"": 14.2, ""sentence"": ""In March 2018, we conducted a private placement of 5,662,000 shares of our Series A preferred stock, at an offering price of $2.50 per share, for the gross proceeds of approximately $14.2 million ($12""}, {""type"": ""aggregate_proceeds"", ""amount_m"": 12.5, ""sentence"": ""The Company received net proceeds of approximately $12.5 million from the 2018 Private Placement, after paying placement agent fees and offering expenses.""}, {""type"": ""round_financing"", ""round"": ""Series A"", ""amount_m"": 14.2, ""sentence"": ""To date, we have capitalized our operations primarily from the March 2018 private placement of approximately $14.2 million ($12.5 million net of offering expenses) of Series A preferred stock, par val""}, {""type"": ""round_financing"", ""round"": ""Series A"", ""amount_m"": 14.2, ""sentence"": ""In March 2018, we issued an aggregate of 5,662,000 shares of our Series A preferred stock to 228 accredited investors at a purchase price of $2.50 per share for aggregate consideration of approximatel""}, {""type"": ""round_financing"", ""round"": ""Series A"", ""amount_m"": 8.2, ""sentence"": ""In May 2019, we issued an aggregate of 3,268,000 shares of our Series A preferred stock to 229 accredited investors at a purchase price of $2.50 per share for aggregate consideration of approximately ""}]",proceeds_phrasing+round_dollar,high,0001733413,"TFF Pharmaceuticals, Inc."
,,0,[],none,none,0001428369,THAR PHARMACEUTICALS INC
60.0,"$60.0M (max single round, 2 rounds detected)",2,"[{""type"": ""round_financing"", ""round"": ""Series C"", ""amount_m"": 5.3, ""sentence"": ""As of December\u00a031, 2012, we had drawn down the entire amount of a $5.3\u00a0million loan facility, which we subsequently repaid in full in May 2013 with a\nportion of the proceeds we received from the issua""}, {""type"": ""round_financing"", ""round"": ""Series B"", ""amount_m"": 30.8, ""sentence"": ""In July 2010, July 2011 and December 2011, we issued and sold to investors an aggregate of 30,800,000 shares of Series\u00a0B\npreferred stock, at a purchase price of $1.00 per share, for aggregate consider""}, {""type"": ""round_financing"", ""round"": ""Series B"", ""amount_m"": 4.2, ""sentence"": ""In July 2011 and December 2011, we issued and sold to investors an aggregate of 4,200,000 shares of Series\u00a0B-1 preferred stock,\nalong with warrants to purchase up to 1,650,000 shares of Series\u00a0B-1 pre""}, {""type"": ""round_financing"", ""round"": ""Series C"", ""amount_m"": 60.0, ""sentence"": ""In May 2013, we issued and sold to investors an aggregate of 36,764,704 shares of Series\u00a0C preferred stock, at a purchase price\nof $1.632 per share, for aggregate consideration of $60.0\u00a0million.""}, {""type"": ""round_financing"", ""round"": ""Series C"", ""amount_m"": 30.0, ""sentence"": ""Forest\nparticipated in the Series\u00a0C Preferred Stock financing noted above and purchased $30\u00a0million of Series\u00a0C Preferred Stock.""}, {""type"": ""round_financing"", ""round"": ""Series C"", ""amount_m"": 30.0, ""sentence"": ""Forest\nparticipated in the Series\u00a0C Preferred Stock financing (Note\u00a06) and purchased $30\u00a0million of Series\u00a0C Preferred Stock.""}]",round_dollar,medium,0001429560,TREVENA INC
,,0,[],none,none,0001537917,"TYME TECHNOLOGIES, INC."
30.0,"$30.0M (max single round, 2 rounds detected)",2,"[{""type"": ""round_financing"", ""round"": ""Series A"", ""amount_m"": 13.9, ""sentence"": ""(A Development Stage Company) Notes to Financial Statements (Information as of March 31, 2014 and for the three months ended March 31, 2013 and 2014 and for the period from September 11, 2006 (incepti""}, {""type"": ""round_financing"", ""round"": ""Series A"", ""amount_m"": 15.5, ""sentence"": ""On July\u00a022, 2008, the Company issued 13,135,591 shares\nof Series\u00a0A preferred stock at $1.18 per share, raising net cash proceeds of $15.5 million.""}, {""type"": ""round_financing"", ""round"": ""Series B"", ""amount_m"": 4.9, ""sentence"": ""On August\u00a024, 2010, the Company issued 9,105,810 shares of Series\u00a0B preferred stock at $0.5491 per share, raising net cash proceeds of $4.9 million pursuant to a Series B Preferred Stock\nAgreement (th""}, {""type"": ""round_financing"", ""round"": ""Series B"", ""amount_m"": 1.5, ""sentence"": ""On October\u00a013, 2010, the Company issued 2,731,743 shares\nof Series\u00a0B preferred stock at $0.5491 per share, raising net cash proceeds of $1.5 million.""}, {""type"": ""round_financing"", ""round"": ""Series B"", ""amount_m"": 15.5, ""sentence"": ""On March\u00a022, 2011, the Company issued 28,228,010 shares of Series B preferred stock at $0.5491 per share, raising net cash proceeds of $15.5 million.""}, {""type"": ""round_financing"", ""round"": ""Series B"", ""amount_m"": 15.5, ""sentence"": ""On March\u00a022, 2011, the development milestone was achieved and the Company issued and sold the 28,228,010 shares of Series\u00a0B\npreferred stock for net cash proceeds of $15.5 million.""}, {""type"": ""round_financing"", ""round"": ""Series A"", ""amount_m"": 30.0, ""sentence"": ""Each share shall automatically convert upon (1)\u00a0election\nof holders of at least 70% of the then outstanding shares of the Series\u00a0A preferred stock and holders of at least 70% of the then outstanding s""}, {""type"": ""round_financing"", ""round"": ""Series B"", ""amount_m"": 30.0, ""sentence"": ""Each share shall automatically convert upon (1)\u00a0election\nof holders of at least 70% of the then outstanding shares of the Series\u00a0A preferred stock and holders of at least 70% of the then outstanding s""}, {""type"": ""round_financing"", ""round"": ""Series A"", ""amount_m"": 13.9, ""sentence"": ""On August\u00a01, 2007, the Company issued 11,864,405 shares of Series A preferred stock\nat $1.18 per share raising net cash proceeds of $13.9 million.""}]",round_dollar,medium,0001409690,"Tobira Therapeutics, Inc."
84.4,$84.4M (from proceeds phrasing),1,"[{""type"": ""aggregate_proceeds"", ""amount_m"": 42.2, ""sentence"": ""(1) From January 2014 through September 2015, we entered into a series of subscription agreements with various investors, pursuant to which we\nissued and sold to such investors an aggregate of 8,041,2""}, {""type"": ""aggregate_proceeds"", ""amount_m"": 42.2, ""sentence"": ""From January 2014 through September 2015, we entered into a series of subscription agreements with\nvarious investors, pursuant to which we issued and sold to such investors an aggregate of 8,041,275\u00a0s""}]",proceeds_phrasing,high,0001419041,Tocagen Inc
52.8,"$52.8M (max single round, 2 rounds detected)",2,"[{""type"": ""round_financing"", ""round"": ""Series C"", ""amount_m"": 41.7, ""sentence"": ""During the year ended December\u00a031, 2017, net cash\nprovided by financing activities was $41.7\u00a0million, consisting of gross proceeds of $42.0 million from our sale of Series C preferred stock in Decembe""}, {""type"": ""round_financing"", ""round"": ""Series C"", ""amount_m"": 50.7, ""sentence"": ""During\nthe year ended December\u00a031, 2016, net cash provided by financing activities was $50.7\u00a0million, consisting solely of proceeds from our sale of Series C preferred stock in December 2016, net of $""}, {""type"": ""round_financing"", ""round"": ""Series C"", ""amount_m"": 42.0, ""sentence"": ""The following table sets forth the aggregate number of shares of our Series C preferred stock that we\nissued and sold in December 2016 to our executive officers, directors and 5% stockholders and thei""}, {""type"": ""round_financing"", ""round"": ""Series C"", ""amount_m"": 51.0, ""sentence"": ""Concurrent with entering into the Shire Agreement, the Company entered into a stock purchase agreement (the \u201cSeries C\nPreferred Stock Purchase Agreement\u201d) on December\u00a022, 2016, which resulted in the C""}, {""type"": ""round_financing"", ""round"": ""Series C"", ""amount_m"": 50.7, ""sentence"": ""Series C Preferred Stock Financings On December\u00a022, 2016, the Company issued and sold 25,757,569 shares of Series C redeemable convertible preferred stock (the \u201cSeries C\npreferred stock\u201d) at a price o""}, {""type"": ""round_financing"", ""round"": ""Series C"", ""amount_m"": 41.9, ""sentence"": ""In December 2017, the Company issued and sold 21,202,710 shares of Series C preferred stock at a price of $1.98 per share for aggregate\nproceeds of $41.9 million, net of issuance costs of $0.1 million""}, {""type"": ""round_financing"", ""round"": ""Series B"", ""amount_m"": 52.8, ""sentence"": ""II-2 Table of Contents (a) Issuances of Convertible Preferred Stock On July\u00a017, 2015, we issued and sold 59,133,987 shares\nof our Series\u00a0B preferred stock to 27 investors, consisting of 48,906,772 sha""}, {""type"": ""round_financing"", ""round"": ""Series C"", ""amount_m"": 51.0, ""sentence"": ""On December\u00a022, 2016, we issued and sold 25,757,569 shares of our Series\u00a0C preferred stock to 25 investors for cash at a price per share of $1.98 for an aggregate purchase price of\n$51.0\u00a0million.""}, {""type"": ""round_financing"", ""round"": ""Series C"", ""amount_m"": 42.0, ""sentence"": ""On December\u00a015, 2017 and\nDecember\u00a022, 2017, we issued and sold an aggregate of 21,202,710 shares of our Series\u00a0C preferred stock to 22 investors for cash at a price per share of $1.98 for an aggregate""}, {""type"": ""round_financing"", ""round"": ""Series C"", ""amount_m"": 51.0, ""sentence"": ""In December 2016, we issued and sold an aggregate of\n25,757,569 shares of our Series C preferred stock at a price per share of $1.98 in cash, for an aggregate purchase price of $51.0\u00a0million.""}]",round_dollar,medium,0001693415,"Translate Bio, Inc."
50.5,"$50.5M (max single round, 3 rounds detected)",3,"[{""type"": ""round_financing"", ""round"": ""Series C"", ""amount_m"": 10.0, ""sentence"": ""On January 18, 2019, we raised an additional $10.0 million in gross proceeds from the sale of shares of our Series C preferred stock in the third and final tranche of our Series C financing.""}, {""type"": ""round_financing"", ""round"": ""Series C"", ""amount_m"": 2.1, ""sentence"": ""For the year ended December 31, 2018, we recorded a net non-cash expense of $2.1 million related to the change in\nfair value of our liability for the shares of Series C preferred stock purchasable in ""}, {""type"": ""round_financing"", ""round"": ""Series C"", ""amount_m"": 10.0, ""sentence"": ""On January 18, 2019, we raised an additional $10.0 million in gross proceeds from the sale of shares of our Series C preferred stock in the third and final tranche of our\nSeries C financing.""}, {""type"": ""round_financing"", ""round"": ""Series C"", ""amount_m"": 3.6, ""sentence"": ""Financing Activities During the year ended December 31, 2018, net cash provided by financing activities was $3.6\u00a0million, primarily consisting of net cash\nproceeds of $10.5\u00a0million from our sales of s""}, {""type"": ""round_financing"", ""round"": ""Series C"", ""amount_m"": 21.7, ""sentence"": ""During the year ended December\u00a031, 2017, net cash provided by financing activities was\n$21.7\u00a0million, primarily consisting of net cash proceeds of $29.7\u00a0million from our sales of shares of Series C pr""}, {""type"": ""round_financing"", ""round"": ""Series C"", ""amount_m"": 50.5, ""sentence"": ""In July 2017, the Company completed the initial closing of the Series\u00a0C Preferred Stock financing of $50.5\u00a0million, receiving gross\nproceeds of $30\u00a0million, representing the first tranche, with procee""}, {""type"": ""round_financing"", ""round"": ""Series C"", ""amount_m"": 10.6, ""sentence"": ""Mandatory Conversion Upon Preferred Stock Financing \u2014As provided for under the Note\nPurchase Agreement, the entire outstanding principal amount of the Convertible Notes totaling $10.6\u00a0million and all ""}, {""type"": ""round_financing"", ""round"": ""Series A"", ""amount_m"": 5.9, ""sentence"": ""Pursuant to the Series A Purchase\nAgreement, the Company issued 6,000,000 shares (the \u201cSeries A Initial Closing\u201d) of Series A Preferred Stock to TPG at a purchase price of $1.00 per share, resulting i""}, {""type"": ""round_financing"", ""round"": ""Series A"", ""amount_m"": 6.5, ""sentence"": ""On December\u00a026, 2013, TPG purchased under a Series A Extension Preferred Stock Purchase Agreement\n(the \u201cSeries A Extension Purchase Agreement\u201d) 6,500,000 additional shares of Series A Preferred Stock ""}, {""type"": ""round_financing"", ""round"": ""Series A"", ""amount_m"": 1.7, ""sentence"": ""In January\u00a02014, the Company issued 1,680,000 shares of Series A Preferred Stock to\neight of the Series A Investors at $1.00 per share, as provided for as Additional Closings under the Series A Extens""}]",round_dollar,medium,0001563880,Trevi Therapeutics Inc
57.5,"$57.5M (max single round, 3 rounds detected)",3,"[{""type"": ""round_financing"", ""round"": ""Series B"", ""amount_m"": 13.1, ""sentence"": ""During fiscal 2016, net proceeds from our sale of convertible preferred stock were comprised of $13.1\u00a0million from sale of Series B\nconvertible preferred stock, net of issuance cost of $37,000 and $29""}, {""type"": ""round_financing"", ""round"": ""Series C"", ""amount_m"": 13.1, ""sentence"": ""During fiscal 2016, net proceeds from our sale of convertible preferred stock were comprised of $13.1\u00a0million from sale of Series B\nconvertible preferred stock, net of issuance cost of $37,000 and $29""}, {""type"": ""round_financing"", ""round"": ""Series C"", ""amount_m"": 25.2, ""sentence"": ""During fiscal 2017 net proceeds from our sale of convertible preferred stock were comprised of $25.2\u00a0million from sale of Series C convertible\npreferred stock, net of issuance costs of $65,000 and $57""}, {""type"": ""round_financing"", ""round"": ""Series D"", ""amount_m"": 25.2, ""sentence"": ""During fiscal 2017 net proceeds from our sale of convertible preferred stock were comprised of $25.2\u00a0million from sale of Series C convertible\npreferred stock, net of issuance costs of $65,000 and $57""}, {""type"": ""round_financing"", ""round"": ""Series C"", ""amount_m"": 55.5, ""sentence"": ""Issuance of Series C Convertible Preferred Stock In July 2016, August 2016 and April 2017, we issued and sold an aggregate of 35,806,451 shares of our Series C convertible preferred stock at a purchas""}, {""type"": ""round_financing"", ""round"": ""Series B"", ""amount_m"": 30.2, ""sentence"": ""158 Table of Contents Issuance of Series B Convertible Preferred Stock In February 2015 and February 2016, we issued and sold an aggregate of 32,526,878 shares of our Series B convertible preferred st""}, {""type"": ""round_financing"", ""round"": ""Series C"", ""amount_m"": 30.0, ""sentence"": ""In 2016, the Company also issued 19,532,259\nshares of Series\u00a0C convertible preferred stock at $1.55 per share for cash proceeds of $30.0\u00a0million, net of issuance costs of $0.3\u00a0million.""}, {""type"": ""round_financing"", ""round"": ""Series C"", ""amount_m"": 2.5, ""sentence"": ""The proceeds from the initial closing of the Series C financing were allocated between the Series C preferred stock tranche obligation and convertible preferred stock by first allocating the proceeds ""}, {""type"": ""round_financing"", ""round"": ""Series C"", ""amount_m"": 25.2, ""sentence"": ""F-17 Table of Contents In 2017, in connection with the closing of the second tranche of the Series C financing, the Company\nissued 16,274,192 shares of Series C convertible preferred stock at $1.55 pe""}, {""type"": ""round_financing"", ""round"": ""Series D"", ""amount_m"": 57.3, ""sentence"": ""In 2017, the Company issued 24,493,615 shares of Series D\nconvertible preferred stock at $2.35 per share for cash proceeds of $57.3\u00a0million, net of issuance costs of approximately $255,000.""}]",round_dollar,medium,0001595585,"Tricida, Inc."
295.0,$295.0M (from proceeds phrasing),2,"[{""type"": ""aggregate_proceeds"", ""amount_m"": 45.0, ""sentence"": ""(1) In May 2017, we entered into a Series C preferred stock purchase agreement with various investors, pursuant to which we issued and sold to such\ninvestors an aggregate of 19,416,645 shares of our S""}, {""type"": ""aggregate_proceeds"", ""amount_m"": 80.0, ""sentence"": ""(2) In October 2018, we entered into a Series D preferred stock purchase agreement with various investors, pursuant to which we issued and sold to such\ninvestors an aggregate of 26,288,123 shares of o""}, {""type"": ""aggregate_proceeds"", ""amount_m"": 80.0, ""sentence"": ""In October 2018, we entered into a Series D preferred stock purchase agreement with various investors, pursuant to which we issued and sold to\nparticipating investors an aggregate of 26,288,123 shares""}, {""type"": ""aggregate_proceeds"", ""amount_m"": 45.0, ""sentence"": ""Table of Contents shares of our Series C convertible preferred stock at a purchase price of $2.3176 per share, and received aggregate gross proceeds of approximately $45\u00a0million.""}, {""type"": ""aggregate_proceeds"", ""amount_m"": 45.0, ""sentence"": ""shares of our Series C convertible preferred stock at a purchase price of $2.3176 per share, and received aggregate gross proceeds of approximately $45\u00a0million.""}, {""type"": ""round_financing"", ""round"": ""Series C"", ""amount_m"": 44.8, ""sentence"": ""89 Table of Contents Financing Activities Cash provided by financing activities for the year ended December 31, 2017 was primarily related to net proceeds from the sale and issuance of our Series\nC co""}, {""type"": ""round_financing"", ""round"": ""Series D"", ""amount_m"": 79.8, ""sentence"": ""Cash provided by financing activities for the year ended December 31, 2018 was primarily related to net proceeds from the sale and issuance of our Series D convertible preferred stock of $79.8\nmillion""}, {""type"": ""round_financing"", ""round"": ""Series C"", ""amount_m"": 44.8, ""sentence"": ""Table of Contents Financing Activities Cash provided by financing activities for the year ended December 31, 2017 was primarily related to net proceeds from the sale and issuance of our Series\nC conve""}, {""type"": ""round_financing"", ""round"": ""Series C"", ""amount_m"": 44.8, ""sentence"": ""Cash provided by financing activities for the year ended December 31, 2017 was primarily related to net proceeds from the sale and issuance of our Series\nC convertible preferred stock of $44.8\u00a0million""}]",proceeds_phrasing+round_dollar,high,0001595893,"Turning Point Therapeutics, Inc."
,,0,[],none,none,0001581280,Twist Bioscience Corp
,,0,[],none,none,0001515673,Ultragenyx Pharmaceutical
134.1,"$134.1M (max single round, 3 rounds detected)",3,"[{""type"": ""round_financing"", ""round"": ""Series C"", ""amount_m"": 54.9, ""sentence"": ""In March 2018, we received net proceeds of $54.9 million from the sale and issuance of shares of our Series C convertible preferred stock.""}, {""type"": ""round_financing"", ""round"": ""Series C"", ""amount_m"": 54.9, ""sentence"": ""In March 2018, we received net proceeds of $54.9 million from the sale and\nissuance of shares of our Series C convertible preferred stock.""}, {""type"": ""round_financing"", ""round"": ""Series A"", ""amount_m"": 2.3, ""sentence"": ""Sales and Purchases of Securities Series\u00a0A-2 Convertible Preferred Stock Financing In January 2015, we issued an aggregate of 7,575,756\nshares of our Series A-2 convertible preferred stock at $0.297 p""}, {""type"": ""round_financing"", ""round"": ""Series B"", ""amount_m"": 8.0, ""sentence"": ""During the year ended December\u00a031, 2017, the Company issued additional shares of Series\u00a0B convertible preferred stock for total proceeds of $8.0 million to one of these\nrelated party shareholders.""}, {""type"": ""round_financing"", ""round"": ""Series B"", ""amount_m"": 0.3, ""sentence"": ""In October 2016, all of the outstanding 2016 Notes issued in February, April, and May 2016 and related accrued interest of $0.3 million was converted into an aggregate of 6,334,927 shares of the Compa""}, {""type"": ""round_financing"", ""round"": ""Series A"", ""amount_m"": 2.0, ""sentence"": ""In July 2013, the Company sold an aggregate of 8,516,910 shares of Series A-1 convertible preferred stock at $0.293 per share for gross proceeds of $2.0\nmillion.""}, {""type"": ""round_financing"", ""round"": ""Series A"", ""amount_m"": 4.9, ""sentence"": ""From January 2014 through March 2015, the Company closed three tranches of Series A-2 convertible preferred stock financing and sold an aggregate of 17,189,187 shares of Series A-2 convertible preferr""}, {""type"": ""round_financing"", ""round"": ""Series A"", ""amount_m"": 4.0, ""sentence"": ""In February 2016, the Company closed the final tranche of Series A-2 convertible preferred stock financing by selling an\naggregate of 13,780,723 shares of Series A-2 convertible preferred stock at $0.""}, {""type"": ""round_financing"", ""round"": ""Series B"", ""amount_m"": 91.2, ""sentence"": ""In October 2016,\nthe Company closed the first tranche of its Series B round of financing by selling an aggregate of 22,182,822 shares of Series B convertible preferred stock at $4.11 per share for gro""}, {""type"": ""round_financing"", ""round"": ""Series B"", ""amount_m"": 8.0, ""sentence"": ""In March 2017, the Company issued an aggregate of 1,946,472 shares of Series B convertible preferred stock at $4.11 per share for gross proceeds of $8.0 million in full settlement of one of the forwar""}]",round_dollar,medium,0001463361,"Unity Biotechnology, Inc."
64.8,"$64.8M (max single round, 2 rounds detected)",2,"[{""type"": ""round_financing"", ""round"": ""Series B"", ""amount_m"": 25.0, ""sentence"": ""112 Table of Contents Through December 31, 2017, we had received $25.0\u00a0million in upfront payments,\n$5.0\u00a0million in equity investment in our Series\u00a0B preferred stock financing, and $7.5\u00a0million in res""}, {""type"": ""round_financing"", ""round"": ""Series A"", ""amount_m"": 5.9, ""sentence"": ""In October 2014, the Company issued and sold 6,297,276 shares of Series A preferred stock, consisting of (i)\u00a06,000,000 shares sold at a\nprice of $1.00 per share for cash proceeds of $5.9\u00a0million, net ""}, {""type"": ""round_financing"", ""round"": ""Series A"", ""amount_m"": 6.0, ""sentence"": ""In 2015, the milestones were met and, in April\u00a02015, the Company issued and sold 6,000,000 shares of Series A preferred stock at a price of $1.00 per share to these existing investors for proceeds of\n""}, {""type"": ""round_financing"", ""round"": ""Series B"", ""amount_m"": 64.8, ""sentence"": ""In June\u00a02015, the Company issued and sold 8,474,574 shares of Series B preferred stock at a price of $7.67 per share for proceeds of\n$64.8\u00a0million, net of issuance costs of $0.2\u00a0million.""}, {""type"": ""round_financing"", ""round"": ""Series A"", ""amount_m"": 0.1, ""sentence"": ""Per the terms of the license agreement, in 2014, the Company paid a non-refundable license fee upon execution of the agreement and another payment upon the closing of the Series A preferred stock fina""}, {""type"": ""round_financing"", ""round"": ""Series B"", ""amount_m"": 25.0, ""sentence"": ""Table of Contents Through December 31, 2017, we had received $25.0\u00a0million in upfront payments,\n$5.0\u00a0million in equity investment in our Series\u00a0B preferred stock financing, and $7.5\u00a0million in researc""}, {""type"": ""round_financing"", ""round"": ""Series B"", ""amount_m"": 25.0, ""sentence"": ""Through December 31, 2017, we had received $25.0\u00a0million in upfront payments,\n$5.0\u00a0million in equity investment in our Series\u00a0B preferred stock financing, and $7.5\u00a0million in research and development ""}]",round_dollar,medium,0001622229,"Unum Therapeutics, Inc."
,,0,[],none,none,0001668243,Urogen Pharma Ltd
,,0,[],none,none,0001740547,Urovant Sciences Ltd.
27.9,"$27.9M (max single round, 4 rounds detected)",4,"[{""type"": ""round_financing"", ""round"": ""Series D"", ""amount_m"": 2.9, ""sentence"": ""Our 2011 financing activities\nincluded the placement of $2.9 million in convertible debt, net of offering costs, and the sale of $6.0 million of Series\u00a0D preferred stock, net of offering costs.""}, {""type"": ""round_financing"", ""round"": ""Series A"", ""amount_m"": 2.3, ""sentence"": ""Redeemable Convertible Preferred Stock Series A Redeemable Convertible Preferred Stock In May 2004, we issued 688 shares of Series A preferred stock, or Series\u00a0A, for proceeds of $2.3\u00a0million, net of ""}, {""type"": ""round_financing"", ""round"": ""Series B"", ""amount_m"": 8.6, ""sentence"": ""Redeemable Convertible Preferred Stock\u00a0(Continued) Series B Redeemable Convertible Preferred Stock In December 2005, we completed the issuance of 5,994 shares of Series B preferred stock, or Series\u00a0B,""}, {""type"": ""round_financing"", ""round"": ""Series C"", ""amount_m"": 27.9, ""sentence"": ""Series C Redeemable Convertible Preferred Stock In September 2007, we issued 18,800 shares of Series C preferred stock, or Series\u00a0C, for proceeds of $27.9 million, net of issuance costs\nof $210,000 an""}, {""type"": ""round_financing"", ""round"": ""Series D"", ""amount_m"": 6.0, ""sentence"": ""Series D Redeemable Convertible Preferred Stock During May 2011, we issued 69,462 shares of Series D preferred stock, or Series\u00a0D, for proceeds of $6.0\u00a0million, net of issuance\ncosts of $134,000, and ""}, {""type"": ""round_financing"", ""round"": ""Series D"", ""amount_m"": 2.8, ""sentence"": ""On May\u00a019, 2011 the Registrant raised $2.8 million in cash\nand an additional $17.5 million through conversion of outstanding Convertible Notes in a private placement of Series\u00a0D Preferred Stock and Wa""}, {""type"": ""round_financing"", ""round"": ""Series D"", ""amount_m"": 17.5, ""sentence"": ""On May\u00a019, 2011 the Registrant raised $2.8 million in cash\nand an additional $17.5 million through conversion of outstanding Convertible Notes in a private placement of Series\u00a0D Preferred Stock and Wa""}, {""type"": ""round_financing"", ""round"": ""Series D"", ""amount_m"": 2.3, ""sentence"": ""On June\u00a07, 2011, the Registrant\nraised an additional $2.3 million in cash in a private placement of Series\u00a0D Preferred Stock and warrants to purchase Series\u00a0D Preferred Stock at a purchase price of $1""}, {""type"": ""round_financing"", ""round"": ""Series A"", ""amount_m"": 2.3, ""sentence"": ""In May 2004, we issued 688 shares of Series A preferred stock, or Series\u00a0A, for proceeds of $2.3\u00a0million, net of issuance costs of\n$60,000.""}, {""type"": ""round_financing"", ""round"": ""Series B"", ""amount_m"": 8.6, ""sentence"": ""In December 2005, we completed the issuance of 5,994 shares of Series B preferred stock, or Series\u00a0B, for proceeds of $8.6 million, net of\nissuance costs of $317,000, and including the conversion of a""}]",round_dollar,medium,0001280776,VITAL THERAPIES INC
,,0,[],none,none,0001205922,Vaccinex Inc
,,0,[],none,none,0001526119,Verastem Inc
176.0,$176.0M (from proceeds phrasing),3,"[{""type"": ""aggregate_proceeds"", ""amount_m"": 5.0, ""sentence"": ""Sales of\nSeries\u00a0B Convertible Preferred Stock In December 2017, we sold an aggregate of 1,937,984 shares of our Series\u00a0B convertible\npreferred stock at a price of $2.58 per share for aggregate gross p""}, {""type"": ""aggregate_proceeds"", ""amount_m"": 20.0, ""sentence"": ""Sales of Series\u00a0C Convertible Preferred Stock In February 2018, we sold an aggregate of 4,386,926 shares of our Series\u00a0C convertible preferred stock at a price of $4.559 per share for\naggregate gross ""}, {""type"": ""aggregate_proceeds"", ""amount_m"": 21.0, ""sentence"": ""On February\u00a020, 2018 and March\u00a07, 2018, the Company issued an aggregate of 4,606,267 shares of Series C convertible preferred stock\n(the \u201cSeries C Preferred Stock\u201d), at an issuance price of $4.559 per""}, {""type"": ""aggregate_proceeds"", ""amount_m"": 21.0, ""sentence"": ""F-17 Table of Contents On February\u00a020, 2018 and March\u00a07, 2018, the Company issued and sold an aggregate of\n4,606,267 Series C Preferred Shares, at an issuance price of $4.559 per share, for gross proc""}, {""type"": ""aggregate_proceeds"", ""amount_m"": 21.0, ""sentence"": ""Series C\nPreferred Stock On February\u00a020, 2018 and March\u00a07, 2018, the Company issued and sold an aggregate of 4,606,267 shares of\nSeries C Preferred Stock, at an issuance price of $4.559 per share, for""}, {""type"": ""aggregate_proceeds"", ""amount_m"": 5.0, ""sentence"": ""In December 2017, we sold an aggregate of 1,937,984 shares of our Series\u00a0B convertible\npreferred stock at a price of $2.58 per share for aggregate gross proceeds of approximately $5\u00a0million to Percept""}, {""type"": ""aggregate_proceeds"", ""amount_m"": 20.0, ""sentence"": ""In February 2018, we sold an aggregate of 4,386,926 shares of our Series\u00a0C convertible preferred stock at a price of $4.559 per share for\naggregate gross proceeds of approximately $20\u00a0million.""}, {""type"": ""aggregate_proceeds"", ""amount_m"": 21.0, ""sentence"": ""Table of Contents On February\u00a020, 2018 and March\u00a07, 2018, the Company issued and sold an aggregate of\n4,606,267 Series C Preferred Shares, at an issuance price of $4.559 per share, for gross proceeds ""}, {""type"": ""aggregate_proceeds"", ""amount_m"": 21.0, ""sentence"": ""On February\u00a020, 2018 and March\u00a07, 2018, the Company issued and sold an aggregate of\n4,606,267 Series C Preferred Shares, at an issuance price of $4.559 per share, for gross proceeds of approximately $""}, {""type"": ""aggregate_proceeds"", ""amount_m"": 21.0, ""sentence"": ""On February\u00a020, 2018 and March\u00a07, 2018, the Company issued and sold an aggregate of 4,606,267 shares of\nSeries C Preferred Stock, at an issuance price of $4.559 per share, for aggregate gross proceeds""}]",proceeds_phrasing+round_dollar,high,0001660334,Verrica Pharmaceuticals Inc
55.0,"$55.0M (max single round, 4 rounds detected)",4,"[{""type"": ""round_financing"", ""round"": ""Series C"", ""amount_m"": 1.0, ""sentence"": ""This increase was primarily due to a change in the fair value of the preferred stock call option liability associated with the Series C convertible preferred\nstock financing of approximately $1.0\u00a0mill""}, {""type"": ""round_financing"", ""round"": ""Series B"", ""amount_m"": 0.1, ""sentence"": ""Other income in 2012 was primarily attributable to the change in the fair value of $0.1 million of the liability associated with the Series B convertible preferred stock financings in January and\nMay ""}, {""type"": ""round_financing"", ""round"": ""Series E"", ""amount_m"": 55.0, ""sentence"": ""Sales of preferred stock In February 2014, we sold an aggregate of 48,758,857\u00a0shares of our Series\u00a0E convertible preferred stock at a purchase price of\n$1.128 per share for an aggregate purchase price""}, {""type"": ""round_financing"", ""round"": ""Series D"", ""amount_m"": 10.0, ""sentence"": ""In February 2014, pursuant to the Series D Securities Purchase Agreement entered into in October 2013, we\nsold an aggregate of 13,168,291\u00a0shares of our Series\u00a0D-2 convertible preferred stock at a purc""}, {""type"": ""round_financing"", ""round"": ""Series D"", ""amount_m"": 10.0, ""sentence"": ""In October 2013, we sold an aggregate of 17,777,777 shares of our Series D-1 convertible preferred stock at a purchase price of $0.5625 per share for an aggregate purchase price of approximately $10.0""}, {""type"": ""round_financing"", ""round"": ""Series C"", ""amount_m"": 12.5, ""sentence"": ""In July 2013, we sold an aggregate of 22,222,222 shares of our Series C convertible preferred stock at a purchase price of\n$0.5625 per share for an aggregate purchase price of approximately $12.5\u00a0mill""}, {""type"": ""round_financing"", ""round"": ""Series C"", ""amount_m"": 8.0, ""sentence"": ""In January 2013, we sold an aggregate of 14,222,222 shares of our Series C convertible preferred stock at a purchase price of $0.5625 per share for an aggregate\npurchase price of approximately $8.0 mi""}, {""type"": ""round_financing"", ""round"": ""Series B"", ""amount_m"": 4.6, ""sentence"": ""In January 2013, we issued an aggregate of 10,195,552 shares of our Series B convertible preferred stock upon the conversion of outstanding notes at a purchase price of $0.45 per share for an aggregat""}, {""type"": ""round_financing"", ""round"": ""Series B"", ""amount_m"": 3.3, ""sentence"": ""In May 2012, we sold an aggregate of 7,430,553 shares of our Series\u00a0B convertible preferred stock at a purchase price of $0.45 per share for an aggregate purchase price of approximately $3.3\nmillion.""}, {""type"": ""round_financing"", ""round"": ""Series B"", ""amount_m"": 3.3, ""sentence"": ""In January 2012, we sold an aggregate of 7,430,557 shares of our Series\u00a0B convertible preferred stock at a purchase price of $0.45 per share for an aggregate purchase price of approximately $3.3 milli""}]",round_dollar,medium,0001513818,"Versartis, Inc."
15.0,"$15.0M (max single round, 1 rounds detected)",1,"[{""type"": ""round_financing"", ""round"": ""Series B"", ""amount_m"": 15.0, ""sentence"": ""Series B Preferred Stock Financing In February 2011, VPI issued and sold an aggregate of 13,043,478 shares of VPI series B preferred stock for an aggregate purchase price of approximately $15.0 millio""}, {""type"": ""round_financing"", ""round"": ""Series B"", ""amount_m"": 15.0, ""sentence"": ""In February 2011, VPI issued and sold an aggregate of 13,043,478 shares of VPI series B preferred stock for an aggregate purchase price of approximately $15.0 million.""}]",round_dollar,medium,0001538928,Viamet Pharmaceuticals Holdings LLC
387.3,$387.3M (from proceeds phrasing),2,"[{""type"": ""aggregate_proceeds"", ""amount_m"": 387.3, ""sentence"": ""As of June 30, 2019, we have raised gross proceeds of approximately $387.3\u00a0million from the issuance of convertible preferred\nstock.""}, {""type"": ""round_financing"", ""round"": ""Series A"", ""amount_m"": 250.0, ""sentence"": ""Concurrent with our\nacquisition of these MedImmune assets, we also closed a $250\u00a0million Series A preferred stock financing with five institutional investors, the receipt of $80\u00a0million of which remai""}, {""type"": ""round_financing"", ""round"": ""Series B"", ""amount_m"": 75.0, ""sentence"": ""In June 2019, we closed a Series B preferred stock financing with five new institutional investors and one existing\ninstitutional investor for aggregate gross proceeds of $75 million.""}, {""type"": ""round_financing"", ""round"": ""Series B"", ""amount_m"": 87.9, ""sentence"": ""Financing Activities Net cash provided by financing\nactivities was $87.9\u00a0million for the six months ended June\u00a030, 2019, primarily due to the net proceeds from the issuance of Series B\u00a0convertible pre""}, {""type"": ""round_financing"", ""round"": ""Series A"", ""amount_m"": 250.0, ""sentence"": ""See \u201c \u2014Licenses and Strategic Agreements\u2014Clinical Supply Agreement with AstraZeneca UK Limited \u201d and \u201c \u2014Licenses and Strategic Agreements\u2014Commercial Supply Agreement with AstraZeneca UK\nLimited.\u201d Conc""}, {""type"": ""round_financing"", ""round"": ""Series B"", ""amount_m"": 75.0, ""sentence"": ""In June 2019, we closed a Series\u00a0B preferred stock financing with five new institutional investors and one existing institutional investor for aggregate gross proceeds of\n$75 million (the \u201cSeries\u00a0B Pr""}, {""type"": ""round_financing"", ""round"": ""Series A"", ""amount_m"": 140.0, ""sentence"": ""Equity Financings Series A Financing In February 2018, we issued (i) 14,225,324 shares of Series A-1 preferred stock at a purchase price of $10.00 per\nshare for aggregate gross consideration of $142,2""}, {""type"": ""round_financing"", ""round"": ""Series A"", ""amount_m"": 142.3, ""sentence"": ""In the three years preceding the filing of this registration statement, we have issued the following securities that were not registered under the\nSecurities Act: In February 2018, we issued an aggreg""}, {""type"": ""round_financing"", ""round"": ""Series A"", ""amount_m"": 140.0, ""sentence"": ""In February 2018, we\nissued an aggregate of 14,000,000\u00a0shares of our Series A-1 Preferred Stock at a purchase price of $10.00 per share to six investors for aggregate consideration of $140\u00a0million.""}, {""type"": ""round_financing"", ""round"": ""Series A"", ""amount_m"": 30.0, ""sentence"": ""In December 2018, we issued 3,000,000 shares of our Series A-2 Preferred Stock at a purchase price of $10.00 per\nshare to six investors for aggregate consideration of $30\u00a0million.""}]",proceeds_phrasing+round_dollar,high,0001734517,"Viela Bio, Inc."
,,0,[],none,none,0001607678,Viking Therapeutics Inc
327.6,"$327.6M (max single round, 2 rounds detected)",2,"[{""type"": ""round_financing"", ""round"": ""Series A"", ""amount_m"": 1.8, ""sentence"": ""As consideration, we issued 2,499,982\u00a0shares of our Series A-2 convertible preferred stock, valued at $1.8\u00a0million\nas of the date of the transaction and agreed to pay cash of $11.5\u00a0million to the form""}, {""type"": ""round_financing"", ""round"": ""Series A"", ""amount_m"": 0.9, ""sentence"": ""As consideration, we paid cash of $0.9\u00a0million, issued 847,500 shares of our Series A-2 convertible\npreferred stock, valued at $0.6\u00a0million as of the date of the transaction, to the former Statera sto""}, {""type"": ""round_financing"", ""round"": ""Series B"", ""amount_m"": 317.3, ""sentence"": ""This consisted primarily of net proceeds received from the issuance of our Series B convertible preferred stock of $317.3 million in January 2019.""}, {""type"": ""round_financing"", ""round"": ""Series A"", ""amount_m"": 12.3, ""sentence"": ""This consisted primarily of net proceeds\nreceived from the issuance of our Series A-1 convertible preferred stock of $12.3 million.""}, {""type"": ""round_financing"", ""round"": ""Series A"", ""amount_m"": 14.3, ""sentence"": ""This consisted primarily of net proceeds received from the issuance of our Series A-1 convertible preferred stock of $14.3\u00a0million and advance cash payment of $10.1 million for the\nissuance of our Ser""}, {""type"": ""round_financing"", ""round"": ""Series B"", ""amount_m"": 14.3, ""sentence"": ""This consisted primarily of net proceeds received from the issuance of our Series A-1 convertible preferred stock of $14.3\u00a0million and advance cash payment of $10.1 million for the\nissuance of our Ser""}, {""type"": ""round_financing"", ""round"": ""Series A"", ""amount_m"": 8.0, ""sentence"": ""Convertible Preferred Stock Financings Series A-1 Convertible Preferred Stock Financing In September 2016, we entered into a Series A-1 preferred stock purchase agreement with various investors, pursu""}, {""type"": ""round_financing"", ""round"": ""Series B"", ""amount_m"": 165.5, ""sentence"": ""In December 2016, we entered into a Series A-1 and Series B preferred stock purchase agreement, or the Series A-1/B Purchase Agreement, with various investors, pursuant to which we issued an aggregate""}, {""type"": ""round_financing"", ""round"": ""Series A"", ""amount_m"": 165.5, ""sentence"": ""In December 2016, we entered into a Series A-1 and Series B preferred stock purchase agreement, or the Series A-1/B Purchase Agreement, with various investors, pursuant to which we issued an aggregate""}, {""type"": ""round_financing"", ""round"": ""Series A"", ""amount_m"": 10.0, ""sentence"": ""The first closing occurred in December 2016, at which time we issued an additional 10,000,000 shares of our Series\u00a0A-1 convertible\npreferred stock for gross cash proceeds of $10.0\u00a0million.""}]",round_dollar,medium,0001706431,Vir Biotechnology Inc
6.0,"$6.0M (max single round, 1 rounds detected)",1,"[{""type"": ""round_financing"", ""round"": ""Series B"", ""amount_m"": 6.0, ""sentence"": ""Preferred Stock Deemed Dividend On June 30, 2014, pursuant to our put right under that certain Series B Preferred Stock Purchase Agreement, dated as of May 18, 2010, by and between us and certain of o""}, {""type"": ""round_financing"", ""round"": ""Series B"", ""amount_m"": 6.0, ""sentence"": ""On May\u00a014, 2014, we exercised our Series B contingent put right for the sale of an additional 6,000,000\u00a0shares of our Series B\npreferred stock for approximately $6.0 million in gross proceeds.""}, {""type"": ""round_financing"", ""round"": ""Series B"", ""amount_m"": 2.0, ""sentence"": ""On July 8, 2014, we\nentered into a Series B Preferred Stock Purchase Agreement with two accredited investors pursuant to which we sold an additional 2,000,000 shares of our Series B preferred stock fo""}, {""type"": ""round_financing"", ""round"": ""Series B"", ""amount_m"": 6.0, ""sentence"": ""Sales of Preferred Stock On June 30, 2014, pursuant to our put right under that certain Series B Preferred Stock Purchase Agreement, dated as of\nMay\u00a018, 2010, by and between us and certain of our inve""}, {""type"": ""round_financing"", ""round"": ""Series B"", ""amount_m"": 6.0, ""sentence"": ""NOTES TO CONDENSED FINANCIAL STATEMENTS Total stock-based\ncompensation expense recognized was as follows (in thousands): On June\u00a030, 2014, the Company completed the second closing under the Series B P""}, {""type"": ""round_financing"", ""round"": ""Series B"", ""amount_m"": 6.0, ""sentence"": ""II-1 Table of Contents The following sets forth information regarding all unregistered securities sold since January\u00a01, 2011: Issuances of Preferred Stock In June 2014, we\nissued 6,000,000 shares of o""}, {""type"": ""round_financing"", ""round"": ""Series B"", ""amount_m"": 2.0, ""sentence"": ""In July 2014, we issued 2,000,000 shares of our Series B preferred stock\n(convertible into 2,000,000 shares of common stock) to two accredited investors at a price per share of $1.00, for aggregate co""}, {""type"": ""round_financing"", ""round"": ""Series B"", ""amount_m"": 6.0, ""sentence"": ""On June 30, 2014, pursuant to our put right under that certain Series B Preferred Stock Purchase Agreement, dated as of May 18, 2010, by and between us and certain of our investors, we\nissued an aggre""}, {""type"": ""round_financing"", ""round"": ""Series B"", ""amount_m"": 6.0, ""sentence"": ""On June 30, 2014, pursuant to our put right under that certain Series B Preferred Stock Purchase Agreement, dated as of\nMay\u00a018, 2010, by and between us and certain of our investors, we issued an aggre""}, {""type"": ""round_financing"", ""round"": ""Series B"", ""amount_m"": 6.0, ""sentence"": ""On June\u00a030, 2014, the Company completed the second closing under the Series B Preferred Stock Purchase Agreement dated May\u00a018, 2010 and received gross proceeds of $6.0 million\nfor the issuance of an a""}]",round_dollar,medium,0001374261,Virobay Inc
33.7,"$33.7M (max single round, 2 rounds detected)",2,"[{""type"": ""round_financing"", ""round"": ""Series B"", ""amount_m"": 33.7, ""sentence"": ""During the nine months ended September 30, 2014, net cash provided by financing activities was $33.7\u00a0million, consisting of net proceeds\nfrom our issuance of Series\u00a0B convertible preferred stock of $2""}, {""type"": ""round_financing"", ""round"": ""Series B"", ""amount_m"": 33.5, ""sentence"": ""During the year ended December\u00a031, 2014, net cash provided by financing activities was\n$33.5\u00a0million, consisting of net proceeds from our issuance of Series\u00a0B convertible preferred stock of $29.8\u00a0mill""}, {""type"": ""round_financing"", ""round"": ""Series A"", ""amount_m"": 7.1, ""sentence"": ""During\nthe year ended December\u00a031, 2013, net cash provided by financing activities was $7.1\u00a0million, consisting of net proceeds from our issuance of Series\u00a0A convertible preferred stock of $8.1 millio""}, {""type"": ""round_financing"", ""round"": ""Series A"", ""amount_m"": 12.9, ""sentence"": ""Bridge Financing In February and April 2012, we issued convertible promissory notes in an aggregate principal amount of $1,250,000 to our directors, 5%\nstockholders and their affiliates as follows: Se""}, {""type"": ""round_financing"", ""round"": ""Series A"", ""amount_m"": 2.4, ""sentence"": ""In September 2012, we issued and sold an aggregate of 2,404,500\u00a0additional shares of Series\u00a0A convertible preferred stock at a price of $1.00 per share for an aggregate purchase price of\n$2.4\u00a0million.""}, {""type"": ""round_financing"", ""round"": ""Series A"", ""amount_m"": 10.8, ""sentence"": ""In November 2012, we issued and sold an aggregate of 10,789,199\u00a0additional shares of our Series\u00a0A convertible preferred stock at a price of $1.00 per share for an aggregate purchase price of $10.8\u00a0mil""}, {""type"": ""round_financing"", ""round"": ""Series A"", ""amount_m"": 8.1, ""sentence"": ""In\nNovember 2013, we issued and sold an aggregate of 8,130,000\u00a0additional shares of our Series\u00a0A convertible preferred stock at a price of $1.00 per share for an aggregate purchase price of $8.1\u00a0milli""}, {""type"": ""round_financing"", ""round"": ""Series B"", ""amount_m"": 15.0, ""sentence"": ""Series B Convertible Preferred Stock\nFinancing In May 2014, we issued and sold an aggregate of 12,000,000 shares of our Series B convertible preferred stock at a price of\n$1.25 per share for an aggreg""}, {""type"": ""round_financing"", ""round"": ""Series B"", ""amount_m"": 15.0, ""sentence"": ""In September 2014, we issued and sold an aggregate of 12,000,000 additional shares of Series B convertible preferred stock and 2,999,997 shares of common stock at a price of $1.25 per\nunit, with each ""}, {""type"": ""round_financing"", ""round"": ""Series A"", ""amount_m"": 12.9, ""sentence"": ""In May 2012, we issued and sold an aggregate of 12,906,301\u00a0shares of our Series\u00a0A convertible preferred stock at a price of $1.00 per\nshare for an aggregate purchase price of $12.9\u00a0million.""}]",round_dollar,medium,0001426375,"Visterra, Inc."
,,0,[],none,none,0001157602,"Vitae Pharmaceuticals, Inc"
30.0,"$30.0M (max single round, 2 rounds detected)",2,"[{""type"": ""round_financing"", ""round"": ""Series A"", ""amount_m"": 20.0, ""sentence"": ""The increase in cash provided by financing activities was primarily due to the issuance of $20.0\u00a0million of Series\u00a0A\nPreferred Stock and $90.0\u00a0million of Series\u00a0B Preferred Stock during the six months""}, {""type"": ""round_financing"", ""round"": ""Series B"", ""amount_m"": 20.0, ""sentence"": ""The increase in cash provided by financing activities was primarily due to the issuance of $20.0\u00a0million of Series\u00a0A\nPreferred Stock and $90.0\u00a0million of Series\u00a0B Preferred Stock during the six months""}, {""type"": ""round_financing"", ""round"": ""Series A"", ""amount_m"": 22.0, ""sentence"": ""The increase in cash provided by financing activities was primarily due to the closing of the first four Series\u00a0A Preferred Stock financing rounds for aggregate gross\nproceeds of $22.0\u00a0million during ""}, {""type"": ""round_financing"", ""round"": ""Series A"", ""amount_m"": 20.0, ""sentence"": ""The Company estimates the fair value of the Series\u00a0A Preferred Stock tranche liability at the time of issuance and subsequently remeasures it using a probability-weighted present\nvalue model that cons""}, {""type"": ""round_financing"", ""round"": ""Series B"", ""amount_m"": 30.0, ""sentence"": ""In addition, contemporaneous with entering into the Collaboration Agreement, Genzyme entered into a Series\u00a0B Stock Purchase Agreement, under which\nGenzyme purchased 10,000,000 shares of Series\u00a0B Prefe""}]",round_dollar,medium,0001640266,Voyager Therapeutics Inc
,,0,[],none,none,0001602413,"Vyrix Pharmaceuticals, Inc."
265.2,$265.2M (from proceeds phrasing),1,"[{""type"": ""aggregate_proceeds"", ""amount_m"": 62.5, ""sentence"": ""Based on our current operating plan, we believe that our available cash along with net proceeds of approximately $62.5 million from our Series B preferred share financing, which closed on\nAugust\u00a014, 2""}, {""type"": ""aggregate_proceeds"", ""amount_m"": 62.5, ""sentence"": ""Pro forma net tangible book value and pro forma net tangible book value per share represents the amount of our total tangible assets less our total liabilities, after\ngiving effect to (i)\u00a0the issuance""}, {""type"": ""aggregate_proceeds"", ""amount_m"": 15.2, ""sentence"": ""Through\nDecember\u00a031, 2014 and June\u00a030, 2015, we had received net proceeds of approximately $15.2 million and $26.8 million, respectively, from such transactions.""}, {""type"": ""aggregate_proceeds"", ""amount_m"": 62.5, ""sentence"": ""In August 2015, we completed a private placement of Series B preferred shares and\nreceived net proceeds of approximately $62.5 million.""}, {""type"": ""aggregate_proceeds"", ""amount_m"": 62.5, ""sentence"": ""Leerink Partners LLC acted as a financial advisor to us in connection with our Series B preferred share financing, which we closed on August 14, 2015 and from which we\nreceived aggregate net proceeds ""}]",proceeds_phrasing,high,0001631574,WaVe Life Sciences Ltd
,,0,[],none,none,0001626878,XBiotech Inc
146.8,"$146.8M (max single round, 2 rounds detected)",2,"[{""type"": ""round_financing"", ""round"": ""Series E"", ""amount_m"": 146.8, ""sentence"": ""From our inception in 1998 through 2007, we completed the sale of five rounds of convertible preferred stock: Series\u00a0A,\nSeries\u00a0B, Series\u00a0C, Series\u00a0D and Series\u00a0E convertible preferred stock (Preferred""}, {""type"": ""round_financing"", ""round"": ""Series A"", ""amount_m"": 70.7, ""sentence"": ""We determined that the per share fair value of the\nshares of Series\u00a0A-1 convertible preferred stock issued under the Note Conversion Agreement was $1.54 and the total fair value of the shares of Serie""}, {""type"": ""round_financing"", ""round"": ""Series A"", ""amount_m"": 3.0, ""sentence"": ""We determined the fair value of the shares of Series\u00a0A-1 convertible preferred\nstock issued to be $3.0\u00a0million and we recorded a deemed contribution to equity of $140.6\u00a0million (net of original issuan""}, {""type"": ""round_financing"", ""round"": ""Series A"", ""amount_m"": 7.6, ""sentence"": ""On\nJune\u00a026, 2013 we sold 5,586,510 additional shares of Series\u00a0A-1 convertible preferred stock to existing stockholders for gross proceeds of $7.6\u00a0million at a\npurchase price of $1.36 per share.""}, {""type"": ""round_financing"", ""round"": ""Series A"", ""amount_m"": 70.7, ""sentence"": ""We determined that the per share fair value of the\nshares of Series\u00a0A-1 convertible preferred stock issued was $1.54 and the total fair value of the issued shares under the Note Conversion Agreement w""}, {""type"": ""round_financing"", ""round"": ""Series A"", ""amount_m"": 3.0, ""sentence"": ""We determined the fair value of the shares of Series\u00a0A-1 convertible preferred\nstock issued to be $3.0\u00a0million and we recorded a deemed contribution to equity of $140.6\u00a0million equal to the difference""}, {""type"": ""round_financing"", ""round"": ""Series A"", ""amount_m"": 1.1, ""sentence"": ""A total of 1,851,814 shares of Series\u00a0A-2 convertible preferred stock with\na fair value of $1.1\u00a0million were issued in exchange for 5,561,006 shares of Series\u00a0A-1 convertible preferred stock with the ""}, {""type"": ""round_financing"", ""round"": ""Series A"", ""amount_m"": 7.6, ""sentence"": ""On\nJune\u00a026, 2013 we sold 5,586,510 shares of additional Series\u00a0A-1 convertible preferred stock to existing stockholders at a purchase price of $1.36 per share for aggregate\nproceeds of $7.6 million.""}, {""type"": ""round_financing"", ""round"": ""Series A"", ""amount_m"": 3.0, ""sentence"": ""We determined the fair value of the shares of Series\u00a0A-1\nconvertible preferred stock issued to be $3.0\u00a0million and we recorded a deemed contribution to equity of $140.6\u00a0million equal to the difference""}, {""type"": ""round_financing"", ""round"": ""Series A"", ""amount_m"": 7.6, ""sentence"": ""On\nJune\u00a026, 2013, we sold 5,586,510 shares of Series\u00a0A-1 convertible preferred stock to existing stockholders at a purchase price of $1.36 per share, for an aggregate\npurchase price of $7.6\u00a0million.""}]",round_dollar,medium,0001326732,Xencor Inc
,,0,[],none,none,0001582313,Xenon Pharmaceuticals Inc
,,0,[],none,none,0001722964,"Y-mAbs Therapeutics, Inc."
34.8,"$34.8M (max single round, 1 rounds detected)",1,"[{""type"": ""round_financing"", ""round"": ""Series E"", ""amount_m"": 34.8, ""sentence"": ""We also executed a Series\u00a0E preferred stock financing, under which we issued shares to new investors in late November 2013 at $2.17 per\nshare, raising net proceeds of $34.8 million.""}]",round_dollar,medium,0001374690,"ZAFGEN, INC."
55.0,"$55.0M (max single round, 3 rounds detected)",3,"[{""type"": ""round_financing"", ""round"": ""Series D"", ""amount_m"": 25.0, ""sentence"": ""We closed the first $25.0 million tranche of our Series D preferred stock financing on February\u00a028, 2014.""}, {""type"": ""round_financing"", ""round"": ""Series B"", ""amount_m"": 1.4, ""sentence"": ""Expense to mark warrants to\nmarket Expense to mark warrants to market expense increased $1.4 million in 2013 due to the increased value of warrants to acquire Series B preferred stock that were issued""}, {""type"": ""round_financing"", ""round"": ""Series B"", ""amount_m"": 2.1, ""sentence"": ""Interest expense decreased $2.1 million for the\nyear ended December\u00a031, 2013 due to the amortization of debt discount and deferred debt issuance costs in 2012 related to the convertible note financing""}, {""type"": ""round_financing"", ""round"": ""Series D"", ""amount_m"": 55.0, ""sentence"": ""We consummated a $55.0 million Series D preferred stock financing on February\u00a028, 2014, which consisted of two tranches.""}, {""type"": ""round_financing"", ""round"": ""Series D"", ""amount_m"": 25.0, ""sentence"": ""The first $25.0 million tranche was funded on February\u00a028,\n2014, and the investors in the Series D financing have agreed to invest an additional $30.0 million in consideration of the issuance of share""}, {""type"": ""round_financing"", ""round"": ""Series D"", ""amount_m"": 30.0, ""sentence"": ""The first $25.0 million tranche was funded on February\u00a028,\n2014, and the investors in the Series D financing have agreed to invest an additional $30.0 million in consideration of the issuance of share""}, {""type"": ""round_financing"", ""round"": ""Series D"", ""amount_m"": 24.8, ""sentence"": ""For the three months ended March 31, 2014, net cash provided by financing activities consisted mainly of the net proceeds from the issuance of the first tranche of our Series D preferred stock of $24.""}, {""type"": ""round_financing"", ""round"": ""Series C"", ""amount_m"": 0.9, ""sentence"": ""For the year ended December 31, 2012, net cash provided by financing activities consisted mainly of the net proceeds from the issuance of the second tranche of our convertible notes of $0.9 million an""}, {""type"": ""round_financing"", ""round"": ""Series C"", ""amount_m"": 15.1, ""sentence"": ""For the year ended December 31, 2013, net cash provided by financing activities consisted mainly of the net proceeds from the issuance of the\nsecond tranche of our Series C preferred stock of $15.1 mi""}, {""type"": ""round_financing"", ""round"": ""Series B"", ""amount_m"": 2.97, ""sentence"": ""Sales and Purchases of Securities Series B Preferred Stock Financing In November\n2010,\u00a0March 2011, and November 2011, we issued an aggregate of 2,045,262 shares of our Series B preferred stock at a pr""}]",round_dollar,medium,0001459266,"ZS Pharma, Inc."
,,0,[],none,none,0001704292,Zai Lab Ltd
,,0,[],none,none,0001718644,"Zander Therapeutics, Inc"
,,0,[],none,none,0001555280,Zoetis Inc
,,0,[],none,none,0001684144,Zomedica Pharmaceuticals Corp.
,,0,[],none,none,0001587221,Zosano Pharma Corp
,,0,[],none,none,0001937653,Zymeworks Inc
,,0,[],none,none,0001621443,"Zynerba Pharmaceuticals, Inc."
76.3,$76.3M (from proceeds phrasing),1,"[{""type"": ""aggregate_proceeds"", ""amount_m"": 76.3, ""sentence"": ""On a pro forma basis, after giving\neffect to (i) the issuance and sale of 68,166,894\u00a0shares of our Series\u00a0E redeemable convertible preferred stock in March 2015 for aggregate gross proceeds of approxi""}]",proceeds_phrasing,high,0001339970,aTYR PHARMA INC
,,0,[],none,none,0001293971,"bluebird bio, Inc."
40.0,$40.0M (from proceeds phrasing),2,"[{""type"": ""aggregate_proceeds"", ""amount_m"": 40.0, ""sentence"": ""In November 2017, we issued and sold an aggregate of 4,792,716 shares of our Series B preferred stock for gross proceeds of approximately $40.0 million.""}, {""type"": ""round_financing"", ""round"": ""Series A"", ""amount_m"": 15.0, ""sentence"": ""Pro forma net\ntangible book value represents the amount of our total tangible assets less our total liabilities, after giving effect to (i)\u00a0the sale and issuance of 7,763,975 shares of our Series A pr""}, {""type"": ""round_financing"", ""round"": ""Series B"", ""amount_m"": 15.0, ""sentence"": ""Pro forma net\ntangible book value represents the amount of our total tangible assets less our total liabilities, after giving effect to (i)\u00a0the sale and issuance of 7,763,975 shares of our Series A pr""}, {""type"": ""round_financing"", ""round"": ""Series A"", ""amount_m"": 15.0, ""sentence"": ""In October 2017, we received an additional $15.0\u00a0million in gross proceeds from the issuance and sale of our redeemable convertible Series A preferred stock.""}, {""type"": ""round_financing"", ""round"": ""Series B"", ""amount_m"": 40.0, ""sentence"": ""In November 2017, we received an\nadditional $40.0 million in gross proceeds from the issuance and sale of our redeemable convertible Series B preferred stock.""}, {""type"": ""round_financing"", ""round"": ""Series A"", ""amount_m"": 15.0, ""sentence"": ""In October 2017, we received an additional\n$15.0\u00a0million in gross proceeds from the issuance and sale of our redeemable 94 Table of Contents convertible Series A preferred stock, or the Series A prefe""}, {""type"": ""round_financing"", ""round"": ""Series B"", ""amount_m"": 40.0, ""sentence"": ""In October 2017, we received an additional\n$15.0\u00a0million in gross proceeds from the issuance and sale of our redeemable 94 Table of Contents convertible Series A preferred stock, or the Series A prefe""}, {""type"": ""round_financing"", ""round"": ""Series A"", ""amount_m"": 4.5, ""sentence"": ""In August 2017, we issued and sold an additional 2,329,193 shares of our Series\u00a0A preferred stock at a\nprice per share of $1.932 in the second closing of our Series\u00a0A preferred stock financing, for a ""}, {""type"": ""round_financing"", ""round"": ""Series A"", ""amount_m"": 15.0, ""sentence"": ""155 Table of Contents In October 2017, we issued and sold an additional 7,763,975 shares of our Series A preferred\nstock at a price per share of $1.932 in the third and final closing of our Series A p""}, {""type"": ""round_financing"", ""round"": ""Series A"", ""amount_m"": 15.0, ""sentence"": ""Management believes currently available resources, which includes the $15.0\u00a0million in gross proceeds the Company received in connection with the October 2017 issuance of 7,763,975 shares of the\nCompa""}]",proceeds_phrasing+round_dollar,high,0001720580,"resTORbio, Inc."
53.2,"$53.2M (max single round, 2 rounds detected)",2,"[{""type"": ""round_financing"", ""round"": ""Series B"", ""amount_m"": 53.2, ""sentence"": ""During the year ended December\u00a031, 2016, net cash provided by\nfinancing activities was $53.2\u00a0million, consisting primarily of net proceeds of $40.6\u00a0million from the issuance of Series B convertible pr""}, {""type"": ""round_financing"", ""round"": ""Series A"", ""amount_m"": 8.0, ""sentence"": ""During the year ended December\u00a031, 2015, net cash provided by financing activities was $8.0\u00a0million, consisting of net proceeds of $8.0\u00a0million from the\nissuance of Series\u00a0A convertible preferred stoc""}, {""type"": ""round_financing"", ""round"": ""Series A"", ""amount_m"": 8.0, ""sentence"": ""The following table summarizes purchases of our Series A preferred stock by\nrelated persons: First 2016 Convertible Note Financing In January 2016, we entered into a convertible note purchase agreemen""}, {""type"": ""round_financing"", ""round"": ""Series A"", ""amount_m"": 17.3, ""sentence"": ""In the three years preceding the filing of this registration statement, we have issued the following securities that were not\nregistered under the Securities Act: (a) Issuances of Capital Stock In Mar""}, {""type"": ""round_financing"", ""round"": ""Series B"", ""amount_m"": 45.7, ""sentence"": ""In December 2016, we sold an aggregate of 46,962,784 shares of our Series B preferred stock to 11 investors for aggregate consideration of approximately $45.7 million,\nincluding investors converting n""}, {""type"": ""round_financing"", ""round"": ""Series A"", ""amount_m"": 17.3, ""sentence"": ""In March 2014, with subsequent closings in October 2014 and April 2015, we sold an aggregate of 17,565,679 shares of our Series A preferred stock to 10 investors for\naggregate consideration of approxi""}]",round_dollar,medium,0001604950,scPharmaceuticals Inc.
,,0,[],none,none,0001590560,uniQure BV
,,0,[],none,none,0001641489,vTv Therapeutics Inc
